yellow_ratio,brown_ratio,green_ratio,black_ratio,texture_roughness,mean_brightness,std_brightness,edge_density,hue_mean,saturation_mean,image_id,days_to_death
0.024113581730769232,0.002831453402366864,0.3649223372781065,0.012238812869822485,0.0013405182981552864,156.27043847078403,48.97724286167227,0.00848280325443787,83.08070220044378,68.57896865754438,musa-acuminata-freshunripe-19a372aa-2653-11ec-a55a-d8c4975e38aa_jpg.rf.2b2e52685e4ed4674a8de79ec846ed5f.jpg,12
0.019860623150887574,0.0009361131656804734,0.16315527921597633,0.0,0.0008064256592160167,212.0268872503698,28.13528821253603,0.009413137943786983,91.05707401072485,27.731768907174555,musa-acuminata-freshunripe-1ce55f89-2653-11ec-acce-d8c4975e38aa_jpg.rf.13de28d47e51ed4abd87f6cb911379b6.jpg,12
0.01890717455621302,0.0016006379437869822,0.27578356139053256,0.005258413461538462,0.16028528808431,177.50415472448225,48.3051296012442,0.26982017381656803,90.01975661057692,52.0012712647929,musa-acuminata-freshunripe-1d984b0e-2653-11ec-aacd-d8c4975e38aa_jpg.rf.306d9ea7e3e1b3da2faabdf342c0d6f9.jpg,12
0.013949241863905325,0.0012308154585798817,0.23919424926035504,0.12983080621301776,0.020161332668174086,155.03616170488166,74.01324080691471,0.013400286612426036,80.50828633505917,47.32555357803255,musa-acuminata-freshunripe-1e400bf6-2653-11ec-b2ac-d8c4975e38aa_jpg.rf.9abfe55a03a48aa98a462490714616e5.jpg,12
0.012568186020710059,0.0011730306952662721,0.25266965606508873,0.0009014423076923077,0.003379543027620363,185.21717825443787,44.18739600838965,0.009262897559171597,91.92974528476331,44.2135724852071,musa-acuminata-freshunripe-1e57db85-2653-11ec-802f-d8c4975e38aa_jpg.rf.133256b07ad985a5d5bce153aed4caf6.jpg,12
0.017861270340236688,0.0032070543639053256,0.3152563332100592,0.03701114090236687,0.013380873323905149,153.69812661797337,52.939575289621175,0.01434795673076923,87.43774269600591,67.28075882951184,musa-acuminata-freshunripe-1fca4f4c-2653-11ec-8999-d8c4975e38aa_jpg.rf.8156e9e82358523d973e817ee8102d78.jpg,12
0.017306536612426034,0.002311390532544379,0.31414686575443784,0.010383921967455622,0.0022347821981807303,158.66091323039942,46.80917882746725,0.008927745931952663,88.5274362056213,63.86168639053255,musa-acuminata-freshunripe-1fde7f1a-2653-11ec-864b-d8c4975e38aa_jpg.rf.e8580c6b3ed53dc203fde7b959b0324e.jpg,12
0.021455482618343194,0.0024616309171597633,0.3076634153106509,0.007136418269230769,0.0023491261788599256,165.518537352071,44.21659880476336,0.009054872411242603,88.81333210059172,57.737073548446745,musa-acuminata-freshunripe-203a7440-2653-11ec-9fb0-d8c4975e38aa_jpg.rf.c950d0bbe5ea0f0445d91a3bbf442afa.jpg,12
0.02221824149408284,0.003547984467455621,0.3072935928254438,0.0070266272189349116,0.0024443757368325307,166.47043731508876,43.437877187851406,0.0091588849852071,88.7356462647929,57.44040079511834,musa-acuminata-freshunripe-209055dd-2653-11ec-a69d-d8c4975e38aa-Copy_jpg.rf.043a595c5570d5191053ceda6d58c903.jpg,12
0.02270363350591716,0.003779123520710059,0.2978515625,0.008569480399408283,0.0027769461443350684,162.8911219489645,44.447374783414496,0.009251340606508876,89.15930681397928,60.08506495007396,musa-acuminata-freshunripe-2289e0e1-2653-11ec-88cc-d8c4975e38aa_jpg.rf.8160ec0c930d2bfb35913fc38a4a8606.jpg,12
0.030961076183431954,0.004374306582840237,0.25825166420118345,0.004605445636094675,0.0030726838514136276,172.4363731971154,44.24314792064452,0.011221801035502958,91.08904054178994,53.684206268491124,musa-acuminata-freshunripe-254b5ef1-2653-11ec-ad18-d8c4975e38aa_jpg.rf.696847263576d6a05d9da927bc820687.jpg,12
0.031452246671597635,0.004050711908284024,0.2577720506656805,0.004605445636094675,0.0030611099961700456,172.4385170118343,44.24016934896225,0.011077339127218935,90.96979012573965,53.68292922522189,musa-acuminata-freshunripe-254b5ef2-2653-11ec-9820-d8c4975e38aa_jpg.rf.0c8ba9a6ddda77d1d01513633ae7d16f.jpg,12
0.0346824149408284,0.004703679733727811,0.25609051405325445,0.0032243897928994083,0.0029669945650844316,178.125,42.201811072550605,0.01105422522189349,90.92032058986686,49.83149963017752,musa-acuminata-freshunripe-2552857b-2653-11ec-aae2-d8c4975e38aa-Copy_jpg.rf.321f318372392c9d251c76955f46f9e8.jpg,12
0.0197681675295858,0.0006298539201183432,0.22812268860946747,0.24132072855029585,0.016484001708171776,133.68546019785504,84.11620099496686,0.01201923076923077,71.89800411427515,47.067665957840234,musa-acuminata-freshunripe-25df24cf-2653-11ec-9860-d8c4975e38aa_jpg.rf.fdd2e9b5931095297e286721e24926d9.jpg,12
0.024113581730769232,0.003669332470414201,0.24105491863905326,0.005160179363905325,0.0026620105354038218,177.94882003513314,43.77603816894706,0.009129992603550297,95.15878097263314,51.230879021819526,musa-acuminata-freshunripe-2607ab8c-2653-11ec-89bb-d8c4975e38aa_jpg.rf.6c9371957132cce70ac27b138ae6c154.jpg,12
0.003056813979289941,0.0,0.3903302977071006,0.0,0.0008403979057165626,163.39855306952663,45.740627614281856,0.005160179363905325,85.68780625924556,67.02385355029585,musa-acuminata-freshunripe-26c655c0-2653-11ec-9a1c-d8c4975e38aa_jpg.rf.af26eaf2a1627e03ee561ae4c74380b3.jpg,12
0.01342917899408284,0.002086029955621302,0.24889631102071005,0.13810558431952663,0.014769100870030473,140.7623081545858,69.78891266319904,0.013336723372781065,81.71470506656804,57.29421112241124,musa-acuminata-freshunripe-26cb1a02-2653-11ec-99b2-d8c4975e38aa_jpg.rf.7d1bb8f40dad0a8f9367fb05ded3061a.jpg,12
0.01618551220414201,0.003016364644970414,0.3114772096893491,0.011088896079881656,0.0014095215850248547,159.63352903106508,48.280843038629634,0.008991309171597633,88.81573016826923,63.42586792714497,musa-acuminata-freshunripe-26de2b5e-2653-11ec-8ee8-d8c4975e38aa_jpg.rf.581123604f1a0c83f945e08416eba29a.jpg,12
0.010089219674556213,0.0,0.4091045673076923,0.0,0.001286308469832776,174.88030464127218,43.22647664922005,0.006171412721893491,83.54325767381657,61.45801359097633,musa-acuminata-freshunripe-273196c9-2653-11ec-bc93-d8c4975e38aa-Copy_jpg.rf.b9fd62c868d1a783e7e42c4ee1aa2e2d.jpg,12
0.027176174186390532,0.003461307322485207,0.2974817400147929,0.006385216346153846,0.0028787935488723475,176.52220668454143,46.28096680523767,0.009488258136094675,89.29742395525147,56.48625300480769,musa-acuminata-freshunripe-27365b06-2653-11ec-9d21-d8c4975e38aa-Copy_jpg.rf.75b059683f1b6b699e124da23253e6a1.jpg,12
0.0551613350591716,0.009262897559171597,0.4943948779585799,0.013232710798816568,0.00147657528347647,151.32806143676035,51.199986757358595,0.00811298076923077,72.59485946745562,83.72293361686391,musa-acuminata-freshunripe-279cd7ce-2653-11ec-a10b-d8c4975e38aa_jpg.rf.c649fd3694777062a6bbf5f2ec530779.jpg,12
0.03211099297337278,0.0011325813609467455,0.36199842825443784,0.0020224667159763313,0.0014081025792981332,173.10256795488166,47.43074486353186,0.007090190458579882,86.36124144785504,62.42827177329882,musa-acuminata-freshunripe-27a8c2a8-2653-11ec-845d-d8c4975e38aa_jpg.rf.51fcbd9912c833e517e5434525d3ac90.jpg,12
0.02008020525147929,0.002802561020710059,0.31407752403846156,0.007644924186390532,0.16616412846830803,168.83949704142012,49.101820628197586,0.2794760077662722,88.39183848002959,57.558495515902365,musa-acuminata-freshunripe-27f2a575-2653-11ec-b884-d8c4975e38aa_jpg.rf.f9168f30f4ae0f17c51bea6e9dee97e6.jpg,12
0.01580413276627219,0.00250208025147929,0.2801463110207101,0.19455551960059173,0.01613346453245596,126.78832285502959,74.62136765401897,0.01446352625739645,72.55736293454142,59.596309865014796,musa-acuminata-freshunripe-27f769c6-2653-11ec-8bd3-d8c4975e38aa_jpg.rf.b749077fc7688ed06f53d773958f26b6.jpg,12
0.022472494452662722,0.0031030417899408284,0.34767936390532544,0.15809333394970415,0.014172782422036982,134.0690585706361,72.6449496795766,0.013625647189349112,71.1335694803994,65.27914663461539,musa-acuminata-freshunripe-2848741d-2653-11ec-9675-d8c4975e38aa-Copy_jpg.rf.63c03a0c1d724881f1b2830fa1546b9e.jpg,12
0.02263429178994083,0.0036519970414201183,0.34793361686390534,0.009205112795857989,0.002368163086817815,162.78897582285504,49.042280005938814,0.00921089127218935,85.90103203587279,64.92034370377219,musa-acuminata-freshunripe-285de673-2653-11ec-ba0e-d8c4975e38aa_jpg.rf.6c30f20721a7da499553dc4fd0714727.jpg,12
0.022715190458579882,0.0037560096153846155,0.34703795303254437,0.009228226701183432,0.002358136821495193,162.78714404585799,49.043819774551956,0.0093958025147929,85.90463202662721,64.98181513498521,musa-acuminata-freshunripe-2862aab7-2653-11ec-ad13-d8c4975e38aa_jpg.rf.5e3d8c1b3254df9e00ae788b99aacb3c.jpg,12
0.0692608173076923,0.0008436575443786982,0.5496891179733728,0.0,0.0014870136817777735,153.04942908653845,40.21507834450965,0.005778476331360947,62.2235403568787,83.31241910133136,musa-acuminata-freshunripe-28e5c151-2653-11ec-b56a-d8c4975e38aa_jpg.rf.2327467845091f1218a1394a7d2ac6bd.jpg,12
0.020166882396449703,0.0036462185650887576,0.17060951368343194,0.0,0.0012730648157238554,214.67145317122782,26.775061750632148,0.009598049186390532,83.49113003883136,28.42084643121302,musa-acuminata-freshunripe-28f40e2c-2653-11ec-8a41-d8c4975e38aa_jpg.rf.ffec908ece07491d219caa7723804372.jpg,12
0.02647697855029586,0.0033168454142011835,0.23190181213017752,0.0035075351331360946,0.14474043625239616,191.55663484652368,46.11830831598586,0.24603018676035504,94.60899939903847,43.2586792714497,musa-acuminata-freshunripe-296b3a0b-2653-11ec-b6fc-d8c4975e38aa_jpg.rf.0c694ae3284c438bc7ec44b13ccd4a3e.jpg,12
0.05606277736686391,0.00610207100591716,0.5318047337278107,0.006269646819526627,0.001962309133643793,155.23087324334318,49.67384921491221,0.008950859837278106,68.81780464127219,83.45140301405326,musa-acuminata-freshunripe-296d9c3e-2653-11ec-813f-d8c4975e38aa_jpg.rf.35338f6c881ce1fd33314f2f1ad21fed.jpg,12
0.016590005547337278,0.0015486316568047338,0.15020571375739644,0.41725221893491127,0.024656430150514174,105.11937754252959,95.1788284690929,0.014573317307692308,57.40880408653846,35.921996348002956,musa-acuminata-freshunripe-296ffe54-2653-11ec-a6a7-d8c4975e38aa_jpg.rf.7a769ff135f2a01abfe971565b85fe79.jpg,12
0.02038646449704142,0.001987795857988166,0.11873035318047337,0.0,0.0010621498200068735,220.14430588942307,25.93897426312809,0.008159208579881656,93.9618216068787,22.612818971893493,musa-acuminata-freshunripe-297986eb-2653-11ec-b75a-d8c4975e38aa-Copy_jpg.rf.82149c11763db012d04609d38dc1f25a.jpg,12
0.10222702477810651,0.0006876386834319527,0.15247087647928995,0.002357618343195266,0.15987512402011753,189.49989598742604,44.16056248741809,0.2750785872781065,93.59954581176035,33.71613235022189,musa-acuminata-freshunripe-2aefb966-2653-11ec-bc72-d8c4975e38aa_jpg.rf.4361b35944d1624a196e28420b5c32f8.jpg,12
0.09138082470414201,0.0006009615384615385,0.13684587647928995,0.18618828587278108,0.017653400089795768,145.1094154493343,79.6420504025477,0.014503975591715977,74.439453125,33.4816475591716,musa-acuminata-freshunripe-2af47dda-2653-11ec-983e-d8c4975e38aa_jpg.rf.e8b550daed820d922c7117b330da00ac.jpg,12
0.13107895710059173,5.7784763313609464e-05,0.22341323039940827,0.22974066198224852,0.01660072230653625,134.44994105954143,83.22473365084954,0.010857757026627219,65.12597078402366,43.830511510724854,musa-acuminata-freshunripe-2bb0c7ed-2653-11ec-a092-d8c4975e38aa_jpg.rf.5d6a14f50fe67bca1cbc616be0d290a7.jpg,12
0.1415553346893491,2.3113905325443786e-05,0.258020525147929,0.0006240754437869823,0.15785875698236318,184.62536404400888,45.23502483393032,0.27248405140532544,85.4693220691568,46.77033445821006,musa-acuminata-freshunripe-2bc178d5-2653-11ec-97cf-d8c4975e38aa_jpg.rf.5f1228c9e6978328714552f5d3366a07.jpg,12
0.13280672152366865,2.3113905325443786e-05,0.24192746856508876,0.147668962647929,0.018171878304856653,147.21772720968934,73.92628721587818,0.012909116124260355,71.13317654400888,47.58092178254438,musa-acuminata-freshunripe-2bc63b50-2653-11ec-bda4-d8c4975e38aa_jpg.rf.dcf46f8ea5464e2d5854667158f3c1c1.jpg,12
0.17619152181952663,0.0,0.2998624722633136,0.0,0.0008589739512906372,174.61290564903845,44.91112041231453,0.0032128328402366863,84.5582817122781,55.76945035133136,musa-acuminata-freshunripe-2bd2262e-2653-11ec-aa4d-d8c4975e38aa_jpg.rf.b2a10525b7b9656336758f025b83e6de.jpg,12
0.007361778846153846,0.0,0.2567897096893491,1.1556952662721893e-05,0.0009192977992223051,183.6978030232988,52.733915911584255,0.006951507026627219,89.8231670673077,47.75903753698225,musa-acuminata-freshunripe-2cf74f64-2653-11ec-a785-d8c4975e38aa_jpg.rf.752fdb7bce3b095e76f76f712d56c847.jpg,12
0.0018375554733727811,0.0,0.30977255917159763,0.18322970599112426,0.019795316643686688,140.12198363535504,79.85895303061399,0.014249722633136095,61.064089080991124,55.27710105399408,musa-acuminata-freshunripe-2d629057-2653-11ec-b726-d8c4975e38aa_jpg.rf.b9ed80388e64feb8943812dd78b7209c.jpg,12
0.04513567862426036,1.733542899408284e-05,0.3247677052514793,0.16862749630177515,0.017613189387986783,142.72260424371302,76.92199205277352,0.011955667529585799,58.20719304733728,54.95812338202663,musa-acuminata-freshunripe-2e108ef7-2653-11ec-9144-d8c4975e38aa_jpg.rf.90ee1fdae337b2814e1fb021ba7bae03.jpg,12
0.06800688794378698,0.0,0.49605907914201186,0.0,0.0010338820094166715,161.11998428254438,45.47619372963296,0.004160502958579882,63.15203749075444,81.90604775332841,musa-acuminata-freshunripe-2e2f8997-2653-11ec-9640-d8c4975e38aa_jpg.rf.eab3ca02c21f3b06a47bcb5816a08ecb.jpg,12
0.058310604659763315,0.0,0.4589901534763314,0.0,0.0009723060550477998,167.26353897004438,47.955314694860334,0.005160179363905325,67.92352186575444,75.70829673631657,musa-acuminata-freshunripe-2ee24b53-2653-11ec-88f9-d8c4975e38aa_jpg.rf.d1fdf997a2830810e233cb7cfbbc42c3.jpg,12
0.04744706915680473,0.0,0.32687107063609466,0.0,0.0014613332734555908,177.5504460983728,45.1362778951165,0.0054722170857988165,76.31815712832841,55.51671713202663,musa-acuminata-freshunripe-2ef09878-2653-11ec-9237-d8c4975e38aa_jpg.rf.18d502f6e90c33d218958f4151da6581.jpg,12
0.04562107063609468,0.0,0.32644924186390534,0.0,0.0014679467513870866,177.55070035133136,45.13918209992745,0.005402875369822485,76.51348118528107,55.50128860022189,musa-acuminata-freshunripe-2ef09879-2653-11ec-b645-d8c4975e38aa_jpg.rf.2061d2e4c3dc26468cb69e532e53b04a.jpg,12
0.04590999445266272,0.0,0.5035942122781065,0.0,0.0008620945295321375,161.90638868343194,48.74307277397249,0.003368851701183432,66.4489991678994,82.79847563794378,musa-acuminata-freshunripe-2f950cfb-2653-11ec-8341-d8c4975e38aa_jpg.rf.db2b55d7cfc2affad3a4e64289c543c9.jpg,12
0.023154354659763312,0.0,0.27905417899408286,0.020247781065088757,0.018672524444309214,176.44214011649407,54.663311358600325,0.010227903106508876,79.33866494082841,51.97758529031065,musa-acuminata-freshunripe-2fed3d02-2653-11ec-8c26-d8c4975e38aa_jpg.rf.4ef7c42f29c47c09a71b2a88b3a8617c.jpg,12
0.024437176405325445,0.0,0.27949334319526625,0.0,0.0013037443243886682,180.8709088387574,48.74124165698129,0.005327755177514793,81.91487726516272,51.185049926035504,musa-acuminata-freshunripe-2fef9ede-2653-11ec-992f-d8c4975e38aa_jpg.rf.902b262701c873a82a3ad9a62f58b059.jpg,12
0.014729336168639053,0.0,0.2970541327662722,0.0,0.0009761727903850989,181.47760840421597,50.27400623434446,0.005686020710059172,70.80603966346153,54.10141225961539,musa-acuminata-freshunripe-31957c73-2653-11ec-a526-d8c4975e38aa-Copy_jpg.rf.26c48fec7137a61da7fc7200a6b386b5.jpg,12
0.016798030695266274,0.0,0.31842293823964496,0.0,0.0007772228554673256,179.87852487056213,51.1047075219555,0.005385539940828402,71.18949357433432,57.81116517196745,musa-acuminata-freshunripe-319f0516-2653-11ec-98a6-d8c4975e38aa_jpg.rf.35e68a93d70f262acbc6450a9978ee57.jpg,12
0.002155371671597633,0.0,0.24890786797337278,0.2012758875739645,0.018061245503897577,142.68168685281066,85.14618902627073,0.011117788461538462,65.32702708949704,46.15354567307692,musa-acuminata-freshunripe-320a4638-2653-11ec-9846-d8c4975e38aa_jpg.rf.65c5f80c8b8730739717273a3782df2b.jpg,12
0.0013579419378698225,0.0,0.2640532544378698,4.044933431952663e-05,0.12965606052102774,192.50808408838756,51.03629623593952,0.2158780972633136,77.90572415865384,44.56189903846154,musa-acuminata-freshunripe-32189307-2653-11ec-8e7a-d8c4975e38aa-Copy_jpg.rf.24593dfd869c4435a013366652d3f835.jpg,12
0.1358750924556213,0.0,0.22126941568047337,0.0,0.00033328604250243725,220.39277459319527,28.734340619494574,0.003883136094674556,52.78688979289941,26.39008182322485,musa-acuminata-freshunripe-32247de0-2653-11ec-a312-d8c4975e38aa-Copy_jpg.rf.268a3875690471a112078e10d72e4263.jpg,12
0.15559125369822485,0.0,0.2555646727071006,0.0,0.00038757858727810654,214.4078333025148,29.79232795915603,0.006119406434911242,46.3094605214497,31.108849158653847,musa-acuminata-freshunripe-341dc6ef-2653-11ec-9d7a-d8c4975e38aa_jpg.rf.f65745da86baffb3a112e1592848b53e.jpg,12
0.11760932877218935,0.0,0.2747492141272189,0.0,0.0004720177189859122,216.0947265625,27.847406597365456,0.005414432322485207,60.77135147004438,31.433079465606507,musa-acuminata-freshunripe-34c9646b-2653-11ec-be19-d8c4975e38aa_jpg.rf.736ace27fc5bfadf7a82b3c57cf8b434.jpg,12
0.0031897189349112424,0.0,0.32690574149408286,0.0,0.0011556958420328983,180.95280140532543,47.29612778846747,0.005876710428994083,76.32954072670118,55.50369244637574,musa-acuminata-freshunripe-34cbc552-2653-11ec-97f0-d8c4975e38aa_jpg.rf.80cac737bf4dc00035480533f7545a08.jpg,12
0.06580528846153846,5.778476331360947e-06,0.22071468195266272,0.22172013683431951,0.02043273387604211,137.25910687869822,86.85650596429639,0.011493389423076924,56.15110137758876,44.64831037352071,musa-acuminata-freshunripe-369eeaa8-2653-11ec-a52b-d8c4975e38aa_jpg.rf.97ce4e1c7a7e5fa62637e803eb41a083.jpg,12
0.12123821190828403,0.0,0.18920465051775148,0.0,0.0007548897219757704,216.67440019415682,30.91864847878979,0.006986177884615385,27.192186344304734,25.85360230214497,musa-acuminata-freshunripe-36b9239c-2653-11ec-855b-d8c4975e38aa_jpg.rf.792433cd5eba888add23c84511201474.jpg,12
0.047568417159763315,0.0005027274408284023,0.2689245099852071,0.07415518676035503,0.015849840007391446,159.10177630362426,68.7174216119529,0.012660641642011835,78.3705216808432,57.149598973742606,musa-acuminata-freshunripe-3876d585-2653-11ec-83fa-d8c4975e38aa-Copy_jpg.rf.95b8b2f2102e40dfc7fd94067f664c0f.jpg,12
0.0471408099112426,3.467085798816568e-05,0.2979671320266272,0.2001953125,0.019881849194628147,135.85214034763314,85.66634678545223,0.013452292899408283,62.988246579142015,57.126814441568044,musa-acuminata-freshunripe-399e60df-2653-11ec-aac3-d8c4975e38aa_jpg.rf.d53d139b1e74c91fcb0a0d18b0d88887.jpg,12
0.046851886094674555,4.044933431952663e-05,0.27634407359467456,0.0,0.00104112830525841,213.89065389238166,33.12612967012177,0.0074484559911242604,67.40573571560651,29.969888359837277,musa-acuminata-freshunripe-39b898b1-2653-11ec-bcde-d8c4975e38aa_jpg.rf.e15c839e3e7d2e52d889d9531ffa321a.jpg,12
0.05227787536982249,0.0001964681952662722,0.3090964774408284,0.0004622781065088757,0.0024203101421161337,178.37345714681953,54.78247811323047,0.008326784393491124,79.37858265532545,54.44660110022189,musa-acuminata-freshunripe-39bafaf1-2653-11ec-9d43-d8c4975e38aa_jpg.rf.d155dcc5ce471c9e0b235e0e2be40465.jpg,12
0.06445890347633136,0.00024847448224852073,0.42398414386094674,0.00659324149408284,0.001827662288157163,161.05594720784023,61.138769813975614,0.00871972078402367,71.19641041050296,78.95793847078403,musa-acuminata-freshunripe-39bd5cf5-2653-11ec-a760-d8c4975e38aa_jpg.rf.ace8b68d7457e8fa4d2e9e561b1229af.jpg,12
0.05083325628698225,1.1556952662721893e-05,0.32186113165680474,0.004235623150887574,0.0026068555091902524,164.3321583764793,51.42156645532106,0.008378790680473373,77.77081407174556,59.26369498890533,musa-acuminata-freshunripe-3a9d6783-2653-11ec-803f-d8c4975e38aa_jpg.rf.94bd833968c9a458fa8b2309817a60f4.jpg,12
0.056842871671597635,0.0,0.3240974019970414,5.200628698224852e-05,0.0024263324747566067,172.22028707470415,48.8907456717897,0.00866771449704142,80.59477279031066,55.46280394785503,musa-acuminata-freshunripe-3b207e26-2653-11ec-b0f9-d8c4975e38aa_jpg.rf.31bae0b353515e05f5e14de70d2bcf5e.jpg,12
0.07567492603550297,0.0,0.48745492788461536,0.001207701553254438,0.0009570112905224842,147.25352487056213,56.22998374398295,0.005454881656804734,62.51105422522189,91.9151315181213,musa-acuminata-freshunripe-3baabb38-2653-11ec-ad44-d8c4975e38aa_jpg.rf.c0292202bbbc726d2ad4d487c5be4a4f.jpg,12
0.06497896634615384,2.3113905325443786e-05,0.2964127218934911,0.005582008136094675,0.0018934339199090872,165.38941729844674,54.27201753323807,0.007460012943786982,69.9763024685651,59.96231277736686,musa-acuminata-freshunripe-3baf7f86-2653-11ec-9fe7-d8c4975e38aa_jpg.rf.5ac3437682e668c33567f774fafcb1dc.jpg,12
0.07237541605029586,1.733542899408284e-05,0.3013590976331361,0.0013752773668639054,0.001746124932211757,171.15064487795857,51.770044845155525,0.007402228180473373,68.00564557137574,56.56777574889053,musa-acuminata-freshunripe-3bb90809-2653-11ec-a87d-d8c4975e38aa_jpg.rf.a50bacee1f6b287ac674c44f99b96f77.jpg,12
0.0006703032544378698,0.0,0.5358207747781065,0.0,0.0007378272235287092,151.24311205621302,42.81366949969207,0.003946699334319527,72.78098419008876,79.5801532451923,musa-acuminata-freshunripe-62260e9a-1d0a-11ec-b1d1-d8c4975e38aa-Copy_jpg.rf.a46f5e413782f5f9cdcdd2e1b4c38108.jpg,12
0.013198039940828403,0.002392289201183432,0.30183871116863903,0.012007673816568048,0.0016905359856066696,160.7470298631657,46.984866283502996,0.008633043639053255,88.69675711908285,60.72342478735207,musa-acuminata-freshunripe-624a3116-1d0a-11ec-8f1d-d8c4975e38aa-Copy_jpg.rf.aca2c282712e90f94f4fccb99799964e.jpg,12
0.022258690828402365,0.0029239090236686392,0.303358450443787,0.01677491678994083,0.020017381032463765,162.99041350776628,49.457161032687125,0.01336561575443787,88.89627634985207,60.28806860207101,musa-acuminata-freshunripe-63487ec0-1d0a-11ec-a802-d8c4975e38aa-Copy_jpg.rf.149b465f01693e84031e8fae7d14bd43.jpg,12
0.07106948039940829,0.0018664478550295858,0.24806421042899407,0.02483589127218935,0.020376468021053838,179.66963295118344,54.335966011290054,0.013533191568047337,87.40822046042899,46.81114783653846,musa-acuminata-freshunripe-63e45b3a-1d0a-11ec-aabb-d8c4975e38aa_jpg.rf.66f2e6392627f4ace5dc18d946ca59e1.jpg,12
0.009407359467455622,0.00027736686390532545,0.2902181952662722,0.002086029955621302,0.14969346915958584,184.44120978180473,49.34982071517594,0.25943625184911245,90.77887504622781,49.97795511279586,musa-acuminata-freshunripe-649f44fe-1d0a-11ec-9399-d8c4975e38aa-Copy_jpg.rf.1cf5d56356ddc42bf3df6ef4d6702420.jpg,12
0.007442677514792899,0.00017913276627218934,0.1927237426035503,0.3948721801035503,0.02342190513611842,104.54414178069527,92.33958160605587,0.014677329881656804,57.200715375369825,42.29391642011834,musa-acuminata-freshunripe-64a426ff-1d0a-11ec-aea5-d8c4975e38aa_jpg.rf.60e01400f4736d595f866a12dcb406be.jpg,12
0.011637851331360947,0.0003582655325443787,0.2919517381656805,0.003686667899408284,0.0021523176747023534,175.3064383783284,48.94914390601335,0.009673169378698224,91.42425573224853,56.13347702477811,musa-acuminata-freshunripe-64aa8ffa-1d0a-11ec-9754-d8c4975e38aa_jpg.rf.06b36212bd18c48587532e6d31eedf5f.jpg,12
0.0,5.200628698224852e-05,0.17048238720414202,0.0,0.0009458117580978124,216.06267913276628,28.370959474925574,0.007379114275147929,91.15080667529585,27.20295164571006,musa-acuminata-freshunripe-64ae85cf-1d0a-11ec-b62f-d8c4975e38aa_jpg.rf.939d5db3db5e33e06444bf5019e3a386.jpg,12
0.0030857063609467457,0.0,0.36079072670118345,1.733542899408284e-05,0.0014582210378725987,173.72974644045857,48.767426163468365,0.007379114275147929,87.42525540865384,60.73507997411242,musa-acuminata-freshunripe-6545e05b-1d0a-11ec-b02a-d8c4975e38aa-Copy_jpg.rf.a5bb0868c708b91f8c17c3dfe6d21d30.jpg,12
0.007546690088757396,6.356323964497041e-05,0.21453749075443787,0.2096488997781065,0.018984119811671932,139.08099112426035,82.76454242533406,0.01398391272189349,76.98931559726331,48.60209989829882,musa-acuminata-freshunripe-65d7b2c8-1d0a-11ec-95c6-d8c4975e38aa_jpg.rf.5c0c1162a0fa6a45dffa0e72139fd05d.jpg,12
0.0,1.1556952662721893e-05,0.1414397651627219,0.0,0.0010229183081222229,217.75397559171597,27.715758556800175,0.00756980399408284,95.69685535318047,24.66702685835799,musa-acuminata-freshunripe-65df679c-1d0a-11ec-8807-d8c4975e38aa_jpg.rf.2568c6e5b3b6fcc7f66cc5c0d0af9c77.jpg,12
0.017306536612426034,0.0025887573964497044,0.12833995931952663,0.0,0.0012493106047707547,216.9836931397929,25.389878941251354,0.008332562869822485,92.91054918639053,25.18592825443787,musa-acuminata-freshunripe-66439767-1d0a-11ec-84a6-d8c4975e38aa_jpg.rf.9235b6ba289b7a58912d6a17ad3f1238.jpg,12
0.03199542344674556,0.003952477810650888,0.2528372318786982,0.002814117973372781,0.0025683943637883834,181.4231636002219,42.17677229827466,0.010389700443786983,92.98460613905326,49.27016110392012,musa-acuminata-freshunripe-66460859-1d0a-11ec-bb20-d8c4975e38aa_jpg.rf.526398514f8564b4b2aea71537eca896.jpg,12
0.03612703402366864,0.004842363165680473,0.364610299556213,0.009060650887573964,0.0018914532032422307,166.24438909948225,49.3371646622877,0.009557599852071006,84.08738211908285,65.5451819064349,musa-acuminata-freshunripe-66a84d00-1d0a-11ec-a5a9-d8c4975e38aa_jpg.rf.e25a18c6d803c56fdf8df4d3f3c188d7.jpg,12
0.01678647374260355,0.0030105861686390532,0.14934472078402367,0.0,0.0014080562742579273,215.12083371856508,25.870176699675685,0.008985530695266272,86.79803069526628,26.89407475036982,musa-acuminata-freshunripe-67cdb8ea-1d0a-11ec-86a9-d8c4975e38aa_jpg.rf.141f9fb6ec4e9fa78145637a293769ba.jpg,12
0.036155926405325445,0.004229844674556213,0.2908942769970414,0.0031723835059171597,0.0030781462233689543,178.2989379160503,43.17749985674685,0.011198687130177515,88.55364159578403,52.4452200443787,musa-acuminata-freshunripe-67d029fe-1d0a-11ec-9aaf-d8c4975e38aa_jpg.rf.3ea40979f83cedf0ccc9f4d9cbbb4cd4.jpg,12
0.02759222448224852,0.003813794378698225,0.27117811575443784,0.003975591715976332,0.0030274569822782683,176.2000277366864,44.2746482182671,0.0101354474852071,92.70640717455622,53.50983496671598,musa-acuminata-freshunripe-681fb712-1d0a-11ec-ac1f-d8c4975e38aa_jpg.rf.c6a53618d987bd1df98612f0021b9bb7.jpg,12
0.03203587278106509,0.0039004715236686392,0.269323224852071,0.002357618343195266,0.0028344997868267937,181.70484698594674,42.14594821007943,0.010210567677514793,92.53358450443787,49.6613350591716,musa-acuminata-freshunripe-68261f97-1d0a-11ec-b6ae-d8c4975e38aa_jpg.rf.22a719dd589fc20cba149df7eac91f16.jpg,12
0.03247503698224852,0.003923585428994083,0.32028938609467456,0.0049463757396449705,0.002114155414193699,172.7595633783284,46.67990296273148,0.009418916420118344,88.45433270155326,58.83503605769231,musa-acuminata-freshunripe-6828ce9b-1d0a-11ec-a5a3-d8c4975e38aa-Copy_jpg.rf.8879ca74f6ee1c3392419d4da92b4ff2.jpg,12
0.0377161150147929,0.004807692307692308,0.31299694896449703,0.005212185650887574,0.003292669777930116,172.7276488535503,46.85673001608747,0.011452940088757397,85.27433316383136,57.98486039201183,musa-acuminata-freshunripe-68817869-1d0a-11ec-a794-d8c4975e38aa_jpg.rf.a36c5c90db521b44fe4fcad78113dd24.jpg,12
0.013267381656804734,0.001750878328402367,0.11295765532544379,0.0,0.0011017774549920804,219.81412953032543,25.921023328793293,0.007731601331360947,94.8324184079142,23.6640625,musa-acuminata-freshunripe-68da781a-1d0a-11ec-ad64-d8c4975e38aa_jpg.rf.afca572c581cf33f9a77ff1ac9db2446.jpg,12
0.1509222448224852,0.002045580621301775,0.13547059911242604,0.0,0.0011114217352347065,215.49144207655326,27.463811681825714,0.007725822855029586,19.06385216346154,24.67685604659763,musa-acuminata-freshunripe-692e4fe6-1d0a-11ec-afed-d8c4975e38aa_jpg.rf.4f169ec4cb9b07c419644c5e42a1aece.jpg,12
0.12103018676035503,0.0003813794378698225,0.21205274593195267,0.0027332193047337277,0.002170226965714877,173.50921089127218,44.84892143847214,0.008164987056213017,75.75444364829882,46.60686136279586,musa-acuminata-freshunripe-69810752-1d0a-11ec-983a-d8c4975e38aa_jpg.rf.0cef066cf105b7aeba16d09517f85497.jpg,12
0.19188586353550297,0.0004911704881656805,0.3377981693786982,0.0011383598372781065,0.0012866917965145934,166.15806444156806,49.50280010653426,0.0061482988165680475,76.31037352071006,70.03177584134616,musa-acuminata-freshunripe-6988b07a-1d0a-11ec-b432-d8c4975e38aa-Copy_jpg.rf.3f5cb50e11c15b0d784be976798a6777.jpg,12
0.1638255824704142,0.0002715883875739645,0.2886753420857988,0.0013752773668639054,0.001230232349463335,168.3275355954142,47.637489009362874,0.007974297337278106,79.81234975961539,61.936754576553255,musa-acuminata-freshunripe-69dd7f0f-1d0a-11ec-9842-d8c4975e38aa_jpg.rf.201c3406906e223cc99480da5cbddaef.jpg,12
0.08605306952662722,0.00025425295857988165,0.15014215051775148,0.3253224389792899,0.01971315661070373,115.86496856508876,88.16988589015882,0.013590976331360947,54.878339959319526,35.41937291974852,musa-acuminata-freshunripe-69e05d02-1d0a-11ec-91ad-d8c4975e38aa_jpg.rf.d9ba032b1b6c2cec791140e49bd1359d.jpg,12
0.14140509430473372,2.8892381656804732e-05,0.2702708949704142,0.000993897928994083,0.000942353842972265,173.3677942400148,44.574677792837186,0.006460336538461538,83.22241355399409,53.58214681952663,musa-acuminata-freshunripe-69ea7cc6-1d0a-11ec-8574-d8c4975e38aa_jpg.rf.e75ade8ab1770ab463ef2ab4310e78c9.jpg,12
0.15555080436390534,0.00021958210059171599,0.2638510077662722,0.0010921320266272189,0.1623338047711164,178.5376063239645,45.39821731129147,0.28208787906804733,75.91419540495562,49.596801035502956,musa-acuminata-freshunripe-6a4a923b-1d0a-11ec-88b2-d8c4975e38aa_jpg.rf.03ab95032ee01586ac272d1639b553a7.jpg,12
0.1539848372781065,0.00028892381656804735,0.26694827107988167,0.0015428531804733729,0.0017505818106890146,168.8832689996302,44.27482552667556,0.009609606139053255,76.35846777921597,53.442504160502956,musa-acuminata-freshunripe-6a53fe0e-1d0a-11ec-a2c3-d8c4975e38aa_jpg.rf.7d75c67ce21c3b8e7bb418e6f1216409.jpg,12
0.18888105584319526,0.0002369175295857988,0.32398761094674555,0.0012828217455621302,0.0010418927463654239,165.33589127218934,46.06704649168936,0.008257442677514793,74.16810165495562,63.596223187869825,musa-acuminata-freshunripe-6a5ef92d-1d0a-11ec-bdff-d8c4975e38aa_jpg.rf.df97ba48f345ed47e95d23db622105c1.jpg,12
0.009164663461538462,0.0,0.3082528198964497,0.20110253328402367,0.02165149507635444,141.40028661242604,83.59831612348808,0.010476377588757397,60.93426405325444,53.90824357433432,musa-acuminata-freshunripe-6aa2da25-1d0a-11ec-806e-d8c4975e38aa_jpg.rf.81b2fac0bc30bc6c1f17f529f40cfbf5.jpg,12
0.00665102625739645,0.0,0.32267589681952663,0.0,0.13666016651500962,190.01079419378698,47.922900145311026,0.2223153198964497,76.90082978920118,51.50789917714497,musa-acuminata-freshunripe-6ab7eeb9-1d0a-11ec-8fe8-d8c4975e38aa_jpg.rf.494e3926f96562a1a5782832af0f3817.jpg,12
0.11361062315088757,0.0,0.2291512573964497,0.0,0.00047682137552594394,219.4276245839497,26.029257244025054,0.003940920857988165,70.8880073502219,29.485380454881657,musa-acuminata-freshunripe-6ac33c46-1d0a-11ec-bc21-d8c4975e38aa_jpg.rf.1b7af20eed7186f62d2b9fdb94d84547.jpg,12
0.009800295857988165,0.0,0.45122388128698226,0.0,0.0009560734793951287,167.81299117048817,49.2848186362716,0.003588433801775148,67.53031388683432,76.46954742973372,musa-acuminata-freshunripe-6ac77a7e-1d0a-11ec-af4b-d8c4975e38aa_jpg.rf.693ea1377b4d87947d28452e5431b890.jpg,12
0.005113951553254438,0.0,0.26961214866863903,0.0,0.0010233124155944971,184.35662444526628,53.220406008364186,0.006090514053254438,83.30530579696746,51.38845807137574,musa-acuminata-freshunripe-6b1c99c9-1d0a-11ec-8170-d8c4975e38aa_jpg.rf.b1003afc75973a05646da49d45459541.jpg,12
0.008771727071005916,0.0,0.2650471523668639,0.0,0.0009294867343534621,189.02560442862426,50.39740137208044,0.005957609097633136,80.46694711538461,48.621463572485204,musa-acuminata-freshunripe-6b22b44f-1d0a-11ec-8bf8-d8c4975e38aa_jpg.rf.149a33bb437932441ae258ce21bebf67.jpg,12
0.008222771819526627,0.0,0.3964901534763314,0.0,0.0006418411848671208,172.32300526997042,57.05341901396313,0.0051197300295857985,75.61064048631657,73.88563239644971,musa-acuminata-freshunripe-6b256cd2-1d0a-11ec-bf1b-d8c4975e38aa_jpg.rf.85a3ad672df5ff7674f174ff7ea7ae5a.jpg,12
0.0007743158284023669,0.0,0.252513637204142,0.2568763868343195,0.025983658850548222,133.16606763128698,88.44573817605179,0.01251617973372781,58.38514122596154,45.240425064718934,musa-acuminata-freshunripe-6b68d1d1-1d0a-11ec-a45a-d8c4975e38aa_jpg.rf.eb7baeece922a67e797a2167e79af45d.jpg,12
0.11555219119822485,0.0,0.2099898298816568,0.0,0.0004277655717066984,220.41138706545857,25.564473718020107,0.0038542437130177514,69.87547383505917,27.967594304733726,musa-acuminata-freshunripe-6b6eeeb4-1d0a-11ec-b6a2-d8c4975e38aa_jpg.rf.0993722edaa4961356a627dd50377860.jpg,12
0.046666974852071004,0.0,0.3057680750739645,0.0,0.0016986841543870856,177.24197369637574,45.678122466212685,0.0056975776627218935,76.94724828957101,52.538317076553255,musa-acuminata-freshunripe-6becefec-1d0a-11ec-9ba7-d8c4975e38aa_jpg.rf.9e18a1e9d16fb0a153d725dd45ca3538.jpg,12
0.09161196375739646,0.0,0.40733635355029585,0.0,0.0009327239893768389,170.70630316198225,50.22771823241862,0.00390625,70.93345506656804,70.47206106693787,musa-acuminata-freshunripe-6c6f8745-1d0a-11ec-87b8-d8c4975e38aa_jpg.rf.9912f701deb22e4afd73fb756689f6d6.jpg,12
0.0012886002218934912,0.0,0.27151904585798814,0.00023113905325443786,0.13519692923848792,189.37357271634616,52.45347959915632,0.2173747226331361,65.91225961538461,46.407168777736686,musa-acuminata-freshunripe-6cc0d60b-1d0a-11ec-93d7-d8c4975e38aa_jpg.rf.2e168cb69214351fd8e4db62d7fedd64.jpg,12
0.004472540680473373,0.0,0.2729289940828402,0.0,0.0008179854737631697,185.88306675295857,50.27242800242721,0.006263868343195266,68.27149015347634,48.27140347633136,musa-acuminata-freshunripe-6ce23886-1d0a-11ec-ad59-d8c4975e38aa_jpg.rf.a443f162624f61083f055f9ec1116eaf.jpg,12
0.003276396079881657,0.0,0.2918708394970414,0.0,0.0010470052473560351,181.09002288276628,52.94806664113483,0.0068243805473372785,73.7186748798077,54.17226793639053,musa-acuminata-freshunripe-6d3c52a0-1d0a-11ec-be7c-d8c4975e38aa_jpg.rf.ae9cd20f4dc00e869744d494aa41095c.jpg,12
0.15696075258875739,0.0,0.24691429363905326,0.0,0.0004126112865536017,218.5784543731509,29.4744491296135,0.005963387573964497,50.373925203402365,29.567411704881657,musa-acuminata-freshunripe-6d4134b0-1d0a-11ec-bdc2-d8c4975e38aa_jpg.rf.cf216a72eb1dea28cf5ffccc5c34675b.jpg,12
0.015538322855029586,0.0,0.45063447670118345,0.0,0.0009650719132628252,169.53778545673077,49.61701562386661,0.003605769230769231,66.53613859097634,77.11065782174556,musa-acuminata-freshunripe-6e039ee8-1d0a-11ec-acb6-d8c4975e38aa_jpg.rf.4a61d6e226e64f6ba4343559a04e3d1d.jpg,12
0.11157082100591716,0.0,0.47250023113905326,0.0,0.0009300358659884438,157.65479960244082,50.889117234183814,0.006206083579881657,66.61936598557692,88.52558709319527,musa-acuminata-freshunripe-6e54a4a9-1d0a-11ec-bd49-d8c4975e38aa_jpg.rf.6568e713769e47a58602159fad3ab573.jpg,12
0.038426867603550297,1.733542899408284e-05,0.17267820821005916,0.39668662167159763,0.02632830527448749,104.47435512204142,94.52919496238157,0.013897235576923076,47.85505269970414,36.496082193047336,musa-acuminata-freshunripe-6e58a6e4-1d0a-11ec-9e7b-d8c4975e38aa_jpg.rf.1776a98eb62aa9c1db4485c7784e519f.jpg,12
0.05676197300295858,0.0,0.2595980491863905,0.0034150795118343194,0.0018193266355074368,176.12943209134616,54.534141895446645,0.008274778106508876,81.65935882026628,52.723268768491124,musa-acuminata-freshunripe-6e5b180c-1d0a-11ec-ad2e-d8c4975e38aa_jpg.rf.3d39599dd585fe9afcb266846c12bd18.jpg,12
0.05997480584319527,0.0,0.2686702570266272,0.003657775517751479,0.00184568751573788,175.6187708025148,54.40805106436867,0.008390347633136095,79.1724644045858,54.31322808801775,musa-acuminata-freshunripe-6ed2c8c2-1d0a-11ec-a829-d8c4975e38aa_jpg.rf.a7e93c4b507fd0edef702a4bf6526920.jpg,12
0.0800492326183432,0.0,0.4192457932692308,0.0,0.0009530012654772344,162.15641179733728,55.324508119989076,0.007113304363905325,68.27504969489645,78.43162906804734,musa-acuminata-freshunripe-6eddc53d-1d0a-11ec-90ff-d8c4975e38aa_jpg.rf.1636ff4d44a6c8cd24190bb62b87b32a.jpg,12
0.05652505547337278,0.0,0.27710105399408286,0.002704326923076923,0.13728937075956416,181.66591161242604,54.378075621725245,0.2330286150147929,77.60779169748521,51.364067122781066,musa-acuminata-freshunripe-6f27aa94-1d0a-11ec-a3c1-d8c4975e38aa_jpg.rf.14660ace09a435e4a456cf6826098701.jpg,12
0.06182391826923077,0.0,0.2762342825443787,0.0013174926035502959,0.0018888989691164834,178.34853457840237,52.28629954559154,0.009384245562130177,77.17830066568047,53.48925203402367,musa-acuminata-freshunripe-6f356a93-1d0a-11ec-80b0-d8c4975e38aa_jpg.rf.3215f690377958f7e5433662e41a4b1c.jpg,12
0.06434333394970414,2.3113905325443786e-05,0.26585613905325445,0.0062234190088757396,0.002145897265443248,174.61398622411244,53.89388892812911,0.010175896819526627,73.2373971431213,56.073785364275146,musa-acuminata-freshunripe-6f937c1e-1d0a-11ec-9f7a-d8c4975e38aa_jpg.rf.fe14250a3e02f7aec9a9c8594f1bdffa.jpg,12
0.06986177884615384,2.3113905325443786e-05,0.2664339866863905,0.0013290495562130178,0.001978268868163297,179.8464774408284,51.28370912605866,0.010216346153846154,71.51103111131657,52.82195936575444,musa-acuminata-freshunripe-6f98b58a-1d0a-11ec-be11-d8c4975e38aa_jpg.rf.2dcb478b10c095f6808c2cdc7f8551f5.jpg,12
0.07005246856508876,5.778476331360947e-06,0.27643652921597633,0.0029239090236686392,0.14097250855349924,185.11018976516272,52.3112390641799,0.23208672337278108,74.60149315828403,52.580731092825445,musa-acuminata-freshunripe-6feef4b5-1d0a-11ec-be79-d8c4975e38aa_jpg.rf.9c5ce6a7834e362b7cbcc404587ad569.jpg,12
0.05877866124260355,0.0,0.6064279770710059,0.0,0.0007866985191588834,150.64252611871302,48.159925621238315,0.005605122041420118,51.58316383136095,102.35925365199704,musa-acuminata-freshunripe-6ff165b9-1d0a-11ec-83ed-d8c4975e38aa_jpg.rf.bb150b81150be0ec9ae3266c5a4aa2e2.jpg,12
0.13496209319526628,0.0,0.20174394415680474,0.0,0.0008626524387272939,216.20465051775147,30.125775705840372,0.008783284023668639,60.332152598002956,30.74427352995562,musa-acuminata-freshunripe-6ffd1ba9-1d0a-11ec-8a69-d8c4975e38aa_jpg.rf.75a0014653fdf8fa3d5e20d849465b65.jpg,12
0.04772443602071006,0.00016757581360946744,0.29296875,0.011580066568047337,0.0023167546509819904,169.88891457100593,57.79682352295231,0.008471246301775148,82.67939857618343,59.08559079142012,musa-acuminata-freshunripe-704f6f47-1d0a-11ec-ba2c-d8c4975e38aa_jpg.rf.ad4856d2bf3848d56e04a0ebb220f5a5.jpg,12
0.03982525887573964,0.00035248705621301776,0.29072670118343197,0.09303346893491124,0.0152058700404954,153.83551567122782,72.74873829364465,0.012943786982248521,73.71205274593196,58.51173608542899,musa-acuminata-freshunripe-708c75f9-1d0a-11ec-bdce-d8c4975e38aa_jpg.rf.df33c139667528be2c62509a44ecc1e0.jpg,12
0.03341692862426036,0.0,0.3165853827662722,1.733542899408284e-05,0.0022531931224312922,177.9789027829142,48.120139228875075,0.007275101701183432,81.72123474482248,52.708510539940825,musa-acuminata-freshunripe-7119959c-1d0a-11ec-92d5-d8c4975e38aa_jpg.rf.49eabef3140819e1237d21d2550aeac6.jpg,12
0.03315689718934911,0.0,0.316198224852071,1.733542899408284e-05,0.0022497670492393493,177.97725013868344,48.12049176283877,0.00738489275147929,81.66095945821006,52.731988489275146,musa-acuminata-freshunripe-711ace0a-1d0a-11ec-a21b-d8c4975e38aa-Copy_jpg.rf.6d3a65e9c1bcdd0e3a0711beb961fce7.jpg,12
0.0529712925295858,0.0,0.21432946560650887,0.0,0.0008183975099386159,217.59563956176035,26.980278248607874,0.005784254807692308,74.94399500739645,27.017861270340237,musa-acuminata-freshunripe-711e7776-1d0a-11ec-9fbd-d8c4975e38aa-Copy_jpg.rf.eea3f56c0b9141f56ab579154007e6a1.jpg,12
0.04173215606508876,0.0,0.3154412444526627,5.778476331360947e-06,0.0020632182344728013,183.18892150517752,45.68497652425938,0.007835613905325443,81.68600337463018,49.70818694526627,musa-acuminata-freshunripe-7120e889-1d0a-11ec-9032-d8c4975e38aa-Copy_jpg.rf.168dfbbcdd0b894b00685f866ac69edd.jpg,12
0.07061298076923077,0.0003582655325443787,0.2936968380177515,0.005194850221893491,0.002334010103106904,172.30773853550295,53.68901010930166,0.00982340976331361,79.98299972263314,60.92895941198225,musa-acuminata-freshunripe-71d6e2c3-1d0a-11ec-988f-d8c4975e38aa-Copy_jpg.rf.d3006ed2b4507edc686e7ab0d7608ece.jpg,12
0.06248844304733728,0.00010401257396449704,0.2729347725591716,0.005830482618343195,0.0021357938015620823,174.85400101701183,53.38832532670844,0.00787028476331361,83.13178393121302,56.65393860946745,musa-acuminata-freshunripe-724a36b5-1d0a-11ec-93a5-d8c4975e38aa-Copy_jpg.rf.57c26dfc433564af40c555ad5ec997ed.jpg,12
0.06207239275147929,0.00012134800295857988,0.2724147096893491,0.005824704142011835,0.0021336921223622115,174.8540299093935,53.38883816575689,0.007737379807692308,83.13480607433432,56.62708602995562,musa-acuminata-freshunripe-724bb5ca-1d0a-11ec-b1cd-d8c4975e38aa-Copy_jpg.rf.9f14208b3abecacf108fcac03dddd0d8.jpg,12
0.03285641642011834,0.00021958210059171599,0.20934841900887574,0.25416628143491127,0.0330606525529696,140.58815065643492,95.287811917495,0.03621948964497041,66.25208025147928,50.856433755547336,musa-acuminata-unripe-51eb1b4a-2653-11ec-8daf-d8c4975e38aa-Copy_jpg.rf.ce338fab99f4e5f34eb3148e08523179.jpg,12
0.041963295118343194,0.0007685373520710059,0.2530914848372781,0.006916836168639053,0.010050061772394814,191.39524200258876,57.18451440588337,0.03618481878698225,87.27681790865384,56.3054618158284,musa-acuminata-unripe-51efe13a-2653-11ec-8cff-d8c4975e38aa-Copy_jpg.rf.e8030a6182926aa9bd414aacd377c87e.jpg,12
0.049203725961538464,0.0007338664940828402,0.3058258598372781,0.004316521819526627,0.0035184153973407207,168.38011395155326,58.483683689407975,0.026170719304733726,83.64766896264793,66.63081314718934,musa-acuminata-unripe-54461cb2-2653-11ec-9d7d-d8c4975e38aa-Copy_jpg.rf.e06ed1c999891e6ab4d6ed6268cd03cb.jpg,12
0.03290842270710059,0.0003582655325443787,0.19186852810650887,0.1825594027366864,0.022680909656208646,140.9354024130917,82.2639552894487,0.035081129807692304,75.5735368897929,55.411964913091715,musa-acuminata-unripe-54487ec8-2653-11ec-8de6-d8c4975e38aa-Copy_jpg.rf.0a315451ef20773bb25aa0faf706ca09.jpg,12
0.01519161427514793,0.00032359467455621304,0.21352047892011836,0.2264007026627219,0.023926619117835387,148.73827547152368,92.77452493207075,0.020554040310650886,70.21059079142012,49.58237218010355,musa-acuminata-unripe-55072c7e-2653-11ec-b486-d8c4975e38aa-Copy_jpg.rf.e04a0011275c245620d107bc798f0859.jpg,12
0.0358670025887574,0.0001849112426035503,0.1798377403846154,0.0,0.003235263041422183,223.82690574149407,31.481965253807576,0.015856139053254437,87.67221593010355,25.797152366863905,musa-acuminata-unripe-55288980-2653-11ec-9127-d8c4975e38aa-Copy_jpg.rf.c790b2bdbe3c5324f5328228e851e9a1.jpg,12
0.029140856139053255,0.0004911704881656805,0.4066776072485207,0.002282498150887574,0.0029623514931549446,175.6689857618343,56.70378025818872,0.020051312869822487,77.11226423816568,76.9402101053994,musa-acuminata-unripe-552d4db9-2653-11ec-8404-d8c4975e38aa-Copy_jpg.rf.aac05a99d31548e4296fdd44344e9216.jpg,12
0.017566568047337278,0.0012134800295857987,0.20828517936390534,0.004900147928994083,0.10813067991371843,203.6548111593935,52.44066259512907,0.1548920580621302,88.81620400332841,42.36814672707101,musa-acuminata-unripe-55ae0215-2653-11ec-b0d4-d8c4975e38aa-Copy_jpg.rf.477608ce3e6669060d046e1d0fc9644a.jpg,12
0.07314973187869822,0.0024211815828402367,0.14037652551775148,0.21181582840236687,0.023174300347845046,152.73589473927515,88.62703380697936,0.02339705066568047,73.48330020340237,43.87226678069526,musa-acuminata-unripe-56599d55-2653-11ec-89c5-d8c4975e38aa-Copy_jpg.rf.a8fd88f0884c02539159bb2f3d86fe83.jpg,12
0.23518398668639054,0.007968518860946745,0.08187523113905325,0.0060500647189349116,0.006532405731324986,179.23340421597632,50.36065944187913,0.023345044378698224,84.86576599482248,55.361160549186394,musa-acuminata-unripe-5e83dfef-2653-11ec-83de-d8c4975e38aa-Copy_jpg.rf.223ccc3798d2b99a8b2825018757940a.jpg,12
0.2288565551035503,0.003998705621301775,0.0233045950443787,0.0,0.002768703746915861,217.73582539755918,28.971807230349246,0.015700120192307692,79.44851377588758,30.32332886464497,musa-acuminata-unripe-5e8b0682-2653-11ec-bd21-d8c4975e38aa-Copy_jpg.rf.187acc13727a42cde800c4429b3b8b21.jpg,12
0.24381703032544377,0.007743158284023668,0.07052052514792899,0.005038831360946745,0.0060542557824121695,184.26708695451183,47.933007071498736,0.022299140162721894,84.70811182507397,52.55475106323964,musa-acuminata-unripe-5e922cce-2653-11ec-8680-d8c4975e38aa-Copy_jpg.rf.9d5dc7d589bab1e47cf51617faa523ad.jpg,12
0.35540518676035504,0.024922568417159764,0.2852718195266272,0.002952801405325444,0.002685236486405752,153.19705182137574,58.89224149583107,0.016347309541420118,60.06222841161242,91.37198941383136,musa-acuminata-unripe-5fb02f7f-2653-11ec-9c1a-d8c4975e38aa-Copy_jpg.rf.93cc132d3e74c9b6744990f0575be8dd.jpg,12
0.1640162721893491,0.020606046597633137,0.16123104659763313,0.007055519600591716,0.0038599615132607085,181.73432299371302,54.77831269995315,0.021698178624260354,81.68355907914201,48.00729821560651,musa-acuminata-unripe-612661fd-2653-11ec-87aa-d8c4975e38aa-Copy_jpg.rf.ea556eeb31a3071b2fc28451c4613884.jpg,12
0.08950859837278106,0.005645571375739645,0.16798030695266272,0.003588433801775148,0.1504956701355118,190.46697022928993,48.28151128078362,0.2685951368343195,85.5934379622781,41.77836654031065,musa-acuminata-unripe-617c30ea-2653-11ec-9fd7-d8c4975e38aa-Copy_jpg.rf.9ed0da2e3ed18809fe6e5f4f7e9063a1.jpg,12
0.1570647651627219,0.009349574704142011,0.2893283099112426,0.0011383598372781065,0.0025584047610976526,174.0491574981509,48.816662623077704,0.016925157174556213,73.80464705066568,68.81873497596153,musa-acuminata-unripe-617e91bb-2653-11ec-b042-d8c4975e38aa-Copy_jpg.rf.38f0d0bb58bf05dbd8cadf045d97dbb5.jpg,12
0.08715675850591716,0.006130963387573965,0.16782428809171598,0.005830482618343195,0.004919577434415981,181.42451576368344,47.85583853687236,0.019213433801775148,85.99163854474853,45.75853480954142,musa-acuminata-unripe-6185b97f-2653-11ec-b467-d8c4975e38aa-Copy_jpg.rf.50f1741bc6538d27d02f03c6001263c8.jpg,12
0.09067585059171597,0.0023402829142011835,0.13290495562130178,0.005385539940828402,0.1240333813479207,199.76428439349112,54.405740705161406,0.2012585521449704,89.78464196560651,36.96413299741124,musa-acuminata-unripe-61cd3a1c-2653-11ec-b1c8-d8c4975e38aa-Copy_jpg.rf.31a28cf6d0b7800bfe612b02ef8d965a.jpg,12
0.08675226516272189,0.002369175295857988,0.1304895525147929,0.008916188979289941,0.00663506895084808,192.2956037352071,55.37641697880986,0.02904840051775148,91.95814071745562,41.92667691383136,musa-acuminata-unripe-61d923ab-2653-11ec-bc36-d8c4975e38aa-Copy_jpg.rf.2f93e572a23e6a61c4e0a462b3517915.jpg,12
0.07413207285502958,0.0016410872781065088,0.1384349574704142,0.23848349667159763,0.02292983225309933,140.8589878420858,93.4295848414339,0.02972448224852071,66.36701414571006,41.747255223742606,musa-acuminata-unripe-626ce93e-2653-11ec-9b7a-d8c4975e38aa-Copy_jpg.rf.d8c3acd03122671eb3069c9785a7b130.jpg,12
0.07321907359467456,0.001629530325443787,0.1437164848372781,0.004998382026627219,0.1304861495522874,198.14614344489644,55.01193645300863,0.2071814903846154,88.3583984375,37.78468819341716,musa-acuminata-unripe-627b37b4-2653-11ec-a877-d8c4975e38aa-Copy_jpg.rf.3b6da7ff5294359f68cffc3af38c98e3.jpg,12
0.09880038831360946,0.003016364644970414,0.18993273853550297,0.009517150517751479,0.004676224403569004,182.33864182692307,61.29762434949704,0.03051613350591716,84.51012389053254,54.63820381841716,musa-acuminata-unripe-628e48c5-2653-11ec-99c3-d8c4975e38aa-Copy_jpg.rf.c657cbbb5fc892b1fd17461e0b187896.jpg,12
0.02618805473372781,5.7784763313609464e-05,0.16316683616863906,0.42559056028106507,0.03930604600129703,107.91171066013314,102.44815621197495,0.031359791050295856,51.75540865384615,41.47245978180474,musa-acuminata-unripe-7fea8610-1d0a-11ec-9d33-d8c4975e38aa_jpg.rf.0e5ab590e00d8b793ff8d83a967f2676.jpg,12
0.020808293269230768,0.00015601886094674557,0.178918962647929,0.13486385909763313,0.022648434462880708,170.23387227255918,83.50820895973118,0.023206360946745563,81.57990477071006,47.94264284393491,musa-acuminata-unripe-809170be-1d0a-11ec-b054-d8c4975e38aa_jpg.rf.d9144c3b7439747ad0b6d371a9788472.jpg,12
0.024327385355029586,6.356323964497041e-05,0.1490731323964497,0.0,0.002882877214113282,227.98264145710058,28.763005147899428,0.011822762573964496,92.74136117788461,21.84684726331361,musa-acuminata-unripe-80b4af39-1d0a-11ec-98aa-d8c4975e38aa_jpg.rf.56bb3e51cbea64f21976ec840ded8ec8.jpg,12
0.25236339681952663,0.005506887943786982,0.2367730676775148,0.004536103920118343,0.002240222723805175,153.87921250924558,49.75450295289411,0.014012805103550297,77.26974505362426,71.41836746486686,musa-acuminata-unripe-820be5bf-1d0a-11ec-b29a-d8c4975e38aa_jpg.rf.5121a5f097c92587d596e3746e4ae45f.jpg,12
0.10598303439349112,0.0029759153106508874,0.2067192122781065,0.09339173446745562,0.020433412249800095,164.18419471153845,72.85531994021798,0.021628836908284023,73.43544864090237,55.83638822115385,musa-acuminata-unripe-876949d9-1d0a-11ec-ad90-d8c4975e38aa-1-_jpg.rf.264df21fad00a813bace63dc3c3a0717.jpg,12
0.10546875,0.003108820266272189,0.20801359097633135,0.004622781065088758,0.006867324432095104,182.74785040680473,52.814729129124565,0.017242973372781065,82.88203818417159,54.97398529955621,musa-acuminata-unripe-877ebe39-1d0a-11ec-ae6c-d8c4975e38aa-1-_jpg.rf.75eb9007dbf0f2bcd008f8984eecd51b.jpg,12
0.11826229659763314,0.002606092825443787,0.21221454326923078,0.002571421967455621,0.0030651063800897385,183.00839612610946,60.80280377754234,0.02385932877218935,84.17098511464496,59.36652297522189,musa-acuminata-unripe-87e79c88-1d0a-11ec-8810-d8c4975e38aa-1-_jpg.rf.4e2eaba1f220a9609acfcb0be70e3697.jpg,12
0.13317654400887574,0.005605122041420118,0.23533422707100593,0.01598326553254438,0.0030214732903132966,168.18322970599112,62.68670600901413,0.024627866124260354,80.01178809171597,68.46291373890533,musa-acuminata-unripe-87f387e9-1d0a-11ec-851b-d8c4975e38aa-1-_jpg.rf.32234c11c1d6ee38236994e5c1afd153.jpg,12
0.07360045303254438,0.002045580621301775,0.11686968380177515,0.20070959689349113,0.02344256161465739,146.58849158653845,87.23011344491862,0.02820474297337278,72.86192330806213,39.43745377218935,musa-acuminata-unripe-882cb97e-1d0a-11ec-9e97-d8c4975e38aa-1-_jpg.rf.9c358486582166eff474bace5f9a9be0.jpg,12
0.12314510909763314,0.02807183801775148,0.00013868343195266273,0.14426544008875739,0.006156287679498275,80.40292737610947,58.08469760973046,0.020103319156804734,73.6427630362426,69.49994221523669,musa-acuminata-banana-ad75a3ca-394a-11ec-bd23-d8c4975e38aa_jpg.rf.e5fe9ee30b9fd2bdbb692e8ed827f13c.jpg,6
0.15266156619822485,0.027933154585798817,0.0003467085798816568,0.010955991124260355,0.006074042322071263,96.42664224297337,50.65031776176764,0.01719674556213018,81.85752010909763,67.26901118713018,musa-acuminata-banana-ad7d5ed0-394a-11ec-ab3f-d8c4975e38aa_jpg.rf.878c150713e715e6408d8d880a157487.jpg,6
0.18396935096153846,0.04484097633136094,1.1556952662721893e-05,0.16788785133136094,0.009599847953277226,95.77595691568047,56.17067268608255,0.03154470229289941,64.88698455991124,73.51586191752959,musa-acuminata-banana-adb2a90e-394a-11ec-8f8e-d8c4975e38aa_jpg.rf.aa628e7d35accb728a1626878725ca90.jpg,6
0.08964728180473373,0.009678947855029586,3.467085798816568e-05,0.40605353180473375,0.006841145760466841,62.943417159763314,62.94427331540714,0.022848095414201183,51.01452131102071,51.33223927514793,musa-acuminata-banana-adefe37c-394a-11ec-a68a-d8c4975e38aa_jpg.rf.ebe07c77eabeab997d98ab0a9f070826.jpg,6
0.16491771449704143,0.014613766642011835,0.00045072115384615387,0.02667922522189349,0.008197146003163916,100.22154678254438,51.84483420477521,0.021582609097633137,75.52911774223372,64.8448016826923,musa-acuminata-banana-adf79e76-394a-11ec-b13d-d8c4975e38aa_jpg.rf.32fb337f90daaa94194b5db74886936f.jpg,6
0.21076414571005916,0.014567538831360947,0.0,0.15956684541420119,0.007707753946657527,107.23687130177515,60.39431784551918,0.025055473372781065,60.36187708025148,83.10936922152366,musa-acuminata-banana-ae4bde59-394a-11ec-8880-d8c4975e38aa_jpg.rf.e0fd5a08043ae35963d357ccf4ef7b03.jpg,6
0.1758679271449704,0.03307599852071006,5.778476331360947e-06,0.12592455621301776,0.012552537511671498,98.01236593934911,55.56826634907844,0.034769092085798814,71.00927445451184,72.39516110392012,musa-acuminata-banana-ae506a81-394a-11ec-904d-d8c4975e38aa_jpg.rf.d03d6ef428bd01b3bd0b460f9ab177f0.jpg,6
0.21640971708579881,0.01942145894970414,0.0,0.14602209689349113,0.007898770073267313,106.33440620377219,59.58876007604347,0.027632673816568046,63.02849366678994,83.59933200813609,musa-acuminata-banana-ae57b0c6-394a-11ec-b32a-d8c4975e38aa_jpg.rf.4ca48032e676d7a54cf7b3d461765e5f.jpg,6
0.15228018676035504,0.032781296227810654,0.0002080251479289941,0.2522940551035503,0.010784905452236758,86.57788230399409,63.11982961051528,0.03559541420118343,56.54947531434911,66.10178786057692,musa-acuminata-banana-ae797d86-394a-11ec-905a-d8c4975e38aa_jpg.rf.cdfdfe9c7590aa6a4cddfddc264476a3.jpg,6
0.22174902921597633,0.020559818786982247,0.0,0.23578494822485208,0.016706534300554673,88.37069503513314,59.69080742557712,0.03618481878698225,87.23811945266272,74.85831176035504,musa-acuminata-banana-afe1777a-394a-11ec-8926-d8c4975e38aa_jpg.rf.aa3e7dfdc77cd7f27f3a90499dd7226f.jpg,6
0.11404978735207101,0.027424648668639053,5.778476331360947e-06,0.2707273946005917,0.012913103647062761,77.2823190181213,62.86654469299102,0.03241147374260355,69.19511025332841,58.3404158191568,musa-acuminata-banana-b00a63e3-394a-11ec-a78c-d8c4975e38aa_jpg.rf.cd9f597aa2edcb8ef2f4b155de3fa282.jpg,6
0.11268606693786982,0.0279504900147929,2.3113905325443786e-05,0.09183732433431953,0.02187223967608315,90.0747908191568,51.64410729741349,0.03870423446745562,92.14453702847634,59.8923758783284,musa-acuminata-banana-b020851d-394a-11ec-9cea-d8c4975e38aa_jpg.rf.bffe8920078b43a290a7853ede73bb04.jpg,6
0.07160687869822485,0.017381656804733726,0.00011556952662721893,0.2426728920118343,0.0071838404894668155,76.39918870192308,64.78389624821274,0.02207955806213018,62.76071329511834,76.84948802699704,musa-acuminata-banana-b0481452-394a-11ec-a33f-d8c4975e38aa_jpg.rf.6f2695e8ca8df8c5eed5cbad5ec6fe67.jpg,6
0.15626155695266272,0.02036912906804734,0.00020224667159763314,0.016688239644970414,0.16405351659904605,104.01378166605029,52.89806615061721,0.2721662352071006,81.29232733912721,82.40756749260355,musa-acuminata-banana-b056ef0c-394a-11ec-a666-d8c4975e38aa_jpg.rf.ab0215fda5ac133fa02d3011cd3de1d0.jpg,6
0.06278892381656805,0.01776303624260355,0.00012712647928994083,0.3644947300295858,0.007825638978941502,63.25507928069526,63.67772803557353,0.024385170118343194,53.930074657914204,66.8103792991864,musa-acuminata-banana-b05bef76-394a-11ec-8ce7-d8c4975e38aa_jpg.rf.037d7977401269b9b4c5dcaa53adfd40.jpg,6
0.12449149408284024,0.029643583579881658,8.66771449704142e-05,0.022940551035502958,0.0038206295313243637,109.02039224297337,61.97321270132491,0.01732965051775148,70.5241540310651,100.0252230491864,musa-acuminata-banana-b0668b98-394a-11ec-a8c9-d8c4975e38aa_jpg.rf.1599785c9173619c7340bb42f5b19e16.jpg,6
0.024627866124260354,0.07109259430473373,6.356323964497041e-05,0.11698525332840237,0.0032637671837439904,76.19625439164201,55.751703749270106,0.020103319156804734,75.39978966346153,116.57516642011835,musa-acuminata-banana-b09c47f9-394a-11ec-bf43-d8c4975e38aa_jpg.rf.42aadbceffae267e0d5a7eac9ae9d3c3.jpg,6
0.041015625,0.055109328772189346,1.733542899408284e-05,0.010667067307692308,0.1637960330815414,92.38306675295858,50.6037697774334,0.28996972078402367,82.9611224112426,109.20619914940828,musa-acuminata-banana-b0aac38f-394a-11ec-842b-d8c4975e38aa_jpg.rf.3714ef68d94452c85463019b35b299cc.jpg,6
0.1293511926775148,0.010060327292899409,0.0,0.0,0.003310237650381935,164.33327940088756,31.638776703564957,0.019317446375739646,79.76668823964496,25.837393676035504,musa-acuminata-banana-b12b5ab3-394a-11ec-8b4c-d8c4975e38aa_jpg.rf.be9d0fc0c729a0382acac5c5be4f2752.jpg,6
0.0774142474112426,0.007419563609467455,0.0005027274408284023,0.0018780048076923077,0.1771789614410169,122.09425272744083,50.41397467675508,0.28068370931952663,124.84387134800296,91.97880454881657,musa-acuminata-banana-b173053c-394a-11ec-8d8c-d8c4975e38aa_jpg.rf.47ac4d72a25b41d88cb525cb23244935.jpg,6
0.15953795303254437,0.01519739275147929,0.0,0.003391965606508876,0.004446090228206732,106.06950929178994,46.265224115106186,0.017034948224852072,132.69783191568047,108.2983311760355,musa-acuminata-banana-b1b10aae-394a-11ec-83f4-d8c4975e38aa_jpg.rf.8c2207fe655bee0b44aa6019f3724c0c.jpg,6
0.12653129622781065,0.013036242603550297,5.778476331360947e-06,0.002814117973372781,0.0062804875515484054,100.39616078032545,44.39005325929676,0.017612795857988167,138.49407706176035,111.0810546875,musa-acuminata-banana-b1b631cd-394a-11ec-bba2-d8c4975e38aa_jpg.rf.bda60c6801ca52170d0bb76ff39011e2.jpg,6
0.10962347448224852,0.02678323779585799,0.0004969489644970415,0.00012712647928994083,0.003198604881128616,122.79514723557692,51.326314274092205,0.01750878328402367,103.05893468010355,96.1711931397929,musa-acuminata-banana-b1f14e9a-394a-11ec-a9e4-d8c4975e38aa_jpg.rf.baf611f3fbc9e3079ae08a42c73c75b9.jpg,6
0.002727440828402367,0.010025656434911243,0.0016410872781065088,0.20700813609467456,0.005128221561269204,91.8389423076923,64.91496828671004,0.015295626849112426,93.14418454142012,81.47159878883136,musa-acuminata-banana-b2d044e8-394a-11ec-a671-d8c4975e38aa_jpg.rf.fac65a5d831a13e7608e5fa646de427d.jpg,6
0.0007858727810650888,0.008581037352071006,0.0004911704881656805,0.0,0.0027081978738543785,117.00667991863905,46.35650333531488,0.01122757951183432,119.47319364829882,89.28229012573965,musa-acuminata-banana-b2ecfef7-394a-11ec-975c-d8c4975e38aa_jpg.rf.69b74ed9bce422ad685a2448461d4205.jpg,6
0.02703171227810651,0.1607918823964497,0.00013290495562130178,0.00414894600591716,0.012151187901924121,121.72241933247041,37.378396805666306,0.07396449704142012,71.76263752773669,88.48448479105029,musa-acuminata-banana-b3b38754-394a-11ec-a7e6-d8c4975e38aa_jpg.rf.2d3a8ce46df16c6a8d83540df606f238.jpg,6
0.01165518676035503,0.14383783284023668,8.66771449704142e-05,0.1918916420118343,0.011674902599977555,106.2579049556213,60.89422437273459,0.04855075813609468,58.198184402736686,72.10070728550296,musa-acuminata-banana-b3dff02b-394a-11ec-9b45-d8c4975e38aa_jpg.rf.b039ab4422585cc32006901172a5e58f.jpg,6
0.007760493713017752,0.18209712463017752,6.934171597633136e-05,0.008887296597633137,0.1806010772458487,131.17284578402368,42.621074917980266,0.3184171597633136,71.25896819526628,74.91338641826923,musa-acuminata-banana-b42c3657-394a-11ec-9603-d8c4975e38aa_jpg.rf.494ca6a6b041a886956e0ad8f68e16c0.jpg,6
0.013556305473372781,0.35115800665680474,2.8892381656804732e-05,0.01470622226331361,0.004245706455838024,113.69759499815089,38.07654847868365,0.03133089866863906,53.519028522559175,83.67960082285504,musa-acuminata-banana-b42e541e-394a-11ec-80be-d8c4975e38aa_jpg.rf.16ca4f8ba99930b1db01b384b0039fe9.jpg,6
0.013400286612426036,0.3444607525887574,9.82340976331361e-05,0.010903984837278106,0.004433520931461471,120.32694619082841,41.68687799112429,0.03430103550295858,53.63075536242604,81.29867788461539,musa-acuminata-banana-b43d44ae-394a-11ec-9c4a-d8c4975e38aa_jpg.rf.1c389fe09019882753bf57fcffb61ca0.jpg,6
0.18912953032544377,0.14972032174556213,0.0001964681952662722,0.005911381286982248,0.007647734059002265,146.41772605399407,35.851637247828435,0.07208649223372782,64.58285757211539,95.2903511002219,musa-acuminata-banana-b4766bdc-394a-11ec-bb45-d8c4975e38aa_jpg.rf.707a2f045d97849f1672d78c487b8534.jpg,6
0.10627773668639054,0.05640948594674556,2.3113905325443786e-05,0.0021149223372781065,0.006976270680771307,155.544904539571,34.55456655155804,0.059772559171597635,75.10047614644971,87.91517196745562,musa-acuminata-banana-b4ae7baa-394a-11ec-8eb5-d8c4975e38aa_jpg.rf.8dc04a228483abe44b2dc9841cc52129.jpg,6
0.06900656434911243,0.1376664201183432,6.934171597633136e-05,0.003669332470414201,0.01681138102892488,142.39139353735206,36.27966139620249,0.10272397374260354,74.14201183431953,85.03866956360947,musa-acuminata-banana-b4b1d166-394a-11ec-b3cc-d8c4975e38aa_jpg.rf.4804854fdd91a84b77f9b527a1ce4846.jpg,6
0.12424879807692307,0.1609710151627219,0.0016468657544378698,0.005784254807692308,0.1832895768091261,146.91969651442307,37.18079978412595,0.32716577292899407,69.1607456545858,87.80639792899409,musa-acuminata-banana-b4eaa7f3-394a-11ec-b7ed-d8c4975e38aa_jpg.rf.8ac7f355db435665ed5168fdf31065a5.jpg,6
0.0947265625,0.17919055103550297,0.001201923076923077,0.29163392196745563,0.016501386878899568,98.39991678994083,68.6737483339679,0.07695196930473373,50.306473049186394,74.51803462463018,musa-acuminata-banana-b4eebf8d-394a-11ec-8e20-d8c4975e38aa_jpg.rf.f965bc5316e245320a40dc9e49a497d5.jpg,6
0.04221176960059172,0.006460336538461538,0.00028892381656804735,0.0,0.00613108126687501,195.81374815088756,23.00477940005085,0.048059587647928996,69.18379021819527,43.401199611686394,musa-acuminata-banana-b4f543ed-394a-11ec-a841-d8c4975e38aa_jpg.rf.8e939fd044956eb1212c0389ea1a5b34.jpg,6
0.0919008875739645,0.20937153291420119,0.0011094674556213018,0.042373566937869825,0.02180237432278979,130.79841785318047,42.8773817312762,0.10928832285502958,69.41840791420118,94.72271403476331,musa-acuminata-banana-b521ad0a-394a-11ec-864a-d8c4975e38aa_jpg.rf.cef3810e5773c0bb09b4843d9e6a983e.jpg,6
0.14522466715976332,0.27052514792899407,0.0018606693786982248,0.006818602071005917,0.013385506480717076,140.54737772744082,30.92231277590429,0.10010054548816567,59.03711515347633,93.43268075073965,musa-acuminata-banana-b533dd52-394a-11ec-9b23-d8c4975e38aa_jpg.rf.6f0c7626747de58746cd8f60b095400e.jpg,6
0.10319780880177515,0.179479474852071,0.0009361131656804734,0.005108173076923077,0.021807677721176685,142.75836145525147,35.47798079002781,0.1138128698224852,70.25598650147928,85.1786358173077,musa-acuminata-banana-b53e52a0-394a-11ec-a152-d8c4975e38aa_jpg.rf.a4e81248ce6a8a6db89442df8a89de1f.jpg,6
0.0996844951923077,0.01458487426035503,0.00010401257396449704,0.009915865384615384,0.1629088606025586,104.80311575443787,44.636393102709235,0.27558131471893493,87.6150147928994,63.159318370931956,musa-acuminata-banana-c658851f-394a-11ec-949c-d8c4975e38aa_jpg.rf.8e7b244460b7236008d2d8290c6fd95e.jpg,6
0.1229717548076923,0.020918084319526627,9.245562130177515e-05,0.00028892381656804735,0.0009536964725268529,106.80884222448225,53.58028355178099,0.009268676035502958,77.70390509430473,81.37088572485207,musa-acuminata-banana-c65b0701-394a-11ec-9844-d8c4975e38aa_jpg.rf.cd281dc00a002c43b0b6bb2752cc7a1f.jpg,6
0.06432599852071005,0.0019184541420118344,0.0,0.0,0.0010171152680808642,167.49020548261834,28.361855977379733,0.007910734097633137,88.30365315273669,31.648784208579883,musa-acuminata-banana-c6630e87-394a-11ec-9cd4-d8c4975e38aa_jpg.rf.ac8b9643770fcb8d4efd4ddc150822a6.jpg,6
0.10479266826923077,0.0228307599852071,0.00030048076923076925,0.0009534485946745562,0.001310483015236795,102.8151349852071,50.38447912434133,0.01495469674556213,80.69096708579882,77.52204488720415,musa-acuminata-banana-c666640b-394a-11ec-bc3a-d8c4975e38aa_jpg.rf.7d6d83a2ccd31e2da9dbc812eb313d0c.jpg,6
0.14362402921597633,0.01859513683431953,5.200628698224852e-05,0.16001178809171598,0.0030502320142892694,81.46539270525147,59.226721028038334,0.0158619175295858,70.38443625184911,84.64555404031066,musa-acuminata-banana-c686721b-394a-11ec-a396-d8c4975e38aa_jpg.rf.de3a220fa3a6f006d7a6ba2a6f6a0c49.jpg,6
0.1704130454881657,0.016104613535502958,0.00010401257396449704,0.0002080251479289941,0.0019971032310327702,101.15828980214496,47.89979335010891,0.011273807322485207,83.78913184171597,83.2511961446006,musa-acuminata-banana-c6a3c751-394a-11ec-ad90-d8c4975e38aa_jpg.rf.781dfd7de5889eb60adf970905c68c5f.jpg,6
0.15623844304733728,0.02032290125739645,4.044933431952663e-05,0.02765578772189349,0.1605403778194776,102.47884499815089,46.730416229545895,0.26925966161242604,86.03912028476331,55.05647882766272,musa-acuminata-banana-c6df7f3d-394a-11ec-8578-d8c4975e38aa_jpg.rf.fed988e8cc60d39a4784efae54bd678a.jpg,6
0.0939406897189349,0.021767520340236688,0.0001733542899408284,0.047689765162721894,0.0038860923310971665,93.14127796782545,46.81903173115114,0.012735761834319527,85.62502889238165,60.050839034763314,musa-acuminata-banana-c6e568b8-394a-11ec-b21d-d8c4975e38aa_jpg.rf.2369ea17a6c5b28467a2a516a086b771.jpg,6
0.12940319896449703,0.021380362426035502,0.00014446190828402367,0.025061251849112426,0.0028495006006858644,101.84858080621302,51.221208008894855,0.01098488350591716,79.99384014423077,70.93769646819527,musa-acuminata-banana-c6edbeb2-394a-11ec-af31-d8c4975e38aa_jpg.rf.d9bfc0c4d4e094057afda18a3b73b505.jpg,6
0.1612368250739645,0.017734143860946745,0.00036404400887573966,0.0013810558431952662,0.0050030446711618656,101.11536727995562,44.665662186786534,0.015838803624260354,87.45909416605029,95.67383390347634,musa-acuminata-banana-c7205ea6-394a-11ec-8b99-d8c4975e38aa_jpg.rf.f9b5afe66a70614cc8a011513cd193fb.jpg,6
0.1632477348372781,0.01471200073964497,0.00035248705621301776,0.00014446190828402367,0.004858586219198451,109.28073571560651,43.300658326042885,0.015659670857988167,87.44543962647928,88.46922383505917,musa-acuminata-banana-c728670b-394a-11ec-82b8-d8c4975e38aa_jpg.rf.06be9fefa6167a819b0649b14fa6249c.jpg,6
0.12653707470414202,0.04290518676035503,5.7784763313609464e-05,0.05773275702662722,0.013805186182103368,101.51636464497041,44.07010992602789,0.04443070451183432,58.318301590236686,49.611189441568044,musa-acuminata-banana-c7a114a1-394a-11ec-8767-d8c4975e38aa_jpg.rf.ae19b0e708f0f1bf79c2bb0adbb2935c.jpg,6
0.18904285318047337,0.016509106878698224,2.3113905325443786e-05,0.26760123890532544,0.005273910119407405,81.05440435465977,63.80840469050557,0.0203749075443787,65.46902736686391,55.48310951368343,musa-acuminata-banana-c7ce683c-394a-11ec-aad0-d8c4975e38aa_jpg.rf.3ae34f52c885c73bf473f4878eca5b1c.jpg,6
0.1896900425295858,0.01716207470414201,1.1556952662721893e-05,0.05769808616863906,0.003821149801136938,100.56591507951184,46.7965890106868,0.016035271819526627,88.47745238535504,56.443174463757394,musa-acuminata-banana-c7e681c0-394a-11ec-bcb6-d8c4975e38aa_jpg.rf.e4f36d1204a2fdf0fe3c08752034da47.jpg,6
0.24491494082840237,0.007338664940828402,0.0,0.0007165310650887574,0.0030155792613209952,111.86359906619822,49.78301470775827,0.00952292899408284,66.9454049556213,56.72845206176036,musa-acuminata-banana-c831079f-394a-11ec-a0af-d8c4975e38aa_jpg.rf.5ddd7fe5bc77a995677077489411b0d0.jpg,6
0.17531897189349113,0.011845876479289941,2.3113905325443786e-05,0.0,0.004330366451171537,112.3569249260355,43.77502648667736,0.014804456360946745,66.88681698409763,45.02488211908284,musa-acuminata-banana-c83fbb44-394a-11ec-9624-d8c4975e38aa_jpg.rf.44ec95ca6f9828bcd1fee1c68e8cae90.jpg,6
0.10843310835798817,0.031203772189349114,6.934171597633136e-05,0.1570647651627219,0.003461828318587506,82.14448502218934,53.24725877743015,0.015769461908284023,78.92551544008876,47.71460105399408,musa-acuminata-banana-c86990a8-394a-11ec-aa59-d8c4975e38aa_jpg.rf.5b6ac82f884d20dbe15f789b1c080162.jpg,6
0.16919378698224852,0.028066059541420118,9.245562130177515e-05,0.060517982618343194,0.15558106636764796,95.76865292159763,48.37862377752158,0.2545418823964497,87.45798469859467,43.77602047892012,musa-acuminata-banana-c878921c-394a-11ec-9663-d8c4975e38aa_jpg.rf.893e6bb2ce14591a4d441d273f54e31e.jpg,6
0.11582955806213018,0.030123197115384616,4.622781065088757e-05,0.10233103735207101,0.0022217784994419273,86.59034647744083,48.8144641057461,0.011256471893491124,86.70361617048816,47.208481647559175,musa-acuminata-banana-c87fff62-394a-11ec-bde5-d8c4975e38aa_jpg.rf.d2b6b45b989abcb4ce448bb05df437aa.jpg,6
0.15518098187869822,0.030857063609467456,1.1556952662721893e-05,0.05126664201183432,0.1645299835429965,101.54764931582841,49.58306991021185,0.2808166142751479,87.71551983173077,51.25863882211539,musa-acuminata-banana-c8de8bab-394a-11ec-b1d1-d8c4975e38aa_jpg.rf.3796be408f41e0d78406c8a974f1f4cf.jpg,6
0.16713087093195267,0.03999283468934911,2.8892381656804732e-05,0.028222078402366863,0.004532277984177714,115.09879460983728,58.74274719118102,0.018075073964497042,72.22699010724853,86.85188609467455,musa-acuminata-banana-c8ec56b2-394a-11ec-98e0-d8c4975e38aa_jpg.rf.eb37201be35afde73284df0f75bc0771.jpg,6
0.15876363720414202,0.031145987426035502,0.00015601886094674557,0.19897027551775148,0.006668141022531898,78.31484606139053,56.149811812642795,0.02325258875739645,66.72722124630178,52.3362322022929,musa-acuminata-banana-c9e287fe-394a-11ec-83fb-d8c4975e38aa_jpg.rf.dfa4d27b6c917038576e1baf37874a6a.jpg,6
0.20385886649408283,0.010771079881656804,0.0,0.0,0.0034060297717709515,164.1652413091716,29.09120400831973,0.01569434171597633,81.12765232063609,32.44733496671598,musa-acuminata-banana-c9e84cea-394a-11ec-8ca3-d8c4975e38aa_jpg.rf.0dd59b7c92b5820fce4cc39e377e7712.jpg,6
0.19770478920118342,0.037184495192307696,0.00011556952662721893,0.02915819156804734,0.004526503939488526,95.24985553809172,48.31935064904501,0.018814718934911243,80.94969258505917,62.306698409763314,musa-acuminata-banana-c9ebc9b0-394a-11ec-ae35-d8c4975e38aa_jpg.rf.da1eaac0540ccc16ce077fa192a9d143.jpg,6
0.21576830621301776,0.011944110576923076,1.733542899408284e-05,0.0,0.006180483096255536,164.04610646264794,31.167244818449547,0.017503004807692308,72.2493354752219,38.117308848002956,musa-acuminata-banana-ca756b8c-394a-11ec-bb4a-d8c4975e38aa_jpg.rf.975a1e271428121b738fa5441c5e0a49.jpg,6
0.21594743897928995,0.006882165310650888,5.778476331360947e-06,0.0,0.0012129882548011562,157.75116725221895,32.931209501659396,0.007806721523668639,80.14397073779585,34.279111963757394,musa-acuminata-banana-cab1baa8-394a-11ec-88c7-d8c4975e38aa_jpg.rf.a5973de6ec6f9115a16662c01b04fc2f.jpg,6
0.19200721153846154,0.019097864275147928,3.467085798816568e-05,0.3932599852071006,0.002088277790390398,67.98395894970415,60.445720030268525,0.013215375369822485,77.3284197022929,55.74453933986686,musa-acuminata-banana-cc26b8be-394a-11ec-9368-d8c4975e38aa_jpg.rf.46eec79b7532279a6a538d73e093ff4c.jpg,6
0.2337682599852071,0.15560858912721892,9.82340976331361e-05,0.19122711723372782,0.004438393351358968,89.65171389607988,56.466559969450316,0.0150182599852071,64.47111917529585,90.20588133321006,musa-acuminata-banana-dd8153f9-394a-11ec-a393-d8c4975e38aa_jpg.rf.54aae3d53e6e134b4963a84f680a69f1.jpg,6
0.1849112426035503,0.08010123890532544,5.7784763313609464e-05,0.43734398113905326,0.005357189281443988,69.75358265532545,63.11544008705616,0.03118065828402367,49.59773137019231,73.76338295118343,musa-acuminata-banana-de1a41fa-394a-11ec-9ee7-d8c4975e38aa_jpg.rf.9f067a8c7dc6d3a83551845e01c73950.jpg,6
0.20645918084319526,0.04038577107988166,0.0,0.0,0.005959801352769946,151.8812465329142,37.825662663406376,0.0234375,69.59336862056213,42.037097818047336,musa-acuminata-banana-de35fef2-394a-11ec-93a1-d8c4975e38aa_jpg.rf.332f870efdc5f4866149cd7574440ae4.jpg,6
0.19370608357988164,0.09103411612426035,9.82340976331361e-05,0.10858334874260354,0.007138758906003854,88.10664755917159,53.82862135759806,0.029094628328402365,68.87604590421597,72.54087694156804,musa-acuminata-banana-de37a990-394a-11ec-97b8-d8c4975e38aa_jpg.rf.c3117a0123f6c080e81be78adbe8be73.jpg,6
0.15084134615384615,0.0250208025147929,5.778476331360947e-06,0.2503813794378698,0.0058518620753679786,75.46963988535504,56.33220378598267,0.019727718195266274,63.12147512943787,45.38842917899408,musa-acuminata-banana-de5e501b-394a-11ec-a9ca-d8c4975e38aa_jpg.rf.e8751c1e77c4ba997e797e491526d4e3.jpg,6
0.2715248243343195,0.021698178624260354,0.0,0.06868874815088757,0.0034088703353024096,103.4300746579142,55.44826768022563,0.01263174926035503,70.9043719951923,71.14413253513314,musa-acuminata-banana-de6fbea4-394a-11ec-a1da-d8c4975e38aa_jpg.rf.578eebea09c03bf9f72442bb551220f9.jpg,6
0.28138868343195267,0.023899778106508875,6.934171597633136e-05,0.07248520710059171,0.001550203395301373,105.25865615754438,56.45597909061698,0.009540264423076924,66.6055612056213,73.29118897928994,musa-acuminata-banana-df39c40b-394a-11ec-aa74-d8c4975e38aa_jpg.rf.52af4d2e57ed24f218eb40939b36e386.jpg,6
0.17058062130177515,0.020762065458579882,0.00012712647928994083,0.01037814349112426,0.0032912629410055297,108.13177815273669,46.788208839950094,0.013908792529585799,79.3622295673077,43.0280256102071,musa-acuminata-banana-df4329ac-394a-11ec-9039-d8c4975e38aa_jpg.rf.bcdfba46142108bfb4ec491421ea77ca.jpg,6
0.0020109097633136093,0.008737056213017751,0.007789386094674556,0.0007743158284023669,0.004076849994998006,90.14190204326923,50.304896605148855,0.013458071375739645,123.94489644970415,118.45800203402366,musa-acuminata-banana-e44786bc-394a-11ec-af55-d8c4975e38aa_jpg.rf.f4dca7008d0496ce0ad49af1271b0417.jpg,6
0.01579835428994083,0.01471777921597633,0.007194203032544378,0.014434633875739645,0.0070734121712836585,93.15457424186391,50.0711804458575,0.025691105769230768,123.5407209227071,113.66870839497041,musa-acuminata-banana-e4743d45-394a-11ec-b9f9-d8c4975e38aa_jpg.rf.4d56264448d788490c459509ea3aae9b.jpg,6
0.01580991124260355,0.015590329142011835,0.00616563424556213,0.0045938886834319525,0.007375656998651267,93.72801289755917,49.505580108273776,0.02137458394970414,123.76099066198225,113.3688459227071,musa-acuminata-banana-e48e4f37-394a-11ec-885c-d8c4975e38aa_jpg.rf.b4cafb2436582cc02bef634268bd3920.jpg,6
0.011932553624260355,0.005483774038461538,0.019918407914201183,0.0010170118343195266,0.0032900221906386647,118.49060997596153,51.22629502682271,0.014515532544378698,106.25789339866864,95.01354474852072,musa-acuminata-banana-e53229af-394a-11ec-a5ce-d8c4975e38aa_jpg.rf.dfd927fb43d6970fa8046e364ed94094.jpg,6
0.13051266642011836,0.01055727625739645,0.019820173816568046,0.17479313054733728,0.005085551098343756,96.75350753513314,61.91827792723252,0.021692400147928993,95.5318220691568,92.83178277551775,musa-acuminata-banana-e72e8170-394a-11ec-9f06-d8c4975e38aa_jpg.rf.12e828c30a377cff47e026cde9b78a92.jpg,6
0.06329742973372782,0.0037502311390532543,0.02667344674556213,0.00016179733727810652,0.001398934999161218,117.40180057322485,40.21998403006269,0.00800318971893491,131.10533006656806,82.45570797892012,musa-acuminata-banana-ecaae6b2-394a-11ec-9243-d8c4975e38aa_jpg.rf.2198eee43ee6881be5c3a5a48530af40.jpg,6
0.5319723095414202,0.01586769600591716,0.005489552514792899,0.00017913276627218934,0.008197266412648637,140.03169494267752,46.967677561187,0.024396727071005916,83.46361871301775,96.55064256656804,musa-acuminata-banana-ed5bbcba-394a-11ec-ab00-d8c4975e38aa_jpg.rf.1b0d235b25f08130e7279fd57114d8bc.jpg,6
0.21506911057692307,0.00922244822485207,0.018219535872781065,0.2760724852071006,0.010810776850020309,85.14137042344674,64.46206091106247,0.026419193786982247,86.39594697670118,70.46801613350591,musa-acuminata-banana-ed5e02b0-394a-11ec-81f7-d8c4975e38aa_jpg.rf.9efea43e82a245138dd092332dd80d9a.jpg,6
0.002201599482248521,0.0015717455621301775,0.005241078032544378,0.0,0.003755736860069114,180.2453945543639,28.22809362049145,0.016520663831360947,116.40010170118343,39.586550018491124,musa-acuminata-banana-ed655dd3-394a-11ec-a93b-d8c4975e38aa_jpg.rf.5df697dc7b808b16044f3b1bb0f6677c.jpg,6
0.367539987056213,0.013394508136094675,0.007592917899408284,0.0008032082100591716,0.005366339708806203,124.19144669933432,47.60720917276475,0.018583579881656806,106.03970391087279,87.59119013498521,musa-acuminata-banana-ed694e8b-394a-11ec-a50d-d8c4975e38aa_jpg.rf.9e127028ba9c66981e8e20b025021bd7.jpg,6
0.2077131102071006,0.27957424186390534,0.006916836168639053,0.012562407544378698,0.02276207120094074,117.63040865384616,42.06490246815613,0.12254992603550297,55.29805958764793,116.12132488905326,musa-acuminata-banana-ed9e21bb-394a-11ec-9ff7-d8c4975e38aa_jpg.rf.66410838a9e4575a9529ff42b305ed2b.jpg,6
0.2104925573224852,0.2878605769230769,0.005899824334319527,0.007373335798816568,0.02245691031780585,125.49214705066568,41.181141910540056,0.12061413646449703,55.270744730029584,108.52499191013314,musa-acuminata-banana-eda51a88-394a-11ec-9d29-d8c4975e38aa_jpg.rf.e7dcb8399cc069fe789f03ecbb040404.jpg,6
0.20424602440828402,0.26546898113905326,0.009002866124260355,0.19256194526627218,0.01919543266727462,114.43561621671597,64.93676100201326,0.06792598927514792,41.96636926775148,106.0411832008136,musa-acuminata-banana-edd917a9-394a-11ec-a374-d8c4975e38aa_jpg.rf.996970d38fb54a0916fd446f09289f95.jpg,6
0.2076264330621302,0.26471777921597633,0.009621163091715977,0.002710105399408284,0.18408095760908427,155.18875970784023,39.58060561830065,0.3311009153106509,56.603105353180474,105.10323825813609,musa-acuminata-banana-ede866ac-394a-11ec-a5ad-d8c4975e38aa_jpg.rf.284dee7e3f80a0253353366ca89dce88.jpg,6
0.18660433616863906,0.15700698039940827,0.00016757581360946744,0.2108508228550296,0.02104724893900849,114.1457273946006,66.41478290552321,0.10294933431952663,50.045488165680474,90.10357340976331,musa-acuminata-banana-ee1bff96-394a-11ec-8067-d8c4975e38aa_jpg.rf.fc7c73459eb61f2a01ed9c9e693ce816.jpg,6
0.22682253143491124,0.16825189534023668,0.0004738350591715976,0.012539293639053255,0.015195042618706477,134.67504160502958,38.616226314475995,0.10361385909763314,62.00907798631657,94.8223407451923,musa-acuminata-banana-ef2bd801-394a-11ec-a6f3-d8c4975e38aa_jpg.rf.0dd647fd36a7dc270e599f763e8573f3.jpg,6
0.25434541420118345,0.1801728920118343,0.0006760817307692308,0.011447161612426036,0.010322184638700573,133.94543384800295,38.99771948963086,0.08943925665680473,58.87100707285503,100.11281897189349,musa-acuminata-banana-ef32a9c5-394a-11ec-bc76-d8c4975e38aa_jpg.rf.1901da3bd6efee074fe6eb1461c1b442.jpg,6
0.08875161797337278,0.12524269600591717,0.0004738350591715976,0.3547117696005917,0.01884585223984457,90.79655718380178,71.83913034350633,0.06658538276627218,41.83089289016272,82.19566498705622,musa-acuminata-banana-f049dc56-394a-11ec-a4f1-d8c4975e38aa_jpg.rf.999de1358221aafaaa764c51d544b069.jpg,6
0.12656596708579881,0.17761880547337278,0.0007743158284023669,0.0030048076923076925,0.009566594860180683,140.31429132766272,32.054476055319185,0.08485114644970414,62.62169471153846,109.31385794193787,musa-acuminata-banana-f04b6083-394a-11ec-8174-d8c4975e38aa_jpg.rf.efd1369a8026096a8613cd432f78910d.jpg,6
0.15464358357988164,0.22863119452662722,0.0002715883875739645,1.1556952662721893e-05,0.005107702259109,142.264631102071,31.40210955092285,0.04775910687869823,53.8584908931213,120.74070243158285,musa-acuminata-banana-f0549f6a-394a-11ec-b447-d8c4975e38aa_jpg.rf.41fe415509d0aae6ab1553e0b77ae93f.jpg,6
0.2654632026627219,0.2359294101331361,1.1556952662721893e-05,7.512019230769231e-05,0.0037128081050850233,140.93414848372782,36.678379903612054,0.0397732525887574,46.052832609097635,131.51732387204143,musa-acuminata-banana-f0a29595-394a-11ec-b8c5-d8c4975e38aa_jpg.rf.9f3a95e98c0a02d51a30d2e565dfe492.jpg,6
0.24385170118343194,0.25026003143491127,0.0004796135355029586,0.0025598650147928993,0.19781719552253768,145.27930843195267,35.96390168503394,0.33282290125739644,53.91998543823964,108.16517196745562,musa-acuminata-banana-f2cb0cad-394a-11ec-a389-d8c4975e38aa_jpg.rf.24eb42f735867c0c262e62eafef5677e.jpg,6
0.3605306952662722,0.25395825628698226,0.00043916420118343197,0.0057958117603550295,0.0114970576289655,144.08326784393492,34.77681974873477,0.09651211168639054,46.11413068602071,119.64746671597634,musa-acuminata-banana-f2cd050b-394a-11ec-958b-d8c4975e38aa_jpg.rf.db308d331d0d1cbae09419e51c315a34.jpg,6
0.21649639423076922,0.0277135724852071,0.0,0.0,0.009559844784512746,194.53614436945267,21.428037507028126,0.06197415865384615,54.35009476701183,59.02848210983728,musa-acuminata-banana-f2d5cfd5-394a-11ec-9af0-d8c4975e38aa_jpg.rf.72b5454829f1c17b3accc6969ab9243c.jpg,6
0.1820682322485207,0.2045869545118343,0.0006298539201183432,0.00433385724852071,0.19474548570108968,146.78545673076923,41.728826476117696,0.3336029955621302,66.14878420857988,100.7488558616864,musa-acuminata-banana-f32500a4-394a-11ec-9446-d8c4975e38aa_jpg.rf.db329681e90d723f62ea1e60c0ce1856.jpg,6
0.1363373705621302,0.12124399038461539,0.0004796135355029586,0.20502611871301776,0.01570217418275641,111.0633089866864,63.012227096070966,0.05981878698224852,55.13552838387574,80.4891653568787,musa-acuminata-banana-f44ac7d5-394a-11ec-9bc2-d8c4975e38aa_jpg.rf.9d85b9193a3224d6181e836ad3d94c2c.jpg,6
0.1450224204881657,0.15969975036982248,0.0005778476331360947,0.00012134800295857988,0.013136431514017678,139.6750069341716,31.06457057787274,0.08021102995562131,68.60894739275147,87.56704766087279,musa-acuminata-banana-f45ef097-394a-11ec-a9d1-d8c4975e38aa_jpg.rf.0a88b12e5f7ac21ca8a262d8984354e0.jpg,6
0.15678739829881658,0.15716299926035504,0.00037560096153846156,2.3113905325443786e-05,0.012464002907562898,147.2301567122781,29.99765238847443,0.07545534393491124,68.58733589127219,82.06312407544378,musa-acuminata-banana-f4654f3d-394a-11ec-a98f-d8c4975e38aa_jpg.rf.fe74841ba4615b43b20d208311007eef.jpg,6
0.21058501294378698,0.05486663276627219,0.0004564996301775148,0.015336076183431952,0.019240736395006886,130.93006310096155,41.102582152208434,0.1058096801035503,64.97397952107988,104.67534786427515,musa-acuminata-banana-f5c8e40d-394a-11ec-9580-d8c4975e38aa_jpg.rf.56e2935b016d56861c1346c818821856.jpg,6
0.21081615199704143,0.05457193047337278,0.0004449426775147929,0.01532451923076923,0.01934261387841407,130.93659855769232,41.10106799191355,0.10583279400887574,65.05782521264793,104.53871579142012,musa-acuminata-banana-f5ca400d-394a-11ec-9521-d8c4975e38aa_jpg.rf.67b6d197f46b03b72343051a0352d8a4.jpg,6
0.19219790125739644,0.1865234375,0.0023229474852071007,0.002403846153846154,0.016481988396632407,139.27394600591717,36.5143967095976,0.08864760539940829,62.35104821560651,102.05077547152366,musa-acuminata-banana-f8bd263a-394a-11ec-bc3a-d8c4975e38aa_jpg.rf.b0261c5d82ec88ff8310fdab06ea3101.jpg,6
0.2054479474852071,0.1866101146449704,0.0017971061390532545,0.0013232710798816568,0.01574510739014841,146.64801567122782,35.31980524944683,0.08301936945266272,62.440712832840234,95.71542737610947,musa-acuminata-banana-f8c383b9-394a-11ec-baf2-d8c4975e38aa_jpg.rf.c48f732da8d2c6f407ccdc5ef8fd0889.jpg,6
0.2560731786242604,0.08772882766272189,0.0006934171597633136,0.00910110022189349,0.01446299501825233,141.11727417714496,40.09439580924528,0.10413970044378698,56.45685789571006,105.09500392936391,musa-acuminata-banana-f9139e6a-394a-11ec-b550-d8c4975e38aa_jpg.rf.1c06abfcd7779124679d803a190db448.jpg,6
0.25180866309171596,0.07145663831360946,0.0007916512573964497,0.010268352440828403,0.00858633544308219,141.4912687222633,37.31946734459927,0.08079465606508876,54.099019970414204,117.29547083025147,musa-acuminata-banana-f916f40e-394a-11ec-9431-d8c4975e38aa_jpg.rf.cefc01b5d4d9ba1c220b7d59b34f44e3.jpg,6
0.2273772651627219,0.0030048076923076925,0.00020224667159763314,0.0038658006656804734,0.00246486336207975,165.75318394045857,24.15551127016183,0.01647443602071006,88.07418407914201,70.08197346523669,musa-acuminata-freshripe-43de8667-2653-11ec-a9f3-d8c4975e38aa_jpg.rf.e56f620664ffe3e56f85df2c683ada8d.jpg,6
0.17383968195266272,0.005558894230769231,0.0004449426775147929,0.16143907174556213,0.012033117613807945,142.83211214866864,65.61260767162368,0.017352764423076924,75.7404019508136,60.991528753698226,musa-acuminata-freshripe-4417ba31-2653-11ec-bea8-d8c4975e38aa_jpg.rf.e7807220890d9aeaedf314c18574e9ba.jpg,6
0.25766225961538464,0.008800619452662722,0.0009129992603550296,0.006333210059171598,0.0012397998132649259,167.50013290495562,26.824243602072226,0.014134153106508876,81.56044286242603,75.0,musa-acuminata-freshripe-442acb3c-2653-11ec-a09b-d8c4975e38aa_jpg.rf.5733c2a384dbf5f83900cefeb9411c37.jpg,6
0.16708464312130178,0.0048828125,0.0005951830621301775,0.20466785318047337,0.01309353390998489,135.48164178069527,71.15202008749995,0.016855815458579882,71.65644646819527,58.2206106693787,musa-acuminata-freshripe-4455b234-2653-11ec-ad56-d8c4975e38aa_jpg.rf.90b384617c84dd3ea5581d87603608c8.jpg,6
0.1746717825443787,0.0063216531065088755,0.00035248705621301776,0.0027736686390532543,0.24345929063702038,180.68817608173077,27.07892393665225,0.34555866309171596,89.69949611686391,56.653909717085796,musa-acuminata-freshripe-445f3aef-2653-11ec-9e58-d8c4975e38aa_jpg.rf.89530f79c50ea30389abc4c709ebec69.jpg,6
0.16680727625739644,0.004472540680473373,0.0005316198224852071,0.1126745099852071,0.013209066990315798,151.62345714681953,57.30657246835065,0.017121625369822487,82.32873751849112,62.20770733173077,musa-acuminata-freshripe-44666268-2653-11ec-a8e0-d8c4975e38aa_jpg.rf.c2755fd7730420e21bb993cc9856265e.jpg,6
0.16750069341715976,0.005142843934911242,0.00030625924556213017,0.20440782174556213,0.013056062561017927,135.4983820266272,71.1332471460823,0.017739922337278106,72.05467594304734,59.11413068602071,musa-acuminata-freshripe-44724c1b-2653-11ec-b724-d8c4975e38aa_jpg.rf.f26d3593316ece550cf4dfd89879d370.jpg,6
0.14243366309171598,0.0038889145710059173,0.0012597078402366863,0.06457447300295859,0.01109084644265871,158.99092779215977,46.23414312650911,0.01532451923076923,88.27611871301775,60.79505477995562,musa-acuminata-freshripe-44a45956-2653-11ec-a830-d8c4975e38aa_jpg.rf.668cfc1105710e796c11a8adadaefd4c.jpg,6
0.14211006841715976,0.00390625,0.0008032082100591716,0.001409948224852071,0.0019381991949816353,170.18183131471895,21.008012023237125,0.011747642381656804,92.62378651997041,57.289807923446745,musa-acuminata-freshripe-44b04409-2653-11ec-b743-d8c4975e38aa_jpg.rf.983163401e4b60b00f0e468e2babf24f.jpg,6
0.14198872041420119,0.0038369082840236687,0.0005894045857988165,0.0009361131656804734,0.24420040966339926,180.12184495192307,25.428386920340827,0.3455759985207101,92.56978088017752,53.83395548261834,musa-acuminata-freshripe-4511fe7f-2653-11ec-8604-d8c4975e38aa_jpg.rf.1f2c0a37907c091f7a205929387460ec.jpg,6
0.21075836723372782,0.006194526627218935,0.0010690181213017752,0.0005720691568047337,0.0011123098217444714,168.32951761279585,24.06804096683494,0.008037860576923076,86.71225499260355,68.93032891087279,musa-acuminata-freshripe-45145e8c-2653-11ec-8c3a-d8c4975e38aa_jpg.rf.a98646f8a74eb707296eefb595a4d6ee.jpg,6
0.14195404955621302,0.00402759800295858,0.0006471893491124261,0.0010459042159763313,0.2441995907021998,180.16762781989644,25.48637187640686,0.3453044101331361,92.57108103735207,53.80799856693787,musa-acuminata-freshripe-4529d346-2653-11ec-83a1-d8c4975e38aa_jpg.rf.a8a22fc6cec873b1a31781a4d6399233.jpg,6
0.08882673816568047,0.002062916050295858,0.0009303346893491124,0.43621717825443784,0.017293291619573548,95.55803323779585,85.33445566161518,0.017121625369822487,54.977660410502956,41.40896588387574,musa-acuminata-freshripe-452c358c-2653-11ec-bfaf-d8c4975e38aa_jpg.rf.a0bea2949a99bf2f3ee9619b157b8bb2.jpg,6
0.14227186575443787,0.003883136094674556,0.0006876386834319527,0.0008436575443786982,0.24346244387355687,180.06724990754438,25.451749774370214,0.3471535225591716,92.57679595044378,53.83278823039941,musa-acuminata-freshripe-4541a94a-2653-11ec-a424-d8c4975e38aa_jpg.rf.dd491d81155ccd3e590694109fe81d35.jpg,6
0.22499653291420119,0.004564996301775148,0.0013868343195266271,0.0015544101331360946,0.001102472023826859,168.78736362795857,24.61671014670932,0.009447808801775148,85.69222679363905,71.82909000554734,musa-acuminata-freshripe-457d3d65-2653-11ec-abaf-d8c4975e38aa_jpg.rf.b00f0bfde4ddce909ecbd5c6cc087167.jpg,6
0.2728885447485207,0.005709134615384615,0.00034093010355029586,0.17725476146449703,0.012311559022023463,132.8886487610947,65.35665737204484,0.021259014423076924,65.80253790680473,77.5330182137574,musa-acuminata-freshripe-461cedbf-2653-11ec-bb2b-d8c4975e38aa_jpg.rf.f71a0dc69881a6966f5e15c956c2c02d.jpg,6
0.34979428624260356,0.0012308154585798817,0.00014446190828402367,0.0030741494082840238,0.0010219731144250463,163.83253397744082,24.24258426690255,0.010401257396449703,77.98424209504438,90.59077986316568,musa-acuminata-freshripe-46941992-2653-11ec-8c18-d8c4975e38aa_jpg.rf.5a7c195ffd7e5c1ca1a400d06838b48d.jpg,6
0.27316591161242604,0.007171089127218935,0.00036404400887573966,0.002415403106508876,0.23694191879764176,173.7039571005917,28.82993285212047,0.3431143676035503,83.05675619452663,74.47398529955622,musa-acuminata-freshripe-46abef32-2653-11ec-9d63-d8c4975e38aa_jpg.rf.b583d2969ed7c7b17062b75f34c738b0.jpg,6
0.28253282174556216,0.0014908468934911243,0.00024847448224852073,0.003259060650887574,0.24277678284040538,179.51989529400888,33.140372108326,0.34381356323964496,84.22137342825444,72.9847621579142,musa-acuminata-freshripe-470b457f-2653-11ec-ac69-d8c4975e38aa_jpg.rf.0e33f04bb6e76bd193d93ef962ed4295.jpg,6
0.24556790865384615,0.0003698224852071006,2.8892381656804732e-05,0.24244753143491124,0.01505048537470205,128.94044124445267,76.62473534449391,0.014365292159763314,64.67529585798816,71.76534763313609,musa-acuminata-freshripe-47aaf821-2653-11ec-9a7c-d8c4975e38aa_jpg.rf.cfab0038a3a1de121695bf48732a1bd3.jpg,6
0.24521542159763313,0.0004680565828402367,4.622781065088757e-05,0.25180866309171596,0.01764091103281203,127.17453309911242,77.46935364082017,0.014977810650887574,62.97607132951183,69.2079153568787,musa-acuminata-freshripe-4813d4b6-2653-11ec-af26-d8c4975e38aa_jpg.rf.4fe79d78337bfc880090b56d18dd7c17.jpg,6
0.28257327107988167,0.001508182322485207,0.00022536057692307694,0.0030914848372781065,0.239593867982158,179.50870238535504,33.20991082278371,0.3451541697485207,84.26047059911242,72.98794609837279,musa-acuminata-freshripe-481d5d4c-2653-11ec-8221-d8c4975e38aa_jpg.rf.ad153f03a3ef37c2352e814205154a34.jpg,6
0.2639261279585799,0.0009534485946745562,0.0005489552514792899,0.0034208579881656806,0.001500752356002229,167.3333602995562,27.4451492093404,0.013267381656804734,85.77584712463018,74.58913877588758,musa-acuminata-freshripe-48cdbe24-2653-11ec-bb61-d8c4975e38aa_jpg.rf.b5598b616713733c17e42ed595dc9c99.jpg,6
0.2638856786242604,0.0012134800295857987,0.0004160502958579882,0.0032243897928994083,0.0014773477937280247,167.33227394600593,27.446336153450037,0.013226932322485207,86.22356347078403,74.38500832100591,musa-acuminata-freshripe-48cdbe25-2653-11ec-9d1c-d8c4975e38aa_jpg.rf.f441234dc09b07eea97927525ab54621.jpg,6
0.26467155140532544,0.0014735114644970414,0.0004564996301775148,0.002270941198224852,0.2385516988711866,177.2862252681213,30.93128798391751,0.3486328125,85.6532278568787,69.85028545673077,musa-acuminata-freshripe-4957fa09-2653-11ec-80e7-d8c4975e38aa_jpg.rf.a1233a9bd3a27f44ccad66adde98c626.jpg,6
0.3243112056213018,0.0011672522189349113,0.00045072115384615387,0.003802237426035503,0.0012175583446173185,163.9202512481509,29.235516479731505,0.013411843565088757,80.10160294933432,85.69262550850591,musa-acuminata-freshripe-4961829e-2653-11ec-a812-d8c4975e38aa_jpg.rf.9b4d42fff7f17e9fac253bd9d48230a7.jpg,6
0.17423261834319526,0.0018548909023668638,0.00036404400887573966,0.3715560281065089,0.018993693893213974,102.16958672337279,81.1179987477201,0.022143121301775148,55.45195196930474,58.83442931767752,musa-acuminata-freshripe-498a0723-2653-11ec-9861-d8c4975e38aa_jpg.rf.2af721e9fcb667d4221b37bdadf16069.jpg,6
0.22786265717455623,0.0030048076923076925,0.00024847448224852073,0.011967224482248521,0.014632145159680535,163.9194249260355,28.594290527957646,0.020675388313609468,87.99960128513314,71.2278511002219,musa-acuminata-freshripe-49dfd4e3-2653-11ec-b64b-d8c4975e38aa_jpg.rf.e28d31e7b4bfad1277cdad76bbb3c611.jpg,6
0.2510632396449704,0.004801913831360947,0.00012712647928994083,0.005963387573964497,0.24430383210578038,172.65386926775147,33.084595869178216,0.3454546505177515,84.63120030510355,70.81658538276628,musa-acuminata-freshripe-4a0f7fe4-2653-11ec-b06f-d8c4975e38aa_jpg.rf.52cb5968384bb8988725c628b80027fd.jpg,6
0.2461977625739645,0.002918130547337278,0.0003698224852071006,0.062482664571005916,0.012988953498197762,153.06519854844674,46.729466719045654,0.021519045857988167,81.73633968195266,78.89086191752959,musa-acuminata-freshripe-4a11e216-2653-11ec-95d4-d8c4975e38aa_jpg.rf.2024f55ae7ba3a96778b38595a000788.jpg,6
0.22393329326923078,0.0022478272928994083,0.00016757581360946744,0.25180866309171596,0.01413913320053075,122.50340352255917,74.3712486154937,0.01886672522189349,62.95973557692308,68.79311899038461,musa-acuminata-freshripe-4a202f09-2653-11ec-80b7-d8c4975e38aa_jpg.rf.16a54a121836da4c43c860df5baf9235.jpg,6
0.31667783838757396,0.0020166882396449705,0.00010979105029585799,0.010701738165680473,0.0018291770626394142,161.95123543823965,30.832309466977044,0.013348280325443787,78.08639399963018,88.45182484282545,musa-acuminata-freshripe-4a4d77e5-2653-11ec-9a63-d8c4975e38aa_jpg.rf.72b0ab1eb34c6f0697f92283fdf52145.jpg,6
0.25135216346153844,0.004969489644970414,0.00020224667159763314,0.006125184911242604,0.24800576876951885,172.56022905880178,33.04279008725529,0.3448421320266272,84.63567284578403,70.87698779585799,musa-acuminata-freshripe-4a7f8521-2653-11ec-94c3-d8c4975e38aa_jpg.rf.dec7e8cb17e5c86def354d5cab467055.jpg,6
0.1475649500739645,0.001513960798816568,0.00010401257396449704,0.4630177514792899,0.020656626755802,87.3790911612426,83.15717834179696,0.022663184171597635,47.668355907914204,49.72886811205621,musa-acuminata-freshripe-4a81e772-2653-11ec-be70-d8c4975e38aa_jpg.rf.b7de46a1081213308ef33bf7efd9cd83.jpg,6
0.3139908468934911,0.0036231046597633137,0.0009765625,0.022004437869822487,0.0012816192287402198,167.14854151257396,36.46293208815824,0.01184009800295858,74.42092732988165,94.9930716068787,musa-acuminata-freshripe-4b0c2454-2653-11ec-b8f3-d8c4975e38aa_jpg.rf.aa0518dbae65bb40762a9f609820b8ca.jpg,6
0.24680450258875739,0.0014850684171597633,0.0015775240384615385,0.0,0.0027787964573335903,212.56192215236686,23.991946876908166,0.01819064349112426,83.64892289201184,47.467721431213015,musa-acuminata-freshripe-4b180f1f-2653-11ec-a705-d8c4975e38aa_jpg.rf.e99ad53bb6ef56723214ef90b0e5a0ce.jpg,6
0.23364113350591717,0.002582978920118343,0.006876386834319527,0.008500138683431952,0.003919189163546724,174.5444075906065,34.609826170278616,0.022235576923076924,82.55339312130178,73.82766272189349,musa-acuminata-freshripe-4b180f20-2653-11ec-a773-d8c4975e38aa_jpg.rf.299d4c88ec2f2a945194751c4f47cf76.jpg,6
0.35460197855029585,0.005009938979289941,0.009176220414201183,0.019785502958579882,0.0019082800945077498,160.7451171875,39.12890999610175,0.018606693786982247,69.99703564164201,104.7478792991864,musa-acuminata-freshripe-4b370b1d-2653-11ec-af18-d8c4975e38aa_jpg.rf.e183a5c9de9d671430a75aeac90555cb.jpg,6
0.3402713572485207,0.004108496671597633,0.0006471893491124261,0.022437823594674555,0.001377179052575889,165.68609583025147,36.10612826819677,0.01190943971893491,71.65160988350591,101.11628027921597,musa-acuminata-freshripe-4b85b260-2653-11ec-99bd-d8c4975e38aa_jpg.rf.c08e9a3857fecdce46494c264a88a4de.jpg,6
0.2267994175295858,0.003964034763313609,0.005264191937869822,0.00402759800295858,0.24057867843357067,179.2823710244083,35.5051808526756,0.34517150517751477,82.76879160502959,69.47126363720415,musa-acuminata-freshripe-4c1bda4a-2653-11ec-9280-d8c4975e38aa_jpg.rf.c56ad97804a0da99d8f13e6ba81a4228.jpg,6
0.2204662074704142,0.002282498150887574,0.005686020710059172,0.03069526627218935,0.01471312123044174,164.39456014238166,41.96994020563622,0.024362056213017753,82.0930854752219,79.23771495931953,musa-acuminata-freshripe-4c84b8ee-2653-11ec-9987-d8c4975e38aa_jpg.rf.ba7448fff613863afbdcc7849c0542e0.jpg,6
0.22695543639053253,0.003686667899408284,0.005206407174556213,0.004264515532544378,0.23790353918201118,179.3627438517012,35.64257664822724,0.3426116401627219,82.78787213387574,69.48877242048816,musa-acuminata-freshripe-4c9a2c70-2653-11ec-89c4-d8c4975e38aa_jpg.rf.228c226df03ddd21fb67342288285e8f.jpg,6
0.2205702200443787,0.002467409393491124,0.00555311575443787,0.006159855769230769,0.00405952061738985,169.3148402829142,32.678792890848726,0.021033653846153848,82.95903060281066,75.5360403568787,musa-acuminata-freshripe-4c9ef0ba-2653-11ec-8e52-d8c4975e38aa_jpg.rf.774ab7d7c8fba1301ddee0a398890a5d.jpg,6
0.27625739644970415,0.00457655325443787,0.0005778476331360947,0.0013463849852071005,0.24139552454817367,173.6421158468935,27.36537034126277,0.3458302514792899,84.63484652366864,76.82611409023669,musa-acuminata-freshripe-4d58d8e0-2653-11ec-b949-d8c4975e38aa_jpg.rf.dacee0ffb11a7528aa3a09a5e471fadc.jpg,6
0.35889538646449703,0.003178161982248521,0.00028314534023668637,0.0009534485946745562,0.0012298763971110693,162.54452893860946,23.588149568964234,0.012891780695266272,77.56589196560651,94.19379853920118,musa-acuminata-freshripe-4d626187-2653-11ec-abe7-d8c4975e38aa_jpg.rf.eae14ba42e6d855bd9cd6fd803913b49.jpg,6
0.4335359652366864,0.0006356323964497041,0.000433385724852071,0.0003351516272189349,0.0012143696494039203,163.07459435096155,22.00492980933917,0.009962093195266272,71.88601955436391,105.24018814718934,musa-acuminata-freshripe-4da77ff0-2653-11ec-bd71-d8c4975e38aa_jpg.rf.30e6c4b16dfbffb7ac5c1a975b4c475e.jpg,6
0.2415518676035503,0.003178161982248521,0.0010979105029585799,0.2059680103550296,0.014629677584044324,129.8507361778846,69.07474519972688,0.019797059911242604,68.57811922152366,75.59272720968934,musa-acuminata-freshripe-4db1089b-2653-11ec-abb1-d8c4975e38aa_jpg.rf.ece28089df13a48e20ff4d2904fdbaf1.jpg,6
0.44978504068047337,0.0006760817307692308,0.00030048076923076925,6.934171597633136e-05,0.000734481171048041,163.40276557877218,20.793257814080068,0.006876386834319527,71.21968033468934,107.68725730399409,musa-acuminata-freshripe-4f2276ba-2653-11ec-a759-d8c4975e38aa_jpg.rf.69a6ec88e45867309ad308d091bfb8e2.jpg,6
0.2762458394970414,0.0035248705621301773,0.0006991956360946745,0.05971477440828402,0.010957441781626574,153.56975198779585,44.45599260944432,0.019433015902366863,80.85060327292899,84.87592455621302,musa-acuminata-freshripe-4f843062-2653-11ec-89f0-d8c4975e38aa_jpg.rf.805008d110f93473f2efafd8ff6dbfc8.jpg,6
0.26026257396449703,0.003559541420118343,0.0006818602071005917,0.129674787352071,0.013436398253346192,142.31706499630178,58.808058260473636,0.0202708949704142,75.17925411427515,81.23510308801775,musa-acuminata-freshripe-50ae1cad-2653-11ec-838c-d8c4975e38aa_jpg.rf.f429c6ca0ade0cccde36ee0777709c68.jpg,6
0.13766064164201183,0.003992927144970414,0.0001733542899408284,0.28797614644970415,0.01726316004138021,121.47835960613905,79.04896191117273,0.017780371671597635,66.76167252218934,53.27644808616864,musa-acuminata-freshripe-50cf7ab3-2653-11ec-87ef-d8c4975e38aa_jpg.rf.93e43c1cbcef11149e5097e6a5567068.jpg,6
0.18485345784023668,0.005183293269230769,0.000433385724852071,0.004512990014792899,0.0015313464797155427,170.39024939903845,23.559333182997396,0.012793546597633137,89.11325235761835,62.56984444341716,musa-acuminata-freshripe-50d6a152-2653-11ec-a8e5-d8c4975e38aa_jpg.rf.a5689bfaa558797d93a522f2a74fe77d.jpg,6
0.3022605399408284,0.0087890625,0.0006298539201183432,0.0070266272189349116,0.001055606934226305,167.31103226701183,27.840631381003746,0.013712324334319527,77.2347621579142,81.6680438701923,musa-acuminata-freshripe-77bc0083-1d0a-11ec-9a56-d8c4975e38aa_jpg.rf.dc4975de7b3b6a9dcd0ae0bd0a1a65bc.jpg,6
0.13414732803254437,0.0036462185650887576,0.0006009615384615385,0.3058894230769231,0.01755767421211533,118.3827373798077,80.32736507053279,0.018098187869822487,65.15800087832841,51.67356809356509,musa-acuminata-freshripe-78137366-1d0a-11ec-bc48-d8c4975e38aa_jpg.rf.168e511f8f81592894ae5bccd9396d62.jpg,6
0.1734005177514793,0.0045938886834319525,0.00034093010355029586,0.004628559541420118,0.0021610813789819114,170.72937083949705,22.941252251857847,0.01337139423076923,90.1888810558432,60.41318995007396,musa-acuminata-freshripe-7815e46c-1d0a-11ec-8f21-d8c4975e38aa_jpg.rf.f7aef3c03300a1373a4b997984966ed2.jpg,6
0.17292668269230768,0.005085059171597633,1.733542899408284e-05,0.0,0.001554785151171261,215.0740742880917,15.668172132804825,0.011383598372781065,90.65921435835799,34.91993921042899,musa-acuminata-freshripe-7818558e-1d0a-11ec-b123-d8c4975e38aa_jpg.rf.410f6f3a0f37b78e73f36e1d0d13f701.jpg,6
0.22816313794378698,0.00695728550295858,0.0003698224852071006,0.005651349852071006,0.00145601480732837,168.6315585706361,25.805028236437188,0.014688886834319527,84.80601654955622,69.81128074149409,musa-acuminata-freshripe-781d375c-1d0a-11ec-9c74-d8c4975e38aa_jpg.rf.a5aea82138bf327b322cb8b58f4f2e3e.jpg,6
0.3015902366863905,0.009915865384615384,0.0014735114644970414,0.000970784023668639,0.0009329708301312726,163.2427075628698,27.923059518876062,0.005824704142011835,78.58752080251479,84.62620192307692,musa-acuminata-freshripe-78846c45-1d0a-11ec-9d4e-d8c4975e38aa_jpg.rf.babf85a1b9091b4ece08db1f42d0a186.jpg,6
0.16594628328402367,0.004564996301775148,0.0008783284023668639,0.0012597078402366863,0.0012553656877545949,170.28285641642012,21.89204431320765,0.008095645340236686,90.63217686760355,61.88981023483728,musa-acuminata-freshripe-7890eff1-1d0a-11ec-8abd-d8c4975e38aa_jpg.rf.691b716d8f72c8a94bce5071bbb6ee7e.jpg,6
0.22224019970414202,0.006362102440828402,0.0015370747041420119,0.0014735114644970414,0.001028844997937186,167.88444780880178,25.269772761074854,0.011481832470414201,85.72155833949704,71.01564811390533,musa-acuminata-freshripe-78c4e960-1d0a-11ec-8450-d8c4975e38aa_jpg.rf.8680441df7cc0123d28388e9d5e80a01.jpg,6
0.273021449704142,0.006939950073964497,0.00043916420118343197,0.002270941198224852,0.23892893859579054,173.66027181952663,28.84146623579072,0.3455355491863905,83.07425919933432,74.53238258136095,musa-acuminata-freshripe-78d6d2a0-1d0a-11ec-8a88-d8c4975e38aa_jpg.rf.11f5d4adda75515c27a4654e9806bfe9.jpg,6
0.2732179178994083,0.007038184171597633,0.0004160502958579882,0.0023633968195266274,0.2437790616889264,173.6663854474852,28.902717889254355,0.34288322855029585,83.08863026997041,74.47752172707101,musa-acuminata-freshripe-790e8bd7-1d0a-11ec-aae6-d8c4975e38aa_jpg.rf.50704ca8a87180a03692acd40a0956fb.jpg,6
0.20710059171597633,0.0040969397189349116,0.0003582655325443787,0.3167471801035503,0.01810064731791367,111.1370134522929,77.95719627765321,0.020340236686390532,58.71176382211539,65.57496995192308,musa-acuminata-freshripe-79126307-1d0a-11ec-977d-d8c4975e38aa_jpg.rf.81083f7b29fffb22f143acc05ee1c5e4.jpg,6
0.39806189903846156,0.0004622781065088757,0.00012134800295857988,0.0,0.0005875623402151923,163.9922799556213,19.409418942200297,0.007303994082840237,75.05655394785504,100.4551532451923,musa-acuminata-freshripe-79206690-1d0a-11ec-a0bd-d8c4975e38aa_jpg.rf.31a9208f9bb2ab70121268d822a56090.jpg,6
0.22729058801775148,0.0030914848372781065,0.00022536057692307694,0.12421990569526627,0.012071347608062414,144.52663877588756,58.51370865343708,0.020097540680473373,76.99165010170118,71.5010516826923,musa-acuminata-freshripe-79271554-1d0a-11ec-ba3b-d8c4975e38aa_jpg.rf.22ac56003928836eebfe7665dead2da9.jpg,6
0.22930727625739644,0.003276396079881657,0.00023113905325443786,0.0023171690088757396,0.2442241823400295,175.73254322300295,28.17284820429654,0.3478238258136095,87.95210220968934,66.18242071930473,musa-acuminata-freshripe-7936cff2-1d0a-11ec-9bfa-d8c4975e38aa_jpg.rf.6732bd92bb157c71ce0b1166872ce51f.jpg,6
0.4463815181213018,0.01098488350591716,0.0002369175295857988,0.004726793639053255,0.0011519779235607715,156.35769346338756,29.439453223805792,0.01123335798816568,66.81585729474853,108.49223950628698,musa-acuminata-freshripe-7979e005-1d0a-11ec-959f-d8c4975e38aa_jpg.rf.193d46c2d282d090d8a9f2ce16c26a20.jpg,6
0.23534000554733728,0.004900147928994083,0.00024269600591715976,0.21833394970414202,0.015367983890662473,127.22865430843196,70.24252106693561,0.020981647559171597,66.1275251941568,72.8752195821006,musa-acuminata-freshripe-797c5102-1d0a-11ec-a95e-d8c4975e38aa_jpg.rf.b69fb964a58f22ff3c40f8907ee52d89.jpg,6
0.2823941383136095,0.001421505177514793,0.00025425295857988165,0.003259060650887574,0.23781883541408824,179.5252057137574,33.111185649781135,0.34662768121301774,84.26570589866864,72.99487449149409,musa-acuminata-freshripe-799a684d-1d0a-11ec-8311-d8c4975e38aa_jpg.rf.949f635224382c44815f9285194e60b2.jpg,6
0.33018791605029585,0.0004218287721893491,9.245562130177515e-05,0.0048712555473372785,0.0012035444784346413,169.62980191383136,29.52897905191645,0.008702385355029586,80.65035017566568,87.85490823779585,musa-acuminata-freshripe-79a9a790-1d0a-11ec-9e66-d8c4975e38aa_jpg.rf.95e136ac2bf87a05ab41f3f91225b15e.jpg,6
0.28229590421597633,0.001409948224852071,0.00020224667159763314,0.003259060650887574,0.24010071318000564,179.43627496301775,33.20170110854741,0.34395224667159763,84.21187361316568,73.05631125184911,musa-acuminata-freshripe-79bf3beb-1d0a-11ec-bdb6-d8c4975e38aa_jpg.rf.058170e42f697039c003a1a2fb7756b2.jpg,6
0.26536496856508873,0.00031203772189349115,0.0001849112426035503,0.20659208579881658,0.01526415631881694,133.62133066752958,72.52765818026899,0.015942816198224852,66.49801220414201,75.33331407174556,musa-acuminata-freshripe-79da0614-1d0a-11ec-af9a-d8c4975e38aa_jpg.rf.71caeaf71cfd389fdbb8257f5d24813a.jpg,6
0.26569434171597633,0.0007974297337278106,0.00021380362426035504,0.13224620931952663,0.014900922419573177,146.3476331360947,62.83588022314898,0.01819642196745562,74.61211399778107,77.15659093010355,musa-acuminata-freshripe-79e683df-1d0a-11ec-9b2e-d8c4975e38aa_jpg.rf.c427da86ecac27e25b866aedbe658fd7.jpg,6
0.2639954696745562,0.000993897928994083,0.0004564996301775148,0.013047799556213017,0.014215917123722631,165.2149882119083,32.01955113278676,0.017786150147928993,85.65607086723372,75.79440759060651,musa-acuminata-freshripe-7a2e1c34-1d0a-11ec-9936-d8c4975e38aa_jpg.rf.2e55060ac4d6c10675c628b01704cee3.jpg,6
0.36581800110946744,0.001415726701183432,0.0004680565828402367,0.0045187684911242604,0.000979669007793878,163.02180796967457,29.75652864109367,0.010603504068047337,76.82971985946746,94.48467548076923,musa-acuminata-freshripe-7a4c284f-1d0a-11ec-944b-d8c4975e38aa_jpg.rf.67d13f3ce54ba383b31d93012003cf36.jpg,6
0.19152759800295857,0.0004796135355029586,0.00015024038461538462,0.3462231878698225,0.01788365396961963,108.5993897928994,81.7235192095324,0.018745377218934912,57.5721558339497,58.29094628328402,musa-acuminata-freshripe-7a681ac1-1d0a-11ec-99b5-d8c4975e38aa_jpg.rf.acc50c6dfc13ce65aed8e0d54f05e7ae.jpg,6
0.2647235576923077,0.0012770432692307692,0.0004622781065088757,0.0021495931952662723,0.2387057341261749,177.38247156989644,30.97232641627304,0.34364020894970415,85.66809587647928,69.82652436205622,musa-acuminata-freshripe-7a84711a-1d0a-11ec-9403-d8c4975e38aa_jpg.rf.ae277af404e1c82b3a47244c11031c68.jpg,6
0.19987171782544377,0.0009303346893491124,0.00031781619822485207,0.31800110946745563,0.01846663264467629,113.2940204326923,80.24453037423,0.0187916050295858,60.17255108173077,61.39770941198225,musa-acuminata-freshripe-7aa4173f-1d0a-11ec-9be1-d8c4975e38aa_jpg.rf.9753a8c4bf1431e69ee741a42e0bb3b1.jpg,6
0.29974112426035504,0.0038426867603550295,0.00035248705621301776,0.003334180843195266,0.0018975974522369558,163.26864136464496,26.06613709480199,0.016590005547337278,81.70812916050296,82.56197993713018,musa-acuminata-freshripe-7b17957f-1d0a-11ec-8682-d8c4975e38aa_jpg.rf.98c5d463bd223d0eedecc7bb3a11fc59.jpg,6
0.32856994267751477,0.004374306582840237,9.82340976331361e-05,0.011366262943786983,0.0023053724314651336,159.08996509800295,32.66634541915189,0.015856139053254437,77.29011996116864,91.35768768491124,musa-acuminata-freshripe-7b5893b3-1d0a-11ec-bad2-d8c4975e38aa_jpg.rf.21acef64ea3c05b690a9a5b091ef82b6.jpg,6
0.2511499167899408,0.005264191937869822,0.00013868343195266273,0.005836261094674556,0.242397512289805,172.67276488535504,33.104686214685536,0.34054294563609466,84.61951044748521,70.89376271264793,musa-acuminata-freshripe-7b77dadc-1d0a-11ec-88ca-d8c4975e38aa_jpg.rf.94ad428932d5db3151ddb6d8af9a20e5.jpg,6
0.31374815088757396,0.003987148668639053,0.011135123890532544,0.017838156434911243,0.0019299983499581135,163.82447878143492,39.21423853555625,0.01910364275147929,73.50474990754438,95.17343518860947,musa-acuminata-freshripe-7ba368bb-1d0a-11ec-ab64-d8c4975e38aa_jpg.rf.2251f3251996258cf72d97b3b8e41a70.jpg,6
0.2080944896449704,0.0032243897928994083,0.004738350591715976,0.24435442862426035,0.015785045114115655,128.32655325443787,77.44389080843588,0.021559495192307692,62.819237703402365,73.26392034948225,musa-acuminata-freshripe-7bd5d130-1d0a-11ec-8af2-d8c4975e38aa_jpg.rf.f97440781dbbeeb1817cd810a5ec4017.jpg,6
0.23321930473372782,0.004917483357988165,0.006749260355029586,0.008453910872781065,0.23971272208170502,178.68753467085799,38.22101095687127,0.34270987426035504,81.8757916512574,71.44984860392012,musa-acuminata-freshripe-7be1b63b-1d0a-11ec-9322-d8c4975e38aa_jpg.rf.f08c7733318a6edb3d6e1b5d29045312.jpg,6
0.227747087647929,0.004050711908284024,0.005385539940828402,0.02196976701183432,0.01710876520983015,166.84039270525147,38.73337085977983,0.024859005177514795,82.0027101053994,78.66871417344674,musa-acuminata-freshripe-7be7d0d6-1d0a-11ec-ab6c-d8c4975e38aa_jpg.rf.05ce2333b2c9b72a7b7778303bf21cab.jpg,6
0.23342155140532544,0.005009938979289941,0.006587463017751479,0.008621486686390532,0.24112896037606443,178.68647720968934,38.13560304847465,0.34649477625739644,81.87315666605029,71.39367603550296,musa-acuminata-freshripe-7c014265-1d0a-11ec-b83f-d8c4975e38aa_jpg.rf.66d78627ecd2dbed801ea400abbecfb3.jpg,6
0.37786034578402367,0.004501433062130178,0.007702708949704142,0.021779077292899407,0.002003260017550754,160.6164883043639,37.7244962660826,0.01708695451183432,68.58119337093196,110.71929317677515,musa-acuminata-freshripe-7c03b392-1d0a-11ec-b584-d8c4975e38aa_jpg.rf.1f5a6b625b2c6ef545937c821e18f3cf.jpg,6
0.22468449519230768,0.003149269600591716,0.006281203772189349,0.06573016826923077,0.014506570598395541,159.0374618620562,51.118087521888995,0.024425619452662722,79.10559587647928,81.01097332655326,musa-acuminata-freshripe-7c0b55c2-1d0a-11ec-a54f-d8c4975e38aa_jpg.rf.2ae5537b28dce1fa829d8e5237128baa.jpg,6
0.2784994452662722,0.0014446190828402367,0.000433385724852071,0.006003836908284024,0.0016988974372118759,169.68334527551775,31.555831381256816,0.01164940828402367,78.13020640717455,86.20513013128698,musa-acuminata-freshripe-7c48263a-1d0a-11ec-83d0-d8c4975e38aa_jpg.rf.71cd1464de16dd692ce845778f8482a8.jpg,6
0.22058755547337278,0.0018144415680473372,9.245562130177515e-05,0.22512365939349113,0.01361005898876303,127.45783445821006,71.57840101685673,0.019213433801775148,66.99016503328403,66.72124052329882,musa-acuminata-freshripe-7c75e0dc-1d0a-11ec-9a94-d8c4975e38aa_jpg.rf.5bc26fc14e18ccccd2590923f2b83279.jpg,6
0.2855260724852071,0.0032128328402366863,0.000433385724852071,0.007968518860946745,0.0021082187136332907,168.1020767843935,33.98114553651699,0.012614413831360947,76.76906319341715,88.38131587463018,musa-acuminata-freshripe-7cb05ff8-1d0a-11ec-b91e-d8c4975e38aa_jpg.rf.c497d2f8f9158c449fc87acc740d3e3b.jpg,6
0.25516017936390534,0.0027447762573964496,0.0005489552514792899,0.2056559726331361,0.01318462781601938,129.982404539571,69.37287263107973,0.01946768676035503,66.75728088017752,73.38125231139053,musa-acuminata-freshripe-7cceedc0-1d0a-11ec-b214-d8c4975e38aa_jpg.rf.af332cce07fba4d2e242868b901fa7fe.jpg,6
0.2800076275887574,0.0028719027366863907,0.0007512019230769231,0.004512990014792899,0.0026077443134984632,163.23941383136093,26.257869942209105,0.01917298446745562,83.71460683247041,78.38774154031066,musa-acuminata-freshripe-7ce0998f-1d0a-11ec-bed4-d8c4975e38aa_jpg.rf.1c4708afc7e8822a37476af89ecb474a.jpg,6
0.3929652829142012,0.0029990292159763313,0.00012712647928994083,0.0016526442307692308,0.0010192411255575205,164.0143710706361,25.03877231709364,0.00969628328402367,75.22704789201184,98.3530186760355,musa-acuminata-freshripe-7cff3795-1d0a-11ec-852f-d8c4975e38aa_jpg.rf.5cfa6f282594f5f23296f674434bc065.jpg,6
0.39204072670118345,0.0015544101331360946,0.00029470229289940827,0.0004102718195266272,0.000913783952745001,164.30156134430473,23.493944780500062,0.010395478920118344,75.5458984375,96.09581869452663,musa-acuminata-freshripe-7d2990a2-1d0a-11ec-96bb-d8c4975e38aa_jpg.rf.2a1a0138b8d2cd9ddafea7d1d35e67fe.jpg,6
0.37302953957100593,0.0012539293639053253,0.0004449426775147929,0.0028776812130177514,0.0016472359177628917,160.83701229659763,26.651709399401884,0.01471777921597633,75.80840306028107,92.49722633136095,musa-acuminata-freshripe-7d573cfe-1d0a-11ec-85d6-d8c4975e38aa_jpg.rf.b67b89029ceede146a8dc347fd0f69c5.jpg,6
0.2671158468934911,0.0059229382396449705,0.002143814718934911,0.0026465421597633137,0.0022446566425323613,163.21935096153845,22.9058557594684,0.017358542899408285,85.12164270525147,82.24686228735207,musa-acuminata-freshripe-7d91609e-1d0a-11ec-96bb-d8c4975e38aa_jpg.rf.bf416467dbb02fc6df0aba9c29832d16.jpg,6
0.26759546042899407,0.006171412721893491,0.0018028846153846155,0.0018664478550295858,0.24183808901403372,173.33422707100593,27.050762883363557,0.3479220599112426,85.10650887573965,77.69423770340237,musa-acuminata-freshripe-7da98ee5-1d0a-11ec-8d91-d8c4975e38aa_jpg.rf.e2ac8a23d40c7ef23ab0f3a485155875.jpg,6
0.2677110299556213,0.005969166050295858,0.002057137573964497,0.0024616309171597633,0.008913252903834878,162.94017543454143,23.123730529019102,0.020675388313609468,85.08996509800296,82.20239691198225,musa-acuminata-freshripe-7dabffc7-1d0a-11ec-826c-d8c4975e38aa_jpg.rf.e48820357475e0c86991be6437ba5c32.jpg,6
0.23947739460059173,0.005558894230769231,0.0019935743343195266,0.18526372965976332,0.014126689839669459,132.17307692307693,65.94347665641767,0.021004761464497042,70.83386880547337,77.43451252773669,musa-acuminata-freshripe-7e25c45a-1d0a-11ec-8c48-d8c4975e38aa_jpg.rf.7e7a4a7586f8795fc73fbe6d5a613c04.jpg,6
0.3169205343934911,0.00011556952662721893,0.0007743158284023669,4.622781065088757e-05,0.0009056935326992381,165.70277829142012,15.128212702563255,0.006679918639053255,82.84185465976331,88.61592201368343,musa-acuminata-freshripe-7e5a0dee-1d0a-11ec-9eac-d8c4975e38aa_jpg.rf.67e8486d65e7e8100948aa66a4df6358.jpg,6
0.24368990384615385,0.004940597263313609,0.00026003143491124263,0.0,0.0015431212987699768,211.31354012573965,12.945519561055686,0.009650055473372781,87.27551775147928,42.30674463757396,musa-acuminata-freshripe-7e61d101-1d0a-11ec-8c58-d8c4975e38aa_jpg.rf.605cbc5d6fcabfcef3c1012b1ced6a97.jpg,6
0.3544170673076923,0.01007766272189349,0.0007454234467455621,0.0,0.000936706631748179,161.58765370747042,20.45905177289285,0.009650055473372781,78.61806582840237,94.88282405695266,musa-acuminata-freshripe-7e644219-1d0a-11ec-91e4-d8c4975e38aa_jpg.rf.183877208830c78d0dc90c651e9ef1f6.jpg,6
0.34126525517751477,0.0005027274408284023,0.0001849112426035503,0.0,0.0008500225354933878,165.02291165865384,20.278714528206038,0.009678947855029586,79.77730907914201,90.11440805288461,musa-acuminata-freshripe-7e812a0f-1d0a-11ec-a1bc-d8c4975e38aa_jpg.rf.708f225e5fa824bf6d1e83db07b388f5.jpg,6
0.23212139423076922,0.005957609097633136,0.00035248705621301776,0.21969189164201183,0.012909021862942,126.58316960983728,69.54491471752249,0.018051960059171597,67.55148044563609,74.41022559171597,musa-acuminata-freshripe-7e869a2e-1d0a-11ec-bbb0-d8c4975e38aa_jpg.rf.d5e3832528fd6919a12d546238b2dc61.jpg,6
0.31471315643491127,0.009014423076923076,0.0007165310650887574,0.0038369082840236687,0.0012550608727942075,165.98556536612426,25.55011539990177,0.008708163831360947,80.7940204326923,86.66674949149409,musa-acuminata-freshripe-7ef3787a-1d0a-11ec-9e24-d8c4975e38aa_jpg.rf.c71f9b2143e25b6be27cf121285358c0.jpg,6
0.21773298816568049,0.0029239090236686392,0.0008321005917159764,0.286340837647929,0.01682076206545858,116.69556675295858,76.23102920375617,0.01859513683431953,62.40633667714497,69.74348765717455,musa-acuminata-freshripe-7f0e6ff8-1d0a-11ec-80f6-d8c4975e38aa_jpg.rf.9979fd40833883e1c28c8032338b15ba.jpg,6
0.3060627773668639,0.010412814349112426,0.0003582655325443787,0.007176867603550296,0.001201460514113347,166.19939788276628,27.568891734591425,0.012498844304733728,76.55122041420118,83.0698155510355,musa-acuminata-freshripe-7f28d0e2-1d0a-11ec-96f9-d8c4975e38aa_jpg.rf.d3abc4c2370624ac75c46456ca27ba72.jpg,6
0.24129183616863906,0.005963387573964497,0.00022536057692307694,0.06443578957100592,0.01375636547415919,155.41852926220415,49.0295212052094,0.02203333025147929,81.80362426035504,75.94375231139053,musa-acuminata-ripe-6a9bf021-2653-11ec-b729-d8c4975e38aa_jpg.rf.8dd04d42b61ca3867fd78ed6407487dd.jpg,6
0.2503351516272189,0.01611617048816568,0.00015024038461538462,0.006333210059171598,0.0033553849519924826,162.8061263406065,34.09759049230667,0.025425295857988167,83.88570751664201,72.96423123150888,musa-acuminata-ripe-6abd4e84-2653-11ec-9d0f-d8c4975e38aa_jpg.rf.b48decc46ef21ae88f289524b80de25e.jpg,6
0.24368990384615385,0.00970206176035503,8.66771449704142e-05,0.006870608357988165,0.0049070404843294686,167.21632881841717,34.05671893782705,0.030805057322485205,84.98837948409763,73.52510747965977,musa-acuminata-ripe-6ae370d7-2653-11ec-af28-d8c4975e38aa_jpg.rf.27d7f66a606f104211c8ec556d6a9adb.jpg,6
0.2320520525147929,0.016087278106508875,2.8892381656804732e-05,0.00652967825443787,0.2493566569108229,174.6268259985207,38.94646036908546,0.3481243065828402,84.8783341808432,64.61684656989645,musa-acuminata-ripe-6af8e451-2653-11ec-8da0-d8c4975e38aa_jpg.rf.486ea9ba286a0c22aba4a5d0bf276dd1.jpg,6
0.4005061945266272,0.03027921597633136,0.0001964681952662722,0.022414709689349114,0.0027883713940170685,151.7727903106509,43.17320448433745,0.02312546227810651,68.86440227440828,96.70063447670118,musa-acuminata-ripe-6afb4662-2653-11ec-8128-d8c4975e38aa_jpg.rf.a60b3a94ade53127287fd2a95d2014fc.jpg,6
0.23232941937869822,0.015047152366863905,0.00013290495562130178,0.010349251109467456,0.003754307845420085,164.7064245099852,36.2292323361059,0.02710105399408284,84.7795915772929,68.67756102071006,musa-acuminata-ripe-6b000aca-2653-11ec-8d0e-d8c4975e38aa_jpg.rf.b8ef34535afb4583dabaaa416c9ba56b.jpg,6
0.15384615384615385,0.003952477810650888,0.00023113905325443786,0.3289397651627219,0.018025648412410295,110.60887227255917,80.20419773335372,0.023581961908284023,62.71753074149408,52.73844304733728,musa-acuminata-ripe-6b1a426d-2653-11ec-8243-d8c4975e38aa_jpg.rf.b6cb7f60ac89bc10953e7ca0e214f9ae.jpg,6
0.20738373705621302,0.00671458949704142,0.00038715791420118346,0.00140416974852071,0.0026608820102657325,166.22594420303255,25.944300317341206,0.018462231878698224,89.04960821930473,62.18808362610947,musa-acuminata-ripe-6b1ca4c2-2653-11ec-bf33-d8c4975e38aa_jpg.rf.bcc0949759ed90340070986b1034e996.jpg,6
0.16621209319526628,0.0014966253698224853,0.0,0.0,0.0018203251998125097,213.0540460891272,15.99453362202701,0.013388729659763314,90.44073016826923,31.326888406065088,musa-acuminata-ripe-6b1f06aa-2653-11ec-8495-d8c4975e38aa_jpg.rf.5b472d477d9da5ecdd2734992d602f56.jpg,6
0.20665564903846154,0.004570774778106509,0.00010979105029585799,0.14075212647928995,0.013224840130019117,144.04325189534023,64.29691845343368,0.02336815828402367,77.17534786427515,66.04600822855029,musa-acuminata-ripe-6b288f55-2653-11ec-8799-d8c4975e38aa_jpg.rf.619a73fd275abc665c84ad23bc8a02b0.jpg,6
0.1773934448964497,0.005437546227810651,0.00032359467455621304,0.24379391642011836,0.01722689786719481,125.92641688239645,76.12590470068278,0.024876340606508875,68.36964335244083,60.75501571745562,musa-acuminata-ripe-6b537641-2653-11ec-bb40-d8c4975e38aa_jpg.rf.b01d9c0a1d3a48e00447d18c1862b258.jpg,6
0.18569133690828402,0.0035306490384615385,0.00020224667159763314,0.0,0.0019503958200157061,213.6075143306213,18.939248274684275,0.017728365384615384,88.36878235946746,34.52003975591716,musa-acuminata-ripe-6b583a7a-2653-11ec-a3c0-d8c4975e38aa_jpg.rf.b0f709158d7387fc1e8c36c2d4c9f1c7.jpg,6
0.2132720044378698,0.004426312869822485,0.0,0.0,0.002625974189349865,211.29485253328403,20.351163257043293,0.018479567307692308,85.06188170303254,38.18599759615385,musa-acuminata-ripe-6b727240-2653-11ec-bdf5-d8c4975e38aa_jpg.rf.31eb7669f68478449e07b6c5eb2fcbbd.jpg,6
0.3787271172337278,0.009661612426035504,8.66771449704142e-05,0.002311390532544379,0.0015146212103804187,161.81556259245562,31.12481296494893,0.01660734097633136,74.36706037352072,92.6716149685651,musa-acuminata-ripe-6b74d45b-2653-11ec-bebb-d8c4975e38aa_jpg.rf.f3bc6e7f90f3aa84a14900b36aead3d9.jpg,6
0.15562014607988164,0.009320682322485207,1.733542899408284e-05,0.2544840976331361,0.015007452908225397,126.63329789201184,77.78421305834596,0.023709088387573966,69.05514399963018,54.35435928254438,musa-acuminata-ripe-6b7998b7-2653-11ec-ae8d-d8c4975e38aa_jpg.rf.2bcb54ff2f3b7f8db825a648cbead641.jpg,6
0.1783295580621302,0.012568186020710059,2.8892381656804732e-05,0.01079997226331361,0.0028641121858675807,167.72747549926035,32.39124519595876,0.025581314718934912,90.27336815828403,59.27168084319526,musa-acuminata-ripe-6b87e5a5-2653-11ec-b674-d8c4975e38aa_jpg.rf.12a0ae3e363dca3cf9dd6d6a940671f9.jpg,6
0.15633089866863906,0.005541558801775148,2.3113905325443786e-05,0.0,0.0020239870122599206,213.2225984652367,21.194517973287805,0.019739275147928993,90.52090074889053,30.63399708764793,musa-acuminata-ripe-6b87e5a6-2653-11ec-9f2b-d8c4975e38aa_jpg.rf.4f37491d8b5af05cfab675db2a499097.jpg,6
0.16852348372781065,0.0056686852810650884,1.733542899408284e-05,0.0,0.002385311689807906,213.02189464681953,22.418773146264858,0.020773622411242604,88.7145837185651,32.89033607618343,musa-acuminata-ripe-6ba943f6-2653-11ec-8aea-d8c4975e38aa_jpg.rf.7a1f262300a43f473e84c919888ecb3d.jpg,6
0.39358935835798814,0.025980029585798817,4.044933431952663e-05,0.04386441383136094,0.0010870793262686173,154.95584666235206,45.78699215157748,0.00829789201183432,68.73546135355029,93.47014261279585,musa-acuminata-ripe-6bbeb73b-2653-11ec-9dc9-d8c4975e38aa_jpg.rf.776ae502889c65bcaf385cbafaaedc65.jpg,6
0.20587555473372782,0.012192585059171597,0.0003987148668639053,0.02221824149408284,0.0017017075356655458,169.25545488165682,37.236625107114456,0.017595460428994084,87.19214589497041,62.5320243158284,musa-acuminata-ripe-6bc11957-2653-11ec-bfdd-d8c4975e38aa_jpg.rf.e954f7e4cd245c2948d6460a5cde9353.jpg,6
0.20570797892011836,0.012446838017751479,0.0004449426775147929,0.02179063424556213,0.0016438424512938553,169.25560512204143,37.244023533817646,0.018051960059171597,87.1055438701923,62.7328263683432,musa-acuminata-ripe-6bc11958-2653-11ec-b4ba-d8c4975e38aa_jpg.rf.a8796287e8c7b302c9359a18d6dd0f16.jpg,6
0.1362275795118343,0.0036982248520710057,5.778476331360947e-06,0.0,0.0011354370838294972,213.59804918639054,24.23255682286985,0.01081152921597633,88.4897547614645,30.80977833764793,musa-acuminata-ripe-6bc37b67-2653-11ec-afe9-d8c4975e38aa_jpg.rf.8d5fe9c768bb037879acd36c8c4e2ea0.jpg,6
0.22470760909763313,0.013827893860946745,0.00035248705621301776,0.01635886649408284,0.23853918612899447,177.29472540680473,41.325727696053946,0.3474944526627219,85.03006541235207,62.67849713387574,musa-acuminata-ripe-6bd8ef0d-2653-11ec-a469-d8c4975e38aa_jpg.rf.6283682d92ab34cd5ca1cc953e3677f7.jpg,6
0.22570728550295857,0.014613766642011835,0.0004622781065088757,0.026066706730769232,0.0016357970642428288,167.37018075073965,38.83826434490794,0.018820497411242604,85.33746879622781,66.68530417899409,musa-acuminata-ripe-6be01573-2653-11ec-97b1-d8c4975e38aa_jpg.rf.347ff3dac1cd28d99d5b29229fd59f43.jpg,6
0.35146426590236685,0.023761094674556213,5.200628698224852e-05,0.04174371301775148,0.0009616202012509476,156.59217825443787,44.660837774096905,0.01116979474852071,72.8412074704142,84.10736409023669,musa-acuminata-ripe-6be4d9d0-2653-11ec-9627-d8c4975e38aa_jpg.rf.0d8517b4a5df9dfa3fd4af1f2ac95439.jpg,6
0.46134777181952663,0.010759522928994084,8.089866863905326e-05,0.0013810558431952662,0.0013478860179339759,156.28267150517752,28.95361616572928,0.01433639977810651,67.52676590236686,102.37542182877219,musa-acuminata-ripe-6bf7ec2a-2653-11ec-aa0a-d8c4975e38aa_jpg.rf.32a277f57b1e741db9441a1664ea3f3e.jpg,6
0.17682137573964496,0.010204789201183432,5.778476331360947e-06,0.009598049186390532,0.24169212330673964,178.51056305473372,37.71118424887953,0.3453795303254438,91.77128790680473,54.48968541974852,musa-acuminata-ripe-6c0fc07a-2653-11ec-861d-d8c4975e38aa_jpg.rf.3786af5db09660b6a7a6fdc4caf9a11d.jpg,6
0.3901511649408284,0.022177792159763312,2.3113905325443786e-05,0.021218565088757396,0.0020705825690499227,152.57693463387574,42.386214262003605,0.01598904400887574,70.64832770894971,93.84578980214496,musa-acuminata-ripe-6c1222ce-2653-11ec-a022-d8c4975e38aa_jpg.rf.a4e33bb30b77410f4afa35dae581f057.jpg,6
0.17627819896449703,0.009390024038461538,1.1556952662721893e-05,0.028516780695266274,0.014473252547563178,165.5170985114645,40.431732001588834,0.021744406434911243,91.69063771264793,60.347465560281066,musa-acuminata-ripe-6c1222cf-2653-11ec-ac3d-d8c4975e38aa_jpg.rf.a6fcdee7bac5e35519c72f3722f3ebee.jpg,6
0.4884083764792899,0.021397697855029586,5.7784763313609464e-05,0.005905602810650888,0.002534027104761574,147.3990846893491,39.225467715336556,0.0164686575443787,62.09800295857988,108.16646634615384,musa-acuminata-ripe-6c279618-2653-11ec-ae1e-d8c4975e38aa_jpg.rf.55a760e398c47719b0b9511b2bb25de4.jpg,6
0.18722841161242604,0.009268676035502958,1.1556952662721893e-05,0.014896911982248521,0.0031079182352681967,167.6930820081361,35.95082194211595,0.017965282914201183,89.52634985207101,60.589832193047336,musa-acuminata-ripe-6c2c5a4e-2653-11ec-b142-d8c4975e38aa_jpg.rf.8649024e98575c4f386d21b1e2a73d66.jpg,6
0.18795649963017752,0.010401257396449703,1.1556952662721893e-05,0.010245238535502958,0.2417347708476366,177.6424856693787,38.57759987084241,0.34572623890532544,89.67084065273669,56.64441568047337,musa-acuminata-ripe-6c3f6b86-2653-11ec-8488-d8c4975e38aa_jpg.rf.3c8e59748c0de633f6f6f0af78b39482.jpg,6
0.17117002588757396,0.00799741124260355,4.622781065088757e-05,0.17596616124260356,0.015514370411996112,138.92208880362426,69.85586198158694,0.02368019600591716,76.82130061945266,60.09008644600592,musa-acuminata-ripe-6c41cdc2-2653-11ec-bc69-d8c4975e38aa_jpg.rf.554753289795f7df2749caba48ae9c5f.jpg,6
0.3690481693786982,0.009667390902366863,0.0004160502958579882,0.0007223095414201183,0.0018082582418092435,162.03486732618344,29.116695826237084,0.015544101331360947,75.58556767751479,87.25911843565089,musa-acuminata-ripe-6c59a33e-2653-11ec-ae1f-d8c4975e38aa_jpg.rf.b93353ca00b015ffff4c90f20d8b1b6e.jpg,6
0.25697462093195267,0.00884684726331361,0.0004218287721893491,0.001190366124260355,0.004132028937273835,167.91448432877218,27.655983857491268,0.018207978920118342,85.68884060650888,76.47789732803254,musa-acuminata-ripe-6c5c057a-2653-11ec-a1b9-d8c4975e38aa_jpg.rf.3ccab1954c38f585ad2713ab0239ab3a.jpg,6
0.25711330436390534,0.007581360946745562,0.0002369175295857988,0.0012192585059171597,0.004115770609910313,167.91266988720415,27.65724058208321,0.01959481323964497,85.60736986871302,76.57484860392012,musa-acuminata-ripe-6c5c057b-2653-11ec-a4a9-d8c4975e38aa_jpg.rf.6357effff7c79d49859efec65dc4df4d.jpg,6
0.14422499075443787,0.007818278476331361,8.66771449704142e-05,0.3293558154585799,0.018717795508994987,113.66303970968934,82.96147688296875,0.0266041050295858,62.17778060281065,51.21628836908284,musa-acuminata-ripe-6c73daf8-2653-11ec-ba6c-d8c4975e38aa_jpg.rf.7f7750ad7c75dcdf6a8b836a0aafe0ba.jpg,6
0.2767947947485207,0.012990014792899409,0.0,0.007500462278106509,0.0012868649454478443,167.4303346893491,32.90974531424298,0.018346662352071007,81.19643352440828,72.75596916605029,musa-acuminata-ripe-6c7b017d-2653-11ec-a138-d8c4975e38aa_jpg.rf.cc6b8496fc84cf2257aea98b3940bfc4.jpg,6
0.2758124537721893,0.015711677144970414,0.00030625924556213017,0.003287953032544379,0.004379810492829872,160.40957262389054,35.038440998070975,0.0284532174556213,81.52703749075444,79.89709111501479,musa-acuminata-ripe-6c8e12b1-2653-11ec-9802-d8c4975e38aa_jpg.rf.83ff847a2a1f16cda50a01c07b9cff37.jpg,6
0.25166420118343197,0.019438794378698224,8.089866863905326e-05,0.010170118343195266,0.24326739507295655,170.01130269970415,41.02963568407673,0.3440620377218935,81.70551151072485,74.29244868713018,musa-acuminata-ripe-6ca5e868-2653-11ec-a9ab-d8c4975e38aa_jpg.rf.6dce60840018fa0cca4b33d32d702f5f.jpg,6
0.2339762851331361,0.01868181397928994,0.00010401257396449704,0.1548458302514793,0.016346618186578978,135.72656827847632,65.6972260548711,0.028112287352071007,71.45637250369822,78.39015694341715,musa-acuminata-ripe-6ca84a6f-2653-11ec-b317-d8c4975e38aa_jpg.rf.bb865bec98443640d83eab26c2856afa.jpg,6
0.2547210151627219,0.020311344304733726,0.0005316198224852071,0.004264515532544378,0.003258181741829408,166.95840074889054,40.71146731743738,0.023183247041420118,81.77173862795858,73.73973164755917,musa-acuminata-ripe-6cc74670-2653-11ec-87eb-d8c4975e38aa_jpg.rf.591fc093b9298b1b139ec1574062e3ec.jpg,6
0.34360553809171596,0.010516826923076924,5.778476331360947e-06,0.0011383598372781065,0.0018947698769476407,165.01751456176035,30.47579372699015,0.015220506656804734,77.98685396634616,88.00929756841715,musa-acuminata-ripe-6cdcb9f2-2653-11ec-bfd3-d8c4975e38aa_jpg.rf.5869d985c984c24ebe2588eb34b12c40.jpg,6
0.22493296967455623,0.01178809171597633,5.778476331360947e-06,0.009072207840236686,0.0038255350862538245,166.56516387758876,33.13188645578096,0.020496255547337278,87.38300318971893,69.41208626109467,musa-acuminata-ripe-6cdf1c33-2653-11ec-b5b5-d8c4975e38aa_jpg.rf.8e1edce4382aee1a0b96dc6a657f44dd.jpg,6
0.1981092825443787,0.0056686852810650884,0.0,0.0,0.0025572855021037755,212.49969374075442,21.19676998686073,0.017185188609467456,88.28764099482248,36.37699935281065,musa-acuminata-ripe-6ce17e2d-2653-11ec-a3ab-d8c4975e38aa_jpg.rf.5afd6889cc5d7f81e9f013fda68712f4.jpg,6
0.18370354105029585,0.013937684911242603,2.3113905325443786e-05,0.19237703402366865,0.014156651052529267,137.8106971153846,73.32688250993941,0.02894438794378698,72.70070959689349,58.32773206360947,musa-acuminata-ripe-6ceb06b7-2653-11ec-8d9b-d8c4975e38aa_jpg.rf.c497f141a4e57e66aba610b148b15c79.jpg,6
0.18358797152366865,0.01622018306213018,4.044933431952663e-05,0.01964681952662722,0.003306227439817462,169.9005582008136,38.16188148006038,0.021137666420118342,90.11813517011835,59.06475938424556,musa-acuminata-ripe-6cf6f1a1-2653-11ec-b872-d8c4975e38aa_jpg.rf.3ce0af61ffc17dd8bb5345048dbd593c.jpg,6
0.1853561852810651,0.015422753328402367,0.0,0.014619545118343196,0.0033197415826784864,175.7558362610947,37.082582305153124,0.022437823594674555,89.59659301035504,54.87974990754438,musa-acuminata-ripe-6cfe1804-2653-11ec-9d86-d8c4975e38aa_jpg.rf.9e7ea20a71b1851cd1e762eace00c661.jpg,6
0.23920580621301776,0.009326460798816568,0.00012712647928994083,0.001409948224852071,0.0039762013451992385,171.28881402551775,29.74011529734078,0.023466392381656806,85.14876109467455,68.30089681952663,musa-acuminata-ripe-6d1f763d-2653-11ec-8425-d8c4975e38aa_jpg.rf.6c5b274c4838f5b5307264b12305e1d2.jpg,6
0.2318266919378698,0.01471777921597633,0.00021958210059171599,0.002386510724852071,0.00385900111478741,163.6671019785503,32.0368160434013,0.023657082100591715,86.37660641642012,70.37378651997041,musa-acuminata-ripe-6d3c0ff8-2653-11ec-a501-d8c4975e38aa_jpg.rf.58cc589a57d2aa2cc15d024c2827e32c.jpg,6
0.25766803809171596,0.01604105029585799,0.0002080251479289941,0.009858080621301776,0.004776495463210099,163.68974204881656,35.603469957700405,0.03328402366863906,83.14689464681953,74.35156827847634,musa-acuminata-ripe-6d6bbb1b-2653-11ec-a0a8-d8c4975e38aa_jpg.rf.5c8e793cfb54194d1b6d6db9c1d786e6.jpg,6
0.3528337647928994,0.00457655325443787,4.622781065088757e-05,3.467085798816568e-05,0.0012556714675318044,165.8600164108728,29.80655781587488,0.011591623520710059,77.49701252773669,88.56415264423077,musa-acuminata-ripe-6d812ea6-2653-11ec-87ca-d8c4975e38aa_jpg.rf.bc6b8a0e77826dbef2590408d2c05191.jpg,6
0.2509361131656805,0.0814245099852071,1.733542899408284e-05,0.039258968195266274,0.0056278496894610714,161.13326322115384,48.367958089054866,0.040374214127218935,71.77753443971893,70.30425411427515,musa-acuminata-ripe-7352d1d9-2653-11ec-bdad-d8c4975e38aa_jpg.rf.154854234e931477864dcf4fa151a3bb.jpg,6
0.15757327107988164,0.047210151627218935,0.00012712647928994083,0.0233045950443787,0.007396456452340273,174.62523113905326,42.83966510045577,0.03405833949704142,85.0720980491864,47.574028060281066,musa-acuminata-ripe-73579651-2653-11ec-8ff1-d8c4975e38aa_jpg.rf.02f6287955bdd00b72442e42a233831c.jpg,6
0.16718865569526628,0.04429202107988166,4.044933431952663e-05,0.07243897928994082,0.016479568857502395,154.81057576738166,53.63041664978926,0.0368435650887574,81.6254796135355,52.078026765902365,musa-acuminata-ripe-7390c9e3-2653-11ec-842d-d8c4975e38aa_jpg.rf.19c0361b96d7b09b536a111bfbceb9ea.jpg,6
0.16682461168639054,0.05180404031065089,0.0002715883875739645,0.018704927884615384,0.1803710370196076,172.61319457285504,43.53367260381612,0.3006483450443787,84.62907960428994,46.03597679363905,musa-acuminata-ripe-739f16c6-2653-11ec-842a-d8c4975e38aa_jpg.rf.1c3b477ac6d1efa9a1c483de0bde6fb9.jpg,6
0.1681594397189349,0.0433385724852071,0.00024269600591715976,0.024610530695266274,0.007946363928334635,162.6429132766272,42.12952593064367,0.03417390902366864,84.77228758321006,49.55115685096154,musa-acuminata-ripe-73a63d64-2653-11ec-a5a6-d8c4975e38aa_jpg.rf.2e5fbde7f36f4131d66abf7e72eb3eae.jpg,6
0.17434240939349113,0.042096200073964495,4.622781065088757e-05,0.17293246116863906,0.015981135508328033,133.11280741494082,69.09749532436787,0.0367395525147929,54.520028198964496,48.54092894785503,musa-acuminata-ripe-73df7136-2653-11ec-803a-d8c4975e38aa_jpg.rf.1d9f57880ae29d9f4ded08012abc21af.jpg,6
0.2705655972633136,0.06411797337278106,6.356323964497041e-05,0.04226955436390532,0.004483708801057834,138.9936610114645,43.90981338104081,0.02899061575443787,58.06898922892012,73.86399200258876,musa-acuminata-ripe-73f02032-2653-11ec-aa9a-d8c4975e38aa_jpg.rf.0d6ed726fe390adf6f76789a30cf40eb.jpg,6
0.1834435096153846,0.026095599112426034,5.778476331360947e-06,0.0,0.005297907587271569,207.28178161982248,28.739190629501877,0.028222078402366863,50.95499144785503,26.851822531434912,musa-acuminata-ripe-73f9a8d3-2653-11ec-8b6a-d8c4975e38aa_jpg.rf.2222a0975cf9f658e9f6cf8afa5faf4a.jpg,6
0.1778846153846154,0.04382974297337278,6.356323964497041e-05,0.01942145894970414,0.008186307856173523,165.37190851516272,42.42048929038727,0.03437037721893491,67.87315666605029,46.02428693602071,musa-acuminata-ripe-73fc0aef-2653-11ec-a727-d8c4975e38aa_jpg.rf.2bab8482f996a690f10706a4670f52b7.jpg,6
0.12664686575443787,0.026413415310650886,1.1556952662721893e-05,0.38734860392011833,0.021829379545450677,98.59913553994083,83.32099907593275,0.03307599852071006,39.46646172337278,35.38454026442308,musa-acuminata-ripe-74484ff9-2653-11ec-8b9f-d8c4975e38aa_jpg.rf.0b1d7721a2cd511ea73828165f2e6ec5.jpg,6
0.16246764053254437,0.034075674926035505,1.1556952662721893e-05,0.2628744452662722,0.017573079140225295,124.17545765532545,81.44144052941449,0.030071190828402365,46.51735276442308,43.991332285502956,musa-acuminata-ripe-748b0c48-2653-11ec-8c3c-d8c4975e38aa_jpg.rf.3797e0cd215149e4689f4dd7f1ebd875.jpg,6
0.29909971338757396,0.06432022004437869,0.0,0.03383297892011834,0.0034932504626884117,161.7474054641272,48.04948287439854,0.027886926775147928,52.34511949889053,73.9105434079142,musa-acuminata-ripe-74a07fb8-2653-11ec-805c-d8c4975e38aa_jpg.rf.e756436a9e7e5aa3ff27effff6059711.jpg,6
0.2613373705621302,0.006581684541420118,9.245562130177515e-05,0.12817238350591717,0.012594821532951895,143.0903002496302,61.42332048126094,0.023836214866863905,73.42190389238165,76.59807807877219,musa-acuminata-ripe-9158657f-1d0a-11ec-a9fa-d8c4975e38aa_jpg.rf.f115916dbb475edd047fdda6c2c23b8c.jpg,6
0.24885008321005916,0.017138960798816567,0.00013868343195266273,0.17709296412721892,0.013495542189141733,130.85334227071007,67.76463053845566,0.028245192307692308,67.96157313239645,71.35122156989645,musa-acuminata-ripe-91965d8f-1d0a-11ec-8ec2-d8c4975e38aa_jpg.rf.ee3fb2fccf2668e6fadba48125e5e9b5.jpg,6
0.19326114090236687,0.006622133875739645,0.0,0.0,0.002112075840550759,209.73156666050295,21.710026982359807,0.017895941198224852,85.27729752218934,36.23825813609467,musa-acuminata-ripe-91a70cb3-1d0a-11ec-ab9b-d8c4975e38aa_jpg.rf.521227f8b1b3a2864bc63b9bc825ffb4.jpg,6
0.2490234375,0.017832377958579882,0.00026580991124260355,0.004160502958579882,0.2417005576118001,168.37815504807693,35.502904320607676,0.3456106693786982,83.93021334134616,73.11370307877219,musa-acuminata-ripe-91bee3c8-1d0a-11ec-b978-d8c4975e38aa_jpg.rf.297c8678756350aacb67bcce754b9feb.jpg,6
0.2213387573964497,0.016087278106508875,0.0002369175295857988,0.052711261094674555,0.013447230785902523,161.73766295303255,46.28868331947813,0.024159809541420118,84.81717478735207,74.42387435281066,musa-acuminata-ripe-91f81607-1d0a-11ec-8d9b-d8c4975e38aa_jpg.rf.1d6af208e0b6df3b3a86d76715e78bcb.jpg,6
0.22150055473372782,0.01771680843195266,0.00017913276627218934,0.015122272559171597,0.24358142903745225,177.15208949704143,39.77992916305385,0.34603249815088755,85.69755454881657,66.20706014238165,musa-acuminata-ripe-92019ea4-1d0a-11ec-a496-d8c4975e38aa_jpg.rf.513b19b3892fa81df29831fbc86d8fea.jpg,6
0.2207320173816568,0.016329974112426034,0.0003467085798816568,0.0475857525887574,0.014064664617233729,162.5942700628698,45.0016057507384,0.024448733357988167,84.98117372411242,73.89531134430473,musa-acuminata-ripe-920400c1-1d0a-11ec-80ec-d8c4975e38aa_jpg.rf.863f8b0c541a35a68743b58af12aea96.jpg,6
0.22125785872781065,0.018329326923076924,0.00021958210059171599,0.02356462647928994,0.003507640270632374,167.36472586908283,37.09015194128824,0.0208776349852071,85.86830852440828,70.43100499260355,musa-acuminata-ripe-920662f1-1d0a-11ec-893b-d8c4975e38aa_jpg.rf.7f5d913588c77ce1082601998c86f039.jpg,6
0.22097471338757396,0.016988720414201183,0.00031203772189349115,0.02329881656804734,0.003447614628608929,167.36289987056213,37.10172588656232,0.020825628698224852,85.76986640162721,70.5487356693787,musa-acuminata-ripe-920662f2-1d0a-11ec-9bb1-d8c4975e38aa_jpg.rf.9fb2edea458f7266445edc0341fbd250.jpg,6
0.22312430658284024,0.01647443602071006,0.00026580991124260355,0.016815366124260354,0.003367371252128122,173.3357872596154,36.1379422206175,0.02117811575443787,85.9146519045858,66.09928578032545,musa-acuminata-ripe-920b2766-1d0a-11ec-9dc1-d8c4975e38aa_jpg.rf.511bb977efb6e2cf23b858bac7963635.jpg,6
0.18759823409763313,0.010603504068047337,0.0,0.0,0.0023388134402940928,212.8586931397929,24.666570467060584,0.01841600406804734,87.29540726701184,35.16155464127219,musa-acuminata-ripe-9222fe46-1d0a-11ec-8503-d8c4975e38aa_jpg.rf.7e7793923a2aac313896e1242cf0c23a.jpg,6
0.38900124815088755,0.015122272559171597,0.00016757581360946744,0.0020224667159763313,0.0015866684089750937,157.96578564164201,30.64888823650817,0.0140416974852071,72.50071075258876,86.43413692677515,musa-acuminata-ripe-9233abed-1d0a-11ec-b957-d8c4975e38aa_jpg.rf.2ad8c170ed802d47b83104c697511743.jpg,6
0.17196745562130178,0.0018491124260355029,0.0,0.0,0.001904128720774453,213.02362818971895,16.28203636563864,0.013209596893491124,89.56569549741124,31.869025055473372,musa-acuminata-ripe-923ad28e-1d0a-11ec-a10f-d8c4975e38aa_jpg.rf.92b2fdbdc9d14510558b829a9d0d9f91.jpg,6
0.3532671505177515,0.0025078587278106507,2.3113905325443786e-05,0.001750878328402367,0.0016382309299712212,163.25320127588756,29.916527543365426,0.011608958949704143,76.68560465976331,88.15645224667159,musa-acuminata-ripe-924b819b-1d0a-11ec-b938-d8c4975e38aa_jpg.rf.1e5e1f202a39c2d782e3ea6e035effa0.jpg,6
0.14028984837278108,0.0021091438609467457,0.00017913276627218934,0.40645224667159763,0.019895700956305,99.5303658931213,85.24249173157166,0.021831083579881658,54.71026141826923,49.10853134245562,musa-acuminata-ripe-924b819c-1d0a-11ec-a4aa-d8c4975e38aa_jpg.rf.3fa012dac51b687a0fcf8dee7bce315d.jpg,6
0.21362449149408283,0.004825027736686391,0.00031781619822485207,0.0021958210059171597,0.00351028799391783,168.95758598372782,29.43308149506787,0.017248751849112426,88.12694156804734,66.20514168823965,musa-acuminata-ripe-924de3ab-1d0a-11ec-b392-d8c4975e38aa_jpg.rf.fa51a07d000e059166beec7e0777d095.jpg,6
0.21237056213017752,0.007246209319526627,0.0001849112426035503,0.0015948594674556212,0.24105681086828018,177.2637296597633,33.55421390136569,0.34539686575443784,87.74221061390533,61.91164131841716,musa-acuminata-ripe-926a7f0e-1d0a-11ec-ac96-d8c4975e38aa_jpg.rf.e698f173196edb080e69cf8a599f9e6a.jpg,6
0.21196606878698224,0.006818602071005917,0.00016757581360946744,0.0018722263313609468,0.0029587295437897595,167.2776962370562,30.35820131928857,0.020109097633136095,87.85388544748521,65.68513660318047,musa-acuminata-ripe-926f41c4-1d0a-11ec-b20e-d8c4975e38aa_jpg.rf.43144e588cd7f10837585b46dba52775.jpg,6
0.211706037352071,0.006414108727810651,0.0005836261094674557,0.0018202200443786982,0.002905017449525987,167.29836006841717,30.32809313585953,0.019877958579881658,87.77071005917159,65.6328125,musa-acuminata-ripe-9271a3f8-1d0a-11ec-990f-d8c4975e38aa_jpg.rf.f0951a4ada46066d9ac41c98478a421c.jpg,6
0.2340340698964497,0.010326137204142011,2.8892381656804732e-05,0.00207447300295858,0.24228133689201806,176.69509291789942,34.806763898791225,0.34713040865384615,85.5388775887574,67.82169933431953,musa-acuminata-ripe-9290a018-1d0a-11ec-9069-d8c4975e38aa_jpg.rf.659c16507479c90b0f8c804630d45a43.jpg,6
0.2358831823224852,0.00940158099112426,4.622781065088757e-05,0.0005836261094674557,0.004124624967506622,172.9763602533284,30.569760429084056,0.022050665680473373,85.73402251294378,67.20182484282545,musa-acuminata-ripe-929a28a6-1d0a-11ec-8b22-d8c4975e38aa_jpg.rf.b553cff5697538da1dba1437b5f41aed.jpg,6
0.1812592455621302,0.012649084689349112,3.467085798816568e-05,0.006466115014792899,0.240054989840339,179.16600406804733,35.36781019426921,0.34351886094674555,90.31266179733728,55.732144508136095,musa-acuminata-ripe-92b1fe43-1d0a-11ec-97a9-d8c4975e38aa_jpg.rf.0b025d1ffa13d14755fc05b4dd9ff5c2.jpg,6
0.15459735576923078,0.005148622411242604,0.0,0.0,0.0019864760539807266,213.97144276997042,21.063426575640392,0.01897073779585799,90.40455112795858,30.42867048816568,musa-acuminata-ripe-92b924b1-1d0a-11ec-881a-d8c4975e38aa_jpg.rf.417a304a4e7dece3d5271c7e06dc484d.jpg,6
0.18280209874260356,0.010967548076923076,4.044933431952663e-05,0.005940273668639053,0.0029129819249126792,175.21426590236686,31.452039835241834,0.0247838849852071,90.01385100776628,55.33523252588758,musa-acuminata-ripe-92bb86e0-1d0a-11ec-89b6-d8c4975e38aa_jpg.rf.d53df668ac471f95f3e358cb3face832.jpg,6
0.21008806397928995,0.011753420857988165,0.00019068971893491124,0.014082146819526627,0.23459392778474003,179.0581314718935,40.19786715074149,0.34412560096153844,86.74007835613905,59.46162513868343,musa-acuminata-ripe-92e40ca9-1d0a-11ec-b5f4-d8c4975e38aa_jpg.rf.85171594049f0c92cfd95785ceb1a2f2.jpg,6
0.26915564903846156,0.015902366863905327,6.934171597633136e-05,0.030666373890532544,0.001070140863355604,164.97614067122782,41.61713487106352,0.013105584319526627,81.25045649963018,71.79846408099112,musa-acuminata-ripe-92ed9422-1d0a-11ec-abb7-d8c4975e38aa_jpg.rf.64fe1dc2e959f2aed90cb95211ca3956.jpg,6
0.22884499815088757,0.006073178624260355,6.356323964497041e-05,0.18387111686390534,0.013151184240326961,133.80377450073965,68.56863410021573,0.026315181213017753,70.55308108357988,72.0159370377219,musa-acuminata-ripe-92f71e22-1d0a-11ec-8003-d8c4975e38aa_jpg.rf.05501be7e21832736ac5f2e0c3c5d00c.jpg,6
0.22937661797337278,0.008147651627218935,6.934171597633136e-05,0.0033110669378698227,0.24218534171825104,175.91183778661244,32.8320275006013,0.34402158838757396,87.20170349482248,69.37693578957101,musa-acuminata-ripe-9300a562-1d0a-11ec-a460-d8c4975e38aa_jpg.rf.5e1d5b209547fee71e1f2c112f9b4fc2.jpg,6
0.2821687777366864,0.01067284578402367,1.1556952662721893e-05,0.0019300110946745563,0.0016323733441031055,163.68865569526628,34.1369430382625,0.014607988165680473,83.50182599852072,72.56398506841715,musa-acuminata-ripe-9351af31-1d0a-11ec-a9af-d8c4975e38aa_jpg.rf.d3ec4853e837c9d57976117a78d070b5.jpg,6
0.23935604659763313,0.015168500369822485,0.0,0.018028846153846152,0.002161545142781513,163.01121024408283,38.78257246177418,0.017560789571005916,85.10947901257397,67.89455436390533,musa-acuminata-ripe-935b374e-1d0a-11ec-a08a-d8c4975e38aa_jpg.rf.19e782879f754a77302f4366e612e3f4.jpg,6
0.24332008136094674,0.006691475591715976,9.82340976331361e-05,0.2008598372781065,0.016057221103984227,133.4330736871302,71.10122562374904,0.023651303624260354,68.10125624075444,72.37739806767752,musa-acuminata-ripe-935ffbb9-1d0a-11ec-9d36-d8c4975e38aa_jpg.rf.d5565668fb82a7788a0ec605cc5fba5d.jpg,6
0.5077604937130178,0.006980399408284024,1.733542899408284e-05,0.0012192585059171597,0.0020857964415880973,159.93918731508876,28.422571713164643,0.012036566198224852,65.06313563239645,109.20246625369822,musa-acuminata-ripe-9369844a-1d0a-11ec-b140-d8c4975e38aa_jpg.rf.9a81055f7c7bf147d8ab601936de6e43.jpg,6
0.25724043084319526,0.007777829142011835,0.00036404400887573966,0.007783607618343195,0.01821849742496862,166.34710151627218,30.859936755815045,0.023119683801775148,85.63488697300296,77.35230214497041,musa-acuminata-ripe-9369844b-1d0a-11ec-8701-d8c4975e38aa_jpg.rf.d50cff7045ac6b434247e7ef45cc7e64.jpg,6
0.4249318139792899,0.01110623150887574,2.8892381656804732e-05,0.0009187777366863906,0.001484943022457,160.53363651072485,28.424574225448232,0.014139931582840236,71.42838156434911,98.25229405510355,musa-acuminata-ripe-93730ced-1d0a-11ec-8e7e-d8c4975e38aa_jpg.rf.ca3eec85d189ad39a927f111d23734a2.jpg,6
0.3554225221893491,0.026338295118343194,0.0007396449704142012,0.004252958579881657,0.0021579035736399993,155.61864945451183,33.90979659712113,0.01720252403846154,73.93059472078403,88.48627034023669,musa-acuminata-ripe-938159d3-1d0a-11ec-9d7d-d8c4975e38aa_jpg.rf.166ceca51b588627a93012c22327dfd7.jpg,6
0.25060096153846156,0.017843934911242604,0.0008436575443786982,0.002952801405325444,0.003684703167756771,162.7195416512574,30.63043637539209,0.01838133321005917,84.3933697762574,76.01402436205622,musa-acuminata-ripe-93861e2b-1d0a-11ec-a9ad-d8c4975e38aa_jpg.rf.1a75925491b1d85fd9b36d3781bce8ab.jpg,6
0.3129738350591716,0.015024038461538462,5.778476331360947e-06,0.002051359097633136,0.0021297278048724114,160.04430935650888,34.782092576652246,0.02136302699704142,78.14303462463018,81.8873832747781,musa-acuminata-ripe-93d26327-1d0a-11ec-9e04-d8c4975e38aa_jpg.rf.6e1b05bf50a9b92f399d501af3a0b56f.jpg,6
0.2600892196745562,0.01660734097633136,0.00023113905325443786,0.005379761464497042,0.002242996992379868,160.1624965329142,34.684033110355514,0.022484051405325445,82.71246879622781,73.4221870377219,musa-acuminata-ripe-93fae9ae-1d0a-11ec-b489-d8c4975e38aa_jpg.rf.158dead918a088ef46e96899b40bd2f2.jpg,6
0.2325721153846154,0.015399639423076924,9.82340976331361e-05,0.0056686852810650884,0.0035207990252551355,162.10686136279585,33.922099052986184,0.025789339866863905,85.38749884430473,69.64577362241124,musa-acuminata-ripe-94047073-1d0a-11ec-b233-d8c4975e38aa_jpg.rf.ee5f00f0fe7eec4fb972686251fdd652.jpg,6
0.35773969119822485,0.01904585798816568,4.044933431952663e-05,0.0014792899408284023,0.0011027267280786439,159.9402794471154,32.737283805997016,0.013822115384615384,75.26161473742603,87.84806652181953,musa-acuminata-ripe-940b96ec-1d0a-11ec-a6eb-d8c4975e38aa_jpg.rf.e8d0b0de47f70cb38bfb6b2b91ca00b2.jpg,6
0.27532706176035504,0.010401257396449703,0.0,1.1556952662721893e-05,0.00071894067240915,170.01098488350593,25.356517871227076,0.008950859837278106,84.01809240939349,78.83756703032545,musa-acuminata-ripe-9425ce9a-1d0a-11ec-a120-d8c4975e38aa_jpg.rf.0fc0f9a0b0f3a55ae1bd4f04e996bfe4.jpg,6
0.22844628328402367,0.010667067307692308,8.66771449704142e-05,0.010025656434911243,0.004208214088207675,164.2120989737426,33.371098275188295,0.021074103180473373,87.10451530140533,71.35884915865384,musa-acuminata-ripe-942a92ef-1d0a-11ec-a820-d8c4975e38aa_jpg.rf.059984dfa79331f6d330aa4a7bcd20ff.jpg,6
0.23123150887573965,0.00952292899408284,2.8892381656804732e-05,0.006916836168639053,0.004199401345992095,170.42757835613907,32.31327829345078,0.02088919193786982,87.26418038091715,66.97363859097634,musa-acuminata-ripe-942f5747-1d0a-11ec-89b7-d8c4975e38aa_jpg.rf.39671b4b4e1fb8c29ff81418b330bf6d.jpg,6
0.2926451553254438,0.009673169378698224,4.044933431952663e-05,0.001721985946745562,0.0017255576155899516,163.61448317307693,31.04782993596364,0.017358542899408285,81.57688262758876,80.89498774963018,musa-acuminata-ripe-94341b87-1d0a-11ec-8ea1-d8c4975e38aa_jpg.rf.fd983b0315cdaea5247f2d8939d5e7c2.jpg,6
0.18326437684911243,0.013637204142011835,5.778476331360947e-06,0.02008598372781065,0.003344709803953645,167.8765659670858,38.285304196442645,0.021888868343195266,89.3039709689349,60.51854890902367,musa-acuminata-ripe-94688b2d-1d0a-11ec-bd61-d8c4975e38aa_jpg.rf.a2af46d9665b9ab87eb8c9b1eab5a098.jpg,6
0.27740731323964496,0.022715190458579882,2.3113905325443786e-05,0.01642242973372781,0.0013219784033089382,162.3877530972633,40.288619853788276,0.018288877588757396,80.2282960428994,75.16051451553254,musa-acuminata-ripe-946d4f4d-1d0a-11ec-b95a-d8c4975e38aa_jpg.rf.5a4d86b7a70b11ab081b9e1119abf317.jpg,6
0.30112795857988167,0.015671227810650886,0.00032359467455621304,0.0009592270710059172,0.0016882816630707687,167.58137250369822,28.14153895208692,0.013151812130177515,81.08963572485207,80.27009176220415,musa-acuminata-ripe-947b9c45-1d0a-11ec-82c0-d8c4975e38aa_jpg.rf.2d8d6c6a71ea583a8aab25b02e88068e.jpg,6
0.2349817400147929,0.013879900147928994,0.0003929363905325444,0.002496301775147929,0.003988317614729291,165.0479960244083,32.12659754889663,0.021935096153846152,86.29775332840237,69.42381656804734,musa-acuminata-ripe-947dfe72-1d0a-11ec-b341-d8c4975e38aa_jpg.rf.890d863ae0fb818bf035ce2e8d3eb7e0.jpg,6
0.3452003975591716,0.0167344674556213,0.0,0.0023402829142011835,0.0013668303879055045,162.93743643676035,31.255572138603185,0.01391457100591716,77.37865199704142,84.24852071005917,musa-acuminata-ripe-9487870c-1d0a-11ec-9064-d8c4975e38aa_jpg.rf.cc92a861b0cb6bcfe84a88440f6625a0.jpg,6
0.24241863905325445,0.014671551405325443,6.356323964497041e-05,0.2028707470414201,0.014714553413936718,128.0657995099852,71.93522077382126,0.03374052329881657,65.12414478550296,70.14391295303254,musa-acuminata-ripe-949371e8-1d0a-11ec-912c-d8c4975e38aa_jpg.rf.ad4fb29653b42115761ef98518a9199b.jpg,6
0.2610773391272189,0.015896588387573966,0.00034093010355029586,0.004062268860946745,0.00420710231788285,166.92763036242604,36.804755174874494,0.03259060650887574,81.9315481693787,69.9403372318787,musa-acuminata-ripe-94d3cc13-1d0a-11ec-8268-d8c4975e38aa_jpg.rf.40e0de119dd1a9a64a381602c58220f5.jpg,6
0.19388521634615385,0.008638822115384616,0.0,0.0,0.0029026609705566403,208.65834180843194,24.597220320409892,0.020912305843195266,83.1458198502219,37.19594235392012,musa-acuminata-ripe-94eba1aa-1d0a-11ec-b0a4-d8c4975e38aa_jpg.rf.073b2d91504d29b5ad1cb63e67379858.jpg,6
0.33073687130177515,0.004865477071005917,1.733542899408284e-05,0.0021380362426035504,0.001166560675599429,168.7307981231509,29.02924463819326,0.010343472633136095,79.48856439534023,87.76312291974853,musa-acuminata-ripe-94feb2e7-1d0a-11ec-a74b-d8c4975e38aa_jpg.rf.9c490d5cd2b715671667665747c71111.jpg,6
0.2620307877218935,0.014394184541420118,0.0005489552514792899,0.0679895525147929,0.014507395455910791,150.56174879807693,51.04738574767306,0.03479798446745562,79.17157451923077,80.63789755917159,musa-acuminata-ripe-94feb2e8-1d0a-11ec-b908-d8c4975e38aa_jpg.rf.6db174bd99514f6247068a5875eaa402.jpg,6
0.2679652829142012,0.014359513683431952,0.00025425295857988165,0.006396773298816568,0.004758003767563229,167.29102718195267,35.01883100929794,0.03270617603550296,82.23858173076923,72.57375647189349,musa-acuminata-ripe-9505d963-1d0a-11ec-993c-d8c4975e38aa_jpg.rf.c0dbd6289a585fd57ce6f75ea6afc54c.jpg,6
0.19583834134615385,0.020842964127218935,0.00010979105029585799,0.01153383875739645,0.24456258800467923,177.03795303254438,42.4985033295467,0.3460845044378698,86.26462532359467,58.16767982618343,musa-acuminata-ripe-95142646-1d0a-11ec-b12e-d8c4975e38aa_jpg.rf.c31c73bf744c05a9af4f6f8bc779dc32.jpg,6
0.20003929363905326,0.01753767566568047,8.089866863905326e-05,0.010765301405325443,0.0039538062382001495,173.13302630362426,38.864671587861785,0.033763637204142015,86.45911150147928,57.97838849852071,musa-acuminata-ripe-951db00f-1d0a-11ec-a310-d8c4975e38aa_jpg.rf.f17d9a89f5c43e04f3e163f2270b7690.jpg,6
0.14090236686390534,0.12517913276627218,5.778476331360947e-06,0.01701761279585799,0.013676629527320275,172.7155429456361,52.46871624639581,0.06145987426035503,68.24178878513314,53.222933616863905,musa-acuminata-ripe-9685949e-1d0a-11ec-8b85-d8c4975e38aa_jpg.rf.a6324cc2c3539ae4536ac70b4259ae81.jpg,6
0.2995793269230769,0.04784578402366864,0.0,0.02044424926035503,0.004986917275999453,159.55393629807693,42.65532960340893,0.0323594674556213,59.59493458764793,72.00329950998521,musa-acuminata-ripe-9b8f035c-1d0a-11ec-976d-d8c4975e38aa_jpg.rf.ab21791bc1960716a9b6521ae5762087.jpg,6
0.258373012204142,0.0333360299556213,1.1556952662721893e-05,0.044320913461538464,0.002434925093636961,165.42144739275147,51.54222537987602,0.019675711908284023,78.99377080251479,78.53026188054734,musa-acuminata-mold-e18a9afb-1d0a-11ec-96d8-d8c4975e38aa_jpg.rf.0f578f0960e7304cdce77faeb584c334.jpg,2
0.15709943602071005,0.027979382396449703,6.934171597633136e-05,0.1596824149408284,0.015855887725422443,146.85385655510356,70.21342308216876,0.031278892381656806,78.1014873798077,60.74538877588758,musa-acuminata-mold-e1a734d9-1d0a-11ec-b5ce-d8c4975e38aa_jpg.rf.7cbab5e395bed8d4b128d87f20fc1635.jpg,2
0.15486894415680474,0.025968472633136095,5.7784763313609464e-05,0.18168107433431951,0.01703206601509681,142.97086492233728,73.03812621052606,0.03027921597633136,76.1273576183432,60.40036751109467,musa-acuminata-mold-e1c630e5-1d0a-11ec-9c04-d8c4975e38aa_jpg.rf.f6302f486b8ef2cda44c7904655b7490.jpg,2
0.2816198224852071,0.046308709319526624,0.0,0.05751895340236687,0.001614148021236003,158.60231948039942,53.67379104349336,0.023460613905325445,74.34967293823965,79.16496972078403,musa-acuminata-mold-e1cd5762-1d0a-11ec-8def-d8c4975e38aa_jpg.rf.63a3f7194d4d4d84e1c75526852b6ca8.jpg,2
0.17063840606508876,0.03222078402366864,5.778476331360947e-06,0.05200050850591716,0.004294609832456477,167.73596985946745,49.69225187162537,0.029926728920118342,85.43732086723372,59.96100106323964,musa-acuminata-mold-e201c6ba-1d0a-11ec-8f65-d8c4975e38aa_jpg.rf.8d43758086779fbc030f694244c0a164.jpg,2
0.17000277366863906,0.03174694896449704,1.733542899408284e-05,0.052225869082840236,0.0042711133924920805,167.73316151997042,49.70463970765887,0.029932507396449703,85.20329835428994,60.04663230399408,musa-acuminata-mold-e201c6bb-1d0a-11ec-a9f5-d8c4975e38aa_jpg.rf.925d8334a894ac8fc2855aff054362b1.jpg,2
0.24644623705621302,0.04198640902366864,5.778476331360947e-06,0.04466184356508876,0.0018800317236106728,165.55596454326923,51.16269273919157,0.023113905325443787,78.44351539386095,72.85514515532545,musa-acuminata-mold-e2068b14-1d0a-11ec-9495-d8c4975e38aa_jpg.rf.01aedce044f21872ed9b396042b8c4ad.jpg,2
0.16412606323964496,0.0576171875,8.089866863905326e-05,0.022969443417159764,0.23551288814144328,176.69426081730768,53.80327820266347,0.3445069803994083,86.05066568047337,52.28015786797337,musa-acuminata-mold-e21bfeb3-1d0a-11ec-9030-d8c4975e38aa_jpg.rf.a813c5f226f27f1778dde37549f92da5.jpg,2
0.16471546782544377,0.059732109837278106,2.8892381656804732e-05,0.03129622781065089,0.007139650171039558,167.06871764053255,52.084298359454536,0.039264746671597635,86.14966253698225,56.308917344674555,musa-acuminata-mold-e220c423-1d0a-11ec-958a-d8c4975e38aa_jpg.rf.78b833f88fbe79de87379e4cf7bb1a4e.jpg,2
0.1329742973372781,0.026511649408284023,5.778476331360947e-06,0.0,0.004792913274370002,210.68108589127218,33.54672762880406,0.03396588387573964,86.64008182322485,28.151257396449704,musa-acuminata-mold-e22324f9-1d0a-11ec-a11d-d8c4975e38aa_jpg.rf.f7aa8fed23ecb12dc6b46e03307bd4c0.jpg,2
0.16343842455621302,0.059732109837278106,2.8892381656804732e-05,0.19845599112426035,0.018380676707855474,134.74411173261834,78.5430008263226,0.04439025517751479,70.54821560650888,57.06403129622781,musa-acuminata-mold-e22f0faa-1d0a-11ec-8f33-d8c4975e38aa_jpg.rf.835df5b2f3337f3bb824e67fbbc5de40.jpg,2
0.13193417159763313,0.04682299371301775,0.0,0.3028672799556213,0.023462040429135165,118.61143213757397,86.4960883554662,0.03916073409763313,63.47272559171598,50.12623659393491,musa-acuminata-mold-e23afa86-1d0a-11ec-bd46-d8c4975e38aa_jpg.rf.ae759451193b1ad514f97344878cb6f4.jpg,2
0.1661485299556213,0.05794078217455621,4.044933431952663e-05,0.1680265347633136,0.018115315253443835,140.8790738258136,75.59621378856376,0.040449334319526624,73.81851539386095,58.811997272559175,musa-acuminata-mold-e246e55f-1d0a-11ec-bc48-d8c4975e38aa_jpg.rf.a1217f5456cc6f0f0ae28e1592649ba5.jpg,2
0.16397004437869822,0.057646079881656806,4.622781065088757e-05,0.022900101701183433,0.23383140822206533,176.75303370007396,53.73839319621058,0.3442642843934911,86.05027274408285,52.26178809171598,musa-acuminata-mold-e265e310-1d0a-11ec-9bbc-d8c4975e38aa_jpg.rf.48bdc1797c39cb87a2a1e6c277fc3613.jpg,2
0.11980514977810651,0.015544101331360947,3.467085798816568e-05,0.0,0.003928900470441807,211.2461515347633,34.20294154009503,0.029805380917159764,90.1247399685651,27.931865985576923,musa-acuminata-mold-e284dfc1-1d0a-11ec-afe7-d8c4975e38aa_jpg.rf.25e224d6012d29c377797d46a6ae85f4.jpg,2
0.14073479105029585,0.03645640717455621,0.0001733542899408284,0.03458418084319527,0.005766632760382056,173.62898137019232,50.071216675460136,0.03642751479289941,87.6158064441568,51.36800804363905,musa-acuminata-mold-e284dfc2-1d0a-11ec-80fe-d8c4975e38aa_jpg.rf.48e2a1854c44879b591ecf1ae18d7cad.jpg,2
0.25317238350591714,0.06597286427514792,0.00012712647928994083,0.04874144785502959,0.0017500340856343296,155.56395039755918,57.254805989740596,0.024986131656804734,74.58667714497041,74.91965606508876,musa-acuminata-mold-e28741eb-1d0a-11ec-8667-d8c4975e38aa_jpg.rf.2ba7adc24252e46f24bad388cb94b049.jpg,2
0.20313655695266272,0.05592409393491124,8.66771449704142e-05,0.055687176405325445,0.0027347199354889316,159.35194387943787,56.72551365537843,0.03159670857988166,79.58664825258876,67.25775471523669,musa-acuminata-mold-e29cb534-1d0a-11ec-93e3-d8c4975e38aa_jpg.rf.7d6755926b69a431a7a768c8fa2b5bd8.jpg,2
0.12601701183431951,0.032434587647928996,9.82340976331361e-05,0.20292853180473372,0.019013061928664775,138.74225684171597,77.92936035236562,0.038068602071005916,74.92338318232248,55.759447808801774,musa-acuminata-mold-e2b2266a-1d0a-11ec-9d1d-d8c4975e38aa_jpg.rf.7f77cde772cc43d391c21f75e8646e3f.jpg,2
0.1299694896449704,0.06490962463017752,5.778476331360947e-06,0.030186760355029586,0.2219728916482087,181.16814210428993,60.79635895482539,0.3409821098372781,88.7546632303994,38.27253027921598,musa-acuminata-mold-e2c9fbdd-1d0a-11ec-872a-d8c4975e38aa_jpg.rf.ab1feff37b5595ebe759e784d78855f3.jpg,2
0.22363859097633135,0.11255894045857988,5.200628698224852e-05,0.04620469674556213,0.0038671023052858407,155.39319642196745,60.812832095763746,0.02625161797337278,75.79236200998521,60.1980399408284,musa-acuminata-mold-e30cb9bd-1d0a-11ec-9aa4-d8c4975e38aa_jpg.rf.8b7c565c483ebaf733f4d5150d58b63a.jpg,2
0.11326391457100592,0.030839728180473373,0.0,0.0,0.004183380007267183,210.32537444526628,36.86898462993936,0.025477302144970414,86.67337740384616,22.65131518121302,musa-acuminata-mold-e3117dbf-1d0a-11ec-9acc-d8c4975e38aa_jpg.rf.5d59c5c58e0b530ade81c3694c8582cc.jpg,2
0.1262308154585799,0.041350776627218935,2.8892381656804732e-05,0.2959735576923077,0.015905299796228678,120.9526280510355,86.49080591026956,0.02424070821005917,65.51801151072485,50.03244614460059,musa-acuminata-mold-e318a307-1d0a-11ec-9c38-d8c4975e38aa_jpg.rf.78466d9f2ac6f34b424ba8dd5c41fe73.jpg,2
0.14457169933431951,0.047429733727810654,4.622781065088757e-05,0.04077292899408284,0.23137550027444326,172.64510909763314,60.805650677659166,0.345495099852071,86.51675758136095,47.49978041789941,musa-acuminata-mold-e33ec803-1d0a-11ec-be87-d8c4975e38aa_jpg.rf.3ceed6d0e07379b445d5a3311898262a.jpg,2
0.23327708949704143,0.05359536797337278,1.733542899408284e-05,0.07973141642011834,0.0014809749347898735,153.82176289755918,62.749275604026394,0.012198363535502958,76.54870099852072,69.42153984837279,musa-acuminata-mold-e34127c8-1d0a-11ec-ab36-d8c4975e38aa_jpg.rf.1b55841a2dc6b07dd56c6ba0780f05fe.jpg,2
0.1406538923816568,0.04886857433431953,5.778476331360947e-06,0.06727302144970414,0.005110347501669215,162.95648807322485,59.42246459822635,0.02863235022189349,86.9889457747781,51.92431351701183,musa-acuminata-mold-e345ec27-1d0a-11ec-8b0f-d8c4975e38aa_jpg.rf.de131fae36253964678d4e0d79d90b3d.jpg,2
0.13938262758875739,0.022114228920118342,0.0,0.0,0.0035176786700073384,207.2003975591716,39.21023293358319,0.025483080621301776,87.11326969304734,27.07107525887574,musa-acuminata-mold-e345ec28-1d0a-11ec-8b5f-d8c4975e38aa_jpg.rf.db7f5dc92a0dbeb814e1e80a01235cb3.jpg,2
0.14269369452662722,0.05082169933431953,2.8892381656804732e-05,0.033353365384615384,0.23434065793635014,174.0415530232988,59.17983858411737,0.34708418084319526,85.80966854659763,44.40261533838758,musa-acuminata-mold-e3569b29-1d0a-11ec-b5d7-d8c4975e38aa_jpg.rf.8d5468d6e88c88834916c19376022846.jpg,2
0.30301174186390534,0.08471246301775148,0.00030048076923076925,0.03257327107988166,0.002404483403021254,142.5610033746302,60.15238695942735,0.01641665125739645,65.08143028846153,77.63464427699704,musa-acuminata-mold-e358fe9a-1d0a-11ec-9cac-d8c4975e38aa_jpg.rf.55cbd60fef897173c98eb336b60e9b63.jpg,2
0.11326391457100592,0.039628790680473376,9.82340976331361e-05,0.31010193232248523,0.02257108622952622,116.98618366309172,87.31970005575717,0.03427792159763313,63.8762712647929,43.3567400147929,musa-acuminata-mold-e358fe9b-1d0a-11ec-9147-d8c4975e38aa_jpg.rf.0c66ffe069e538232bfda81e23a8e0bd.jpg,2
0.1339219674556213,0.05579118897928994,2.3113905325443786e-05,0.05114529400887574,0.004888084671201087,163.5043454142012,57.302296444125886,0.029863165680473373,87.05438124075444,47.93294656065089,musa-acuminata-mold-e37336a0-1d0a-11ec-b8af-d8c4975e38aa_jpg.rf.9ef0a2efefb2b6682de663f9475d1422.jpg,2
0.1332978920118343,0.056074334319526624,3.467085798816568e-05,0.050763914571005916,0.004988351165473238,163.51245839497042,57.31246255090896,0.030614367603550297,86.90883875739645,47.86183663091716,musa-acuminata-mold-e37336a1-1d0a-11ec-a0f8-d8c4975e38aa_jpg.rf.eb22e65b606842cefdb15c2183754cad.jpg,2
0.11458718565088757,0.02532128328402367,0.0,0.0,0.003219140036303699,208.05033630732248,37.57061049145092,0.024021126109467456,87.19241748335799,23.87783145340237,musa-acuminata-mold-e3759743-1d0a-11ec-b27e-d8c4975e38aa_jpg.rf.6d33d7272f6c5cc792082508fa4983b1.jpg,2
0.14376849112426035,0.05061367418639053,0.0,0.03538738905325444,0.00493059992138267,169.09150795118344,55.652691402788534,0.030053855399408285,87.35700004622781,45.27782914201183,musa-acuminata-mold-e377f94e-1d0a-11ec-9861-d8c4975e38aa_jpg.rf.62059949cc4fd82d8bf5febc964d6302.jpg,2
0.33875739644970415,0.11848765717455621,8.089866863905326e-05,0.05026118713017751,0.0028675970126966406,134.96299463757396,60.05105283674364,0.019999306582840236,58.91097101516272,82.06990222818047,musa-acuminata-mold-e3a542c7-1d0a-11ec-b620-d8c4975e38aa_jpg.rf.98636555dfe48601a6da862b72aac8df.jpg,2
0.13678809171597633,0.048360068417159764,6.934171597633136e-05,0.04421690088757396,0.005219849041502396,166.00956915680473,55.187102960495785,0.030591253698224852,87.32106370192308,44.67638221153846,musa-acuminata-mold-e3a7a47d-1d0a-11ec-84fd-d8c4975e38aa_jpg.rf.d14c97d939ad0a6d062b033de37f1fb8.jpg,2
0.1372099204881657,0.050266965606508875,0.0001964681952662722,0.04284162352071006,0.00508923871940326,166.01956014238166,55.18337571730517,0.030117418639053255,87.86073294193787,44.772824981508876,musa-acuminata-mold-e3aa06a7-1d0a-11ec-91a5-d8c4975e38aa_jpg.rf.39e52834ca97453ae8a802c3017822f3.jpg,2
0.10134869637573965,0.0183177699704142,0.0,0.0,0.003209273865040867,209.89900956915682,35.59086460125554,0.02343172152366864,87.5902309079142,21.769519693047336,musa-acuminata-mold-e3ac6a2b-1d0a-11ec-99b3-d8c4975e38aa_jpg.rf.2a10f98f1ee7449d59bac8801be0549f.jpg,2
0.0912652551775148,0.03051613350591716,6.356323964497041e-05,0.448658237795858,0.02510265153506771,94.18850545488165,90.89147349371756,0.03204165125739645,52.51894762389053,37.107705020340234,musa-acuminata-mold-e3de7603-1d0a-11ec-9d4b-d8c4975e38aa_jpg.rf.77614475f3ffab4ba7da41ee38671676.jpg,2
0.12053323779585799,0.025783561390532544,0.0,0.0,0.0036965806584311296,208.68645987426035,37.857870882596764,0.028060281065088757,86.26563077847634,24.79029331545858,musa-acuminata-mold-e3fd7231-1d0a-11ec-9601-d8c4975e38aa_jpg.rf.86daa1304866fac3e6b93b6377259d8b.jpg,2
0.1560130824704142,0.05100083210059172,1.1556952662721893e-05,0.03605191383136094,0.005550723944057259,170.47726747411244,56.47228774012586,0.03363651072485207,86.15301405325444,46.7197265625,musa-acuminata-mold-e3fd7232-1d0a-11ec-b6b4-d8c4975e38aa_jpg.rf.078b28debcaa7144772e17af85bb5080.jpg,2
0.20872434356508876,0.07855838572485208,0.00015601886094674557,0.07360045303254438,0.004343043089806166,150.64872642381656,63.46242861042122,0.03130200628698225,77.17573502218934,61.946433524408285,musa-acuminata-mold-e41ed055-1d0a-11ec-8780-d8c4975e38aa_jpg.rf.1b3b851c4e9c12d9249402c6023e96e8.jpg,2
0.20693879437869822,0.15716299926035504,2.3113905325443786e-05,0.04853342270710059,0.0018587029235310666,155.11218333949705,70.0742342861719,0.017803485576923076,71.11864945451184,63.44771056767752,musa-acuminata-mold-e442909e-1d0a-11ec-b12c-d8c4975e38aa_jpg.rf.79ea48cc1148121c1f36c71835c4f725.jpg,2
0.1392497226331361,0.09720552884615384,5.200628698224852e-05,0.21246879622781065,0.018553727302055085,133.82706753883136,86.57805102880488,0.03302977071005917,66.2419679178994,49.36265139607988,musa-acuminata-mold-e450df9a-1d0a-11ec-ba86-d8c4975e38aa_jpg.rf.eddc7b7bf2e053f5f5b1914185958dd2.jpg,2
0.13918615939349113,0.10014677329881656,0.00010401257396449704,0.04354659763313609,0.004950154274152166,169.62944942677515,64.86845064378977,0.028898160133136095,82.6172626201923,47.934847679363905,musa-acuminata-mold-e463eecf-1d0a-11ec-92a7-d8c4975e38aa_jpg.rf.199adac106af87e5922475ba37c66d7c.jpg,2
0.052173862795857985,0.12325490014792899,4.622781065088757e-05,0.12490176590236686,0.013412834384213397,134.40849204881656,65.49099346574253,0.015653892381656806,79.50002311390533,41.02288276627219,musa-acuminata-mold-e4749fd9-1d0a-11ec-9f1a-d8c4975e38aa_jpg.rf.78c2bc1966145cd416e2b3f502b2206e.jpg,2
0.05297707100591716,0.11361062315088757,0.0,0.028060281065088757,0.2507089972018578,158.29846985946745,55.474056252718924,0.3460845044378698,85.81146565273669,35.53351516272189,musa-acuminata-mold-e47e28de-1d0a-11ec-a658-d8c4975e38aa_jpg.rf.1bd622eabbde3fab0833c7640f28e35c.jpg,2
0.03754853920118343,0.09122480584319527,1.733542899408284e-05,0.3759476701183432,0.019890744539971892,95.4694145247781,81.88664484352675,0.01800573224852071,57.96812014607988,31.594264284393493,musa-acuminata-mold-e49ac079-1d0a-11ec-bf88-d8c4975e38aa_jpg.rf.754e8d1a83a500bc8b82c5de54f5c022.jpg,2
0.05950674926035503,0.1232837925295858,5.778476331360947e-06,0.23771495931952663,0.013588174981941703,114.11688701923077,76.2560244434662,0.017289201183431954,65.26299579326923,39.55464705066568,musa-acuminata-mold-e4a6ab2e-1d0a-11ec-ba68-d8c4975e38aa_jpg.rf.bd1e4275e4308339bd8a0b4591512c11.jpg,2
0.0347864275147929,0.08613396819526627,8.089866863905326e-05,0.2887273483727811,0.016036032697833148,109.90100314349112,77.63271720369328,0.015700120192307692,68.06067400147928,35.13443625184911,musa-acuminata-mold-e4ca6de8-1d0a-11ec-8593-d8c4975e38aa_jpg.rf.b6d27dfafc9c63841b010df95b85a2e4.jpg,2
0.11907128328402367,0.27302722818047337,5.778476331360947e-06,0.17057484282544377,0.0015992164222479815,114.39914247411242,64.99842572985952,0.005755362426035503,58.06885054548817,62.53239991678994,musa-acuminata-mold-e4dfdf08-1d0a-11ec-a105-d8c4975e38aa_jpg.rf.d0da6504f289f585ff7064e75e5a597f.jpg,2
0.0942816198224852,0.1533665403106509,0.0003698224852071006,0.12936274963017752,0.0032434379595767913,131.15081245377218,65.85682088074931,0.017069619082840236,71.50444364829882,51.3809518306213,musa-acuminata-mold-e4e7059b-1d0a-11ec-8abd-d8c4975e38aa_jpg.rf.5c70b9581b3ce733049171078b838827.jpg,2
0.07239275147928995,0.10710405880177515,6.934171597633136e-05,0.06076067862426036,0.24244164335899232,156.80750161797337,63.93208548195118,0.34593426405325445,80.93910641642012,38.638215375369825,musa-acuminata-mold-e4f2f349-1d0a-11ec-a64a-d8c4975e38aa_jpg.rf.1f63cebae8f4b4e59b8beedd1e1690e2.jpg,2
0.07013336723372782,0.11162860576923077,0.0001849112426035503,0.10090375369822485,0.02090242338429303,145.35523183247042,63.24484242527672,0.02210845044378698,81.13943463387574,43.22510054548817,musa-acuminata-mold-e4f5543c-1d0a-11ec-a976-d8c4975e38aa_jpg.rf.7790b9b00316ba7c0922adf711678d36.jpg,2
0.12135378143491124,0.0701218102810651,0.0,0.05751895340236687,0.0017684539975499258,150.0695208487426,56.9876956163445,0.011834319526627219,82.22721546782545,45.88966577292899,musa-acuminata-mold-e543f982-1d0a-11ec-a6d5-d8c4975e38aa_jpg.rf.cb038d0c260315f322d136856a7c6d8d.jpg,2
0.06435489090236686,0.10504114275147929,0.0,0.1204581176035503,0.0036933156389936527,139.4593368620562,61.62804663997846,0.018231092825443787,78.61199842825444,39.79623936760355,musa-acuminata-mold-e5465d0b-1d0a-11ec-ae7c-d8c4975e38aa_jpg.rf.3fc3c55fdbd22c2c4cd1767354f18060.jpg,2
0.06369614460059171,0.10149893676035503,1.733542899408284e-05,0.11975314349112426,0.00367524606777771,139.4604752218935,61.63610069099949,0.017774593195266274,79.24594350961539,39.789495885724854,musa-acuminata-mold-e5465d0c-1d0a-11ec-b223-d8c4975e38aa_jpg.rf.ee13bc59da04c0499ee0627c32f1dcf7.jpg,2
0.07404539571005918,0.12086838942307693,0.00015601886094674557,0.058264376849112426,0.24269210937380525,156.50651234282543,64.05993521441611,0.34802029400887574,79.84914131841715,39.17816198224852,musa-acuminata-mold-e567bb99-1d0a-11ec-95cb-d8c4975e38aa_jpg.rf.fcf0038e4d9ee925138aa5fb9de661bb.jpg,2
0.07392404770710059,0.11953356139053255,9.245562130177515e-05,0.05801590236686391,0.24191149487114266,156.51312291974853,64.06256747894093,0.34652366863905326,79.78280441013314,39.221176960059175,musa-acuminata-mold-e57d2d4b-1d0a-11ec-bcaf-d8c4975e38aa_jpg.rf.c3a59e1cb637bd0d641f067146e55d76.jpg,2
0.07282035872781065,0.12721893491124261,0.00019068971893491124,0.0886013775887574,0.004602361062977029,146.5946341068787,62.57407861076667,0.018774269600591715,79.63373705621302,42.68296389607988,musa-acuminata-mold-e581f3e9-1d0a-11ec-8013-d8c4975e38aa_jpg.rf.c3c345698ab2c96ab028c9a1583957c9.jpg,2
0.06983288646449703,0.2874329696745562,0.0,0.07774362056213018,0.0017494259698389045,123.52306189903847,64.46095874080812,0.008690828402366863,62.2526349852071,53.911415957840234,musa-acuminata-mold-e5bd89d8-1d0a-11ec-b3a3-d8c4975e38aa_jpg.rf.778445f0baf6feadf85c824beb5ef172.jpg,2
0.024200258875739646,0.11973002958579881,4.044933431952663e-05,0.04363327477810651,0.003581913940756516,147.10855445636093,52.719967292497586,0.012105907914201183,79.30872665495562,28.202633829511836,musa-acuminata-mold-e5d7bf46-1d0a-11ec-94af-d8c4975e38aa_jpg.rf.dd2bddd742555b61b0a2198a029aa78b.jpg,2
0.03320890347633136,0.11160549186390532,2.8892381656804732e-05,0.01684425850591716,0.003531402541303797,153.77606092825442,51.360883476407,0.013105584319526627,81.3948259522929,25.870596801035504,musa-acuminata-mold-e5da22c8-1d0a-11ec-a85a-d8c4975e38aa_jpg.rf.1f1e178ac39247706cc8f5c0abcc948c.jpg,2
0.039218518860946745,0.18582424186390534,5.778476331360947e-06,0.0577500924556213,0.0015536207543222146,138.70595645340237,58.76404681961834,0.0091588849852071,73.65693763868343,37.77894438794379,musa-acuminata-mold-e5dc83a2-1d0a-11ec-9038-d8c4975e38aa_jpg.rf.c4b933866e834c4589ebe217429ceb30.jpg,2
0.054756841715976334,0.11076183431952663,5.778476331360947e-06,0.1323097725591716,0.013907783621174997,133.08161519970415,66.94057864385155,0.01556143676035503,79.47954419378698,38.119140625,musa-acuminata-mold-e5ed329f-1d0a-11ec-94c1-d8c4975e38aa_jpg.rf.ba4dbf670b26408fceb9d34dd80dac12.jpg,2
0.055952986316568046,0.11518236871301775,0.00024847448224852073,0.02643075073964497,0.0034268271542159767,151.07470992048817,50.364920472880144,0.011857433431952663,88.50320705436391,36.65251710428994,musa-acuminata-mold-e5ed32a1-1d0a-11ec-95d0-d8c4975e38aa_jpg.rf.45e88c37491646e987ed6345ba6cee75.jpg,2
0.060396634615384616,0.10854867788461539,2.3113905325443786e-05,0.009118435650887574,0.0033698432872410664,157.62578587278105,48.96886557783463,0.011632072855029586,88.72894901072485,34.11968958025148,musa-acuminata-mold-e5f1f6e4-1d0a-11ec-ada5-d8c4975e38aa_jpg.rf.af68bb1ff0a300afd9e25c2f361c4b1f.jpg,2
0.09358820266272189,0.3157532821745562,0.0,0.07558824889053255,0.0022194755999899473,117.48063054733728,57.56306341806422,0.014197716346153846,64.9225568602071,62.46490731323964,musa-acuminata-mold-e6325383-1d0a-11ec-aee0-d8c4975e38aa_jpg.rf.bb3086061a23277f88594a40b7495dbd.jpg,2
0.03203587278106509,0.12624237241124261,0.0,0.03840375369822485,0.0046606566659968705,149.2036392843935,49.03930078867884,0.01831199149408284,89.62858843380178,33.0519600591716,musa-acuminata-mold-e634b365-1d0a-11ec-9405-d8c4975e38aa_jpg.rf.981d86df6a2583bd40498e7b95596d3c.jpg,2
0.0395363350591716,0.1211688701923077,0.0,0.009234005177514793,0.004588218842402197,155.94278152736686,47.94432877898177,0.018404447115384616,89.47819203032545,30.82575004622781,musa-acuminata-mold-e63715d1-1d0a-11ec-806b-d8c4975e38aa_jpg.rf.8ded60e718b99886de271dc51ca3dd91.jpg,2
0.026812130177514795,0.10894161427514792,1.1556952662721893e-05,0.02543107433431953,0.24925775255662908,159.0229405510355,48.61480462496709,0.34589959319526625,91.72261002218934,27.702662721893493,musa-acuminata-mold-e6456277-1d0a-11ec-b162-d8c4975e38aa_jpg.rf.e7b176c0ca6a292b1ca1f52c841befda.jpg,2
0.024385170118343194,0.10609860392011834,5.778476331360947e-06,0.1839924648668639,0.01471241364992114,125.74775795118343,67.70608244329229,0.02036912906804734,78.72999491494083,30.468778892381657,musa-acuminata-mold-e647c495-1d0a-11ec-874f-d8c4975e38aa_jpg.rf.4a3cd30f19ede9c4d9be5de4924ef0b8.jpg,2
0.03915495562130177,0.17371833394970415,0.0,0.06619244637573965,0.0029050329084227065,138.2892647466716,53.25762588679927,0.01593125924556213,82.83103157359467,37.0753975591716,musa-acuminata-mold-e64eed6e-1d0a-11ec-ae3b-d8c4975e38aa_jpg.rf.dbddd109251585ae4203e899fb2c1e51.jpg,2
0.034959781804733726,0.1197473650147929,5.778476331360947e-06,0.23275124815088757,0.014152863595696135,117.17716808431953,75.36137513480989,0.021750184911242604,72.93934333394971,36.84292945636095,musa-acuminata-mold-e653af60-1d0a-11ec-b163-d8c4975e38aa_jpg.rf.9acf31a020f7ae59213a1af4c18a11ab.jpg,2
0.03724805843195266,0.055288461538461536,0.0,0.0,0.0033211642463293815,202.24420996671597,33.26804403994373,0.01678069526627219,92.24926613350591,16.904689811390533,musa-acuminata-mold-e661fe90-1d0a-11ec-ae4a-d8c4975e38aa_jpg.rf.f2239ba12870746a15067d1211983840.jpg,2
0.040010170118343194,0.11830852440828403,0.0,0.008338341346153846,0.004974797735043606,157.61338526257396,48.779842839167564,0.020097540680473373,91.42296713202663,34.448895155325445,musa-acuminata-mold-e661fe91-1d0a-11ec-b0df-d8c4975e38aa_jpg.rf.5cc5beba056731bb07e527f01c8e514a.jpg,2
0.03100152551775148,0.08896542159763314,2.3113905325443786e-05,0.10567099667159763,0.019685280691419116,147.0319318602071,54.109749055224064,0.01988373705621302,90.29574241863905,34.00341507951183,musa-acuminata-mold-e66b8501-1d0a-11ec-9475-d8c4975e38aa_jpg.rf.334ed1625812e8e370ad47e8aa40213c.jpg,2
0.03506957285502959,0.08099112426035503,2.8892381656804732e-05,0.0628698224852071,0.249213063978956,158.06328587278105,55.22774848430893,0.3449634800295858,89.95023576183432,30.905377450073964,musa-acuminata-mold-e672ad5a-1d0a-11ec-b419-d8c4975e38aa_jpg.rf.fb2d2a854a3bb924850937caa7b0547a.jpg,2
0.037929918639053255,0.09180265347633136,5.778476331360947e-06,0.09006333210059171,0.004786482389478855,148.62720737795857,51.72374385161824,0.01946768676035503,90.59329927884616,34.63897235576923,musa-acuminata-mold-e68ce46a-1d0a-11ec-b9a3-d8c4975e38aa_jpg.rf.88ad5ed7ed35c57c487d3904a41c6e82.jpg,2
0.03648529955621302,0.16882396449704143,4.622781065088757e-05,0.19727140347633135,0.002373768988413945,127.08555612056213,64.17918247281999,0.011562731139053255,78.01730075813609,43.06638891457101,musa-acuminata-mold-e6a25961-1d0a-11ec-b916-d8c4975e38aa_jpg.rf.6fa267470788144f164aacbaaaaa6362.jpg,2
0.21212786612426035,0.008835290310650888,0.0,0.0,0.0028212538087156397,211.3370238535503,20.654623279405268,0.020218888683431954,83.30831060465977,38.29760308801775,musa-acuminata-overripe-74d9b4a0-2653-11ec-8104-d8c4975e38aa_jpg.rf.715486e2fcabefe8cc1cdf4085e5c3ca.jpg,2
0.2596905048076923,0.023339265902366863,0.00021380362426035504,0.0026407636834319525,0.004183727806323441,170.58629576553255,31.575810734896407,0.03020987426035503,82.25347864275147,71.50755824704142,musa-acuminata-overripe-74dc1584-2653-11ec-90f5-d8c4975e38aa_jpg.rf.7d107eaa6125cee2a62e25223f680c93.jpg,2
0.3198039940828402,0.02501502403846154,6.356323964497041e-05,0.008263221153846154,0.0020415662929551873,162.24202570266272,35.2042330338807,0.023518398668639053,76.3092582747781,85.04749907544378,musa-acuminata-overripe-74dc1585-2653-11ec-a5fb-d8c4975e38aa_jpg.rf.08322dbf547f738698c151f0e49c076d.jpg,2
0.34384823409763315,0.020842964127218935,8.089866863905326e-05,0.010522605399408283,0.0020226667809739324,159.54047244822485,34.062347874620656,0.0230676775147929,75.15977487056213,91.69637573964496,musa-acuminata-overripe-74ecc616-2653-11ec-a3f5-d8c4975e38aa_jpg.rf.75509ee06f9b3f6043eb831d3986154c.jpg,2
0.16755269970414202,0.017976839866863905,5.778476331360947e-06,0.23297660872781065,0.015200114929007821,130.40189880732248,77.45199516750647,0.0281874075443787,69.29214820636095,56.900355954142015,musa-acuminata-overripe-7502382a-2653-11ec-b4e5-d8c4975e38aa_jpg.rf.327365b36443296529530f7bf5d063a3.jpg,2
0.1364067122781065,0.03608080621301775,0.00016757581360946744,0.17686760355029585,0.016028708906859215,142.6305820081361,74.9749764524752,0.03878513313609468,75.69008875739645,57.43240338387574,musa-acuminata-overripe-75dd7e88-2653-11ec-9c60-d8c4975e38aa_jpg.rf.a508308a00b839e587d9b3beb4796285.jpg,2
0.15598996856508876,0.028638128698224852,5.778476331360947e-06,0.22340745192307693,0.01700960099579995,135.93203356139054,81.04641078941438,0.035260262573964495,71.04344258505917,52.60006009615385,musa-acuminata-overripe-760f8b9a-2653-11ec-9daf-d8c4975e38aa_jpg.rf.8a7ed98a013b5c414a4b7bb24f354e8c.jpg,2
0.10260262573964497,0.02046736316568047,6.934171597633136e-05,0.44698825813609466,0.024633621063504887,96.93867880917159,92.01613797135519,0.03118065828402367,52.61179618158284,40.083042483357985,musa-acuminata-overripe-761dd8a2-2653-11ec-aee8-d8c4975e38aa_jpg.rf.05919e21b6e4c907b7bf067a0eff121a.jpg,2
0.1322346523668639,0.01361409023668639,0.0,0.0,0.0035318677181548283,213.45810604659763,31.495223705998644,0.026066706730769232,89.5938424556213,26.250075120192307,musa-acuminata-overripe-76229cf9-2653-11ec-96b9-d8c4975e38aa_jpg.rf.de9d56a76753f502abad518f5a2d2491.jpg,2
0.17062107063609466,0.028603457840236688,3.467085798816568e-05,0.021761741863905327,0.005641331663496008,176.9415333764793,47.62671515646195,0.03241147374260355,88.95654585798816,50.031943417159766,musa-acuminata-overripe-76229cfa-2653-11ec-8905-d8c4975e38aa_jpg.rf.8fbcabb30dc222e4bb4839b955f1143b.jpg,2
0.17294979659763313,0.024714543269230768,0.0005142843934911243,0.1522859652366864,0.01663432477760589,139.42282267011834,71.2284469251615,0.0339138775887574,75.5762643306213,59.96784855769231,musa-acuminata-overripe-76570c64-2653-11ec-bac1-d8c4975e38aa_jpg.rf.19d27ff5991debe956cb7ffab55f50b2.jpg,2
0.19601747411242604,0.025298169378698224,0.0003698224852071006,0.01579835428994083,0.004357942502464651,168.17382234652368,47.44547817917897,0.03228434726331361,86.29324611686391,54.77942400147929,musa-acuminata-overripe-7662f739-2653-11ec-a8dd-d8c4975e38aa_jpg.rf.d4ae0ffaf3f6d7a4fe7238e3ee7e8eb1.jpg,2
0.3313031619822485,0.04351770525147929,0.0004449426775147929,0.025962694156804734,0.001531441037143413,148.55232410318047,55.44929857322083,0.02117811575443787,69.80622457470415,84.4483173076923,musa-acuminata-overripe-76655947-2653-11ec-839b-d8c4975e38aa_jpg.rf.346de7a3c1a808febbe8316a86a224e7.jpg,2
0.2595980491863905,0.0778880824704142,7.512019230769231e-05,0.07817700628698225,0.0024662231131171966,140.48943116678993,59.6152495282668,0.017878605769230768,74.04290518676035,77.86911751109467,musa-acuminata-overripe-76760851-2653-11ec-b006-d8c4975e38aa_jpg.rf.033c4005c04d2b549466b6e1d2c8a3dc.jpg,2
0.16878929363905326,0.0333360299556213,4.622781065088757e-05,0.14612610946745563,0.01751751024088211,144.69193209134616,70.21047286089461,0.03359606139053255,78.59654678254438,59.85270085983728,musa-acuminata-overripe-76786a70-2653-11ec-8735-d8c4975e38aa_jpg.rf.46fd700fbcad553c9215a15fff6c5e14.jpg,2
0.14884199334319526,0.016312638683431954,5.778476331360947e-06,0.0,0.0037053589386347482,209.2701784393491,33.134039664815695,0.026153383875739646,87.03305288461539,28.417772281804734,musa-acuminata-overripe-76b8c4c8-2653-11ec-bc89-d8c4975e38aa_jpg.rf.5b15ed77d25d56badf90c63a9c40185b.jpg,2
0.0960440551035503,0.06901234282544379,0.0001964681952662722,0.1547707100591716,0.014490044661277126,146.17258575258876,75.02135661094866,0.0266041050295858,79.56197415865384,43.221916605029584,musa-acuminata-overripe-76dc8510-2653-11ec-8260-d8c4975e38aa_jpg.rf.bedc8e930442538aa58c548c124b1f91.jpg,2
0.15090490939349113,0.11411912906804733,0.00023113905325443786,0.050931490384615384,0.001247904702030282,160.58478758321007,61.06087561317668,0.011863211908284023,79.21564117973372,54.168199889053255,musa-acuminata-overripe-7b8b2827-2653-11ec-a135-d8c4975e38aa_jpg.rf.33da59c384780cd391cfdfcc348d9461.jpg,2
0.09585914386094675,0.06890833025147929,0.00015024038461538462,0.057906111316568046,0.0035160549160212157,166.0328333025148,58.745534294642376,0.027794471153846152,87.93099921412721,40.971818370931956,musa-acuminata-overripe-7b93b325-2653-11ec-9ec3-d8c4975e38aa_jpg.rf.c7a057a603bf2e3ea92283e5f24d3314.jpg,2
0.16251964681952663,0.12688378328402367,0.0002369175295857988,0.08264376849112426,0.0017571116372820316,146.39721246301775,66.42015598461298,0.018606693786982247,74.71539270525147,58.03691290680474,musa-acuminata-overripe-7b9f9e1d-2653-11ec-bc2f-d8c4975e38aa_jpg.rf.d5e438c7286568fe7304b3724954bf95.jpg,2
0.09474967640532544,0.062390208949704144,0.00012712647928994083,0.030128975591715977,0.2277002252685653,178.47424533099112,59.159339891245246,0.3452350684171598,89.6934518306213,36.329933663091715,musa-acuminata-overripe-7beebaa6-2653-11ec-bead-d8c4975e38aa_jpg.rf.e7591b35a6849b15e5cf62d4e331905b.jpg,2
0.08653268306213018,0.06330320821005918,0.0003467085798816568,0.1563077847633136,0.0169315369956421,148.57093079696745,75.64979968804948,0.02819896449704142,81.4259488258136,40.99270178439349,musa-acuminata-overripe-7bf45654-2653-11ec-8a61-d8c4975e38aa_jpg.rf.3fff62a1d1ed293c329681544c152c55.jpg,2
0.09029447115384616,0.06486917529585799,0.00015024038461538462,0.05297707100591716,0.003492986084347131,168.81558570636093,57.73036698362108,0.024934125369822487,89.69094975036982,39.25326483912722,musa-acuminata-overripe-7bf6011d-2653-11ec-ae4d-d8c4975e38aa_jpg.rf.e603d8fe441edc84964855d694b51ccb.jpg,2
0.11208510539940829,0.08770571375739646,0.00030048076923076925,0.0539478550295858,0.0018466592491017408,163.4300746579142,60.33956703216578,0.019132535133136095,84.6704014885355,45.168153661242606,musa-acuminata-overripe-7bfe09a3-2653-11ec-9808-d8c4975e38aa_jpg.rf.1294662e8752a034488d170401dbaf60.jpg,2
0.09993296967455621,0.10732941937869822,1.1556952662721893e-05,0.059593426405325445,0.005458622634688417,168.04644739275147,64.61993158150995,0.027852255917159764,87.84480746116864,43.096870377218934,musa-acuminata-overripe-7c3a99c9-2653-11ec-a2f2-d8c4975e38aa_jpg.rf.7853c299e9b51b75cc4c938592de6189.jpg,2
0.12656018860946747,0.061904816937869825,4.622781065088757e-05,0.04302075628698225,0.005032312071114284,172.77704326923077,59.14704418311585,0.022270247781065088,89.30512666420118,38.779175526997044,musa-acuminata-overripe-7c81dcb4-2653-11ec-b8ac-d8c4975e38aa_jpg.rf.3f2ced06ddd22f2269eb30860adf0f6d.jpg,2
0.07873751849112426,0.026644554363905327,0.0,0.0,0.0025584504437869823,210.853498289571,39.90899691199216,0.015289848372781065,90.29858542899409,18.2898368158284,musa-acuminata-overripe-7cbc8511-2653-11ec-bf32-d8c4975e38aa_jpg.rf.85563fdc3e7f5ea41a17f510655cb2e8.jpg,2
0.13155857063609466,0.060697115384615384,5.778476331360947e-06,0.20569064349112426,0.017602119652366216,140.94446884245562,82.8321072141703,0.026471200073964498,73.52811228735207,43.07795164571006,musa-acuminata-overripe-7d150272-2653-11ec-acf1-d8c4975e38aa_jpg.rf.5a277e9a76a25944747d5a6390c09aff.jpg,2
0.3208325628698225,0.14070589866863906,6.356323964497041e-05,0.11759199334319527,0.00297351651646661,133.31326275887574,66.5222243642063,0.012042344674556213,63.76666512573964,75.81337832840237,musa-acuminata-overripe-7d20d509-2653-11ec-8f73-d8c4975e38aa_jpg.rf.889ad805a10e457b572238c0dc803dc1.jpg,2
0.14792899408284024,0.07504507211538461,1.733542899408284e-05,0.04985669378698225,0.006007227706174582,163.54790356878698,56.55179062691581,0.031319341715976334,86.64094281619822,47.357918823964496,musa-acuminata-overripe-7d4799fa-2653-11ec-be0b-d8c4975e38aa_jpg.rf.4cbdf845a8d021d6daeba6dc6fdc6880.jpg,2
0.37099551590236685,0.11384754068047337,1.733542899408284e-05,0.1255489552514793,0.002352053218296748,121.89718357063609,64.0753220673947,0.009615384615384616,56.69391988720414,102.32149708764793,musa-acuminata-overripe-7d60e152-2653-11ec-a4bb-d8c4975e38aa_jpg.rf.ff22dee31cd4b7d3139f133605855cd4.jpg,2
0.13770686945266272,0.048273391272189346,4.044933431952663e-05,0.11062315088757396,0.015517523689195891,152.75798585428993,66.49619487150542,0.029816937869822487,84.57801520894971,56.274136695636095,musa-acuminata-overripe-7d701a0d-2653-11ec-a9e9-d8c4975e38aa_jpg.rf.c3f38d385514ff13f54e87ac39164368.jpg,2
0.13759707840236687,0.05033630732248521,7.512019230769231e-05,0.07246787167159763,0.0048574669467814765,160.6022616956361,59.498574994879874,0.028615014792899407,86.78310489090237,52.45532659948225,musa-acuminata-overripe-7d7c85e6-2653-11ec-bc22-d8c4975e38aa_jpg.rf.01e8449b5cabb2f5ec92a4c44e4073dd.jpg,2
0.14061922152366865,0.02478966346153846,0.0,0.0,0.003360530114610473,205.8185038369083,39.65260183405952,0.027511325813609468,87.64898645525147,27.54615269045858,musa-acuminata-overripe-7d814a35-2653-11ec-860a-d8c4975e38aa_jpg.rf.d05ffa0a89a01432f5e1c815d5cddb9e.jpg,2
0.2519068971893491,0.08233173076923077,0.00010401257396449704,0.09822831915680473,0.001676985415228316,142.29312476886093,65.80244728059749,0.014030140532544378,71.7393329326923,77.72947485207101,musa-acuminata-overripe-7d83ac7b-2653-11ec-b49d-d8c4975e38aa_jpg.rf.59c1a140b97ecf44c19159a0bd351218.jpg,2
0.14293061205621302,0.05055011094674556,2.3113905325443786e-05,0.03337647928994083,0.23282568144297916,173.94958279400888,59.20876512742756,0.34446653106508873,85.79603134245562,44.555005316198226,musa-acuminata-overripe-7d9cf28d-2653-11ec-bb7e-d8c4975e38aa_jpg.rf.a0fcd4a3e47e9d7310b8752174323aa3.jpg,2
0.14110461353550297,0.051648021449704144,7.512019230769231e-05,0.04907659948224852,0.004997477106001067,164.23900355954143,57.70563996460131,0.031273113905325445,85.54093472633136,48.23811945266272,musa-acuminata-overripe-7da3295b-2653-11ec-afab-d8c4975e38aa_jpg.rf.64dfa13a1ef89a072b9c329749b97884.jpg,2
0.14055565828402367,0.05169424926035503,0.00020224667159763314,0.0491979474852071,0.004979195740040868,164.24436598557693,57.711998593127035,0.03177006286982249,85.71072369637574,48.307715421597635,musa-acuminata-overripe-7da45fd4-2653-11ec-a7d1-d8c4975e38aa_jpg.rf.77de2172f13f80c582b95f09cae08772.jpg,2
0.11804271449704141,0.024154031065088757,0.0,0.0,0.0031963219990637955,208.43354752218934,37.550779675061705,0.025223049186390532,85.26313447670118,24.217247596153847,musa-acuminata-overripe-7dc908a1-2653-11ec-bb54-d8c4975e38aa_jpg.rf.57c4bfa85396bcdb095f76d2fc1e2057.jpg,2
0.0973904400887574,0.08602995562130178,4.622781065088757e-05,0.05251479289940828,0.0026622451663856216,165.73639168823965,62.540448701735464,0.01873382026627219,85.12648506841715,46.939909624630175,musa-acuminata-overripe-7e0fa21f-2653-11ec-a948-d8c4975e38aa_jpg.rf.f395ed78a140cb450a13c0a411748809.jpg,2
0.11058270155325443,0.032434587647928996,7.512019230769231e-05,0.28436459874260356,0.020287532085876685,118.21243412536982,84.97116626675857,0.02465675850591716,66.0406111316568,49.56067400147929,musa-acuminata-overripe-7e2aa1e4-2653-11ec-b734-d8c4975e38aa_jpg.rf.71755cbfd6e7ed325333af81bc1a9fe4.jpg,2
0.16254276072485208,0.022374260355029586,0.0,0.0,0.0028365009008780033,206.6266410872781,35.85260477915035,0.019323224852071007,87.29456360946746,30.76044170673077,musa-acuminata-overripe-7e2eb9c7-2653-11ec-a9e4-d8c4975e38aa_jpg.rf.8b46f1d0aaa26cf7f360d93735efd24b.jpg,2
0.1230179826183432,0.03710359652366864,0.00010401257396449704,0.15566059541420119,0.014110218512464735,139.09197022928993,74.3031209634735,0.02172707100591716,77.22784532174556,54.65952639607988,musa-acuminata-overripe-7e35f920-2653-11ec-a5f2-d8c4975e38aa_jpg.rf.d0c4dad46b76403c08367b14d6d0874b.jpg,2
0.13266803809171598,0.04444226146449704,5.200628698224852e-05,0.021455482618343194,0.2377368507590006,170.32382581360946,56.280820410908944,0.3466219027366864,88.33337763498521,47.41464612610947,musa-acuminata-overripe-7e3e4de6-2653-11ec-982d-d8c4975e38aa_jpg.rf.84246838a4146b27ece4f1939a208051.jpg,2
0.04659763313609468,0.09943602071005918,5.200628698224852e-05,0.24351654955621302,0.01597517269440448,119.19521426590237,75.10545655764123,0.01947346523668639,71.9951171875,37.82031827847633,musa-acuminata-overripe-7e5c031f-2653-11ec-835d-d8c4975e38aa_jpg.rf.a53a5570319459ac4d1a4c080198bdde.jpg,2
0.051607572115384616,0.1080575073964497,8.66771449704142e-05,0.06922036797337278,0.004099936436640148,148.85453841531066,53.57850404489513,0.014116817677514793,86.61186552329882,37.72291628143491,musa-acuminata-overripe-7e5dd4d0-2653-11ec-93c1-d8c4975e38aa_jpg.rf.ca3c3f635c5e7669a125610bae6c8e6c.jpg,2
0.028979058801775148,0.044505824704142015,0.0,0.0,0.002480361848024255,200.40411774223372,35.97473494129378,0.011262250369822485,86.38009661612426,16.92794240014793,musa-acuminata-overripe-7e63b07d-2653-11ec-90e5-d8c4975e38aa_jpg.rf.971ca6b1b49f4a99578ec408b3cf25f9.jpg,2
0.05894045857988166,0.10037791235207101,5.778476331360947e-06,0.030614367603550297,0.004032048007417745,155.31908168454143,52.286319650676205,0.01635308801775148,86.16188401442308,35.175642566568044,musa-acuminata-overripe-7e64e6e4-2653-11ec-a832-d8c4975e38aa_jpg.rf.587600de8246a037845696fc4dd63539.jpg,2
0.06235553809171598,0.1343380177514793,1.1556952662721893e-05,0.08141295303254438,0.0019630478734934363,143.05304063424558,57.191950233246715,0.011088896079881656,82.02062338202663,41.07084411982248,musa-acuminata-overripe-7e6643d3-2653-11ec-bc71-d8c4975e38aa_jpg.rf.bcf6f1b31598dcb8a91f2946edf5ea18.jpg,2
0.05294817862426036,0.10264885355029586,5.200628698224852e-05,0.17990708210059173,0.014044661521727968,129.29131610576923,69.32374305851131,0.018889839127218935,76.8243863258136,39.30141688239645,musa-acuminata-overripe-7e75badf-2653-11ec-8347-d8c4975e38aa_jpg.rf.5accd8166b43d455239947b5dc8df841.jpg,2
0.02886926775147929,0.04434980584319527,0.0,0.0,0.002654538990350119,200.04668431028105,36.131197820947364,0.011135123890532544,86.09485368897928,16.978521403476332,musa-acuminata-overripe-7e79b2a2-2653-11ec-86dc-d8c4975e38aa_jpg.rf.1bf4fc62a6087a906488d113dccbf9e6.jpg,2
0.0649269600591716,0.12132488905325443,3.467085798816568e-05,0.0415183524408284,0.24756361812614122,154.18964381471895,57.901855675523684,0.34674902921597633,80.76553832285504,37.244926497781066,musa-acuminata-overripe-7e91f470-2653-11ec-bd92-d8c4975e38aa_jpg.rf.25f18d15f5732ca3db99f54ef9c8c392.jpg,2
0.07966207470414201,0.1904874722633136,2.8892381656804732e-05,0.05197739460059172,0.001194501756767796,141.50817654400888,57.212810891544066,0.006350545488165681,75.6072022928994,46.804964866863905,musa-acuminata-overripe-7eb0ee97-2653-11ec-b666-d8c4975e38aa_jpg.rf.4ec8d2e7da20708ac4f04353ceff7676.jpg,2
0.06020016642011834,0.11738974667159763,0.00013290495562130178,0.027574889053254437,0.24873961686445245,158.2242222170858,56.55971535740961,0.3465872318786982,83.32610253328403,36.5310477533284,musa-acuminata-overripe-7edc6ec8-2653-11ec-95fa-d8c4975e38aa_jpg.rf.cd164d64a183bd385bf61d68e13d7a27.jpg,2
0.10451530140532544,0.22099204881656806,5.778476331360947e-06,0.058304826183431954,0.0015920661158815646,132.40268468010356,59.8510729116406,0.006211862056213018,68.53353827662721,52.97656827847633,musa-acuminata-overripe-7eddcd3e-2653-11ec-809a-d8c4975e38aa_jpg.rf.c62c12c7bcb7440354e5c3ac386b29a5.jpg,2
0.05791766826923077,0.12523113905325445,0.00013868343195266273,0.045557507396449703,0.004941826922863222,148.31222841161244,54.712807983986494,0.013267381656804734,83.22573617788461,39.20487009985207,musa-acuminata-overripe-7ee038e0-2653-11ec-8426-d8c4975e38aa_jpg.rf.3f1a12c14261abed11e696bae470cf3a.jpg,2
0.22773553069526628,0.30781365569526625,0.0,0.019005408653846152,0.0017290263317040438,125.86987449149409,55.203544356676375,0.009794517381656804,56.70989737426036,86.1297152366864,musa-acuminata-overripe-7efc8019-2653-11ec-9f95-d8c4975e38aa_jpg.rf.8c4342b8d14953c4fc35e7612cb6b2a7.jpg,2
0.11355861686390532,0.15421597633136094,0.0,0.025067030325443787,0.24212491443719572,154.16908399593194,55.9638025245606,0.34902574889053256,76.81443001109467,49.67818509615385,musa-acuminata-overripe-7f11f36f-2653-11ec-a83e-d8c4975e38aa_jpg.rf.a06efb3b1ae8c5c43f98e21e59bca8cd.jpg,2
0.10987194896449703,0.1518410225591716,2.8892381656804732e-05,0.13107895710059173,0.014280204908913172,128.24523275702663,66.44720441639346,0.02210845044378698,69.79564418454142,54.74429086538461,musa-acuminata-overripe-7f1456fc-2653-11ec-a753-d8c4975e38aa_jpg.rf.8d088600d8847ea3dc2500be0e5e37f7.jpg,2
0.11171528291420119,0.15692030325443787,1.1556952662721893e-05,0.03753698224852071,0.0035544754291673463,144.31946884245562,54.12465760594219,0.018710706360946745,76.82735646264793,53.66822878143491,musa-acuminata-overripe-7f276a0c-2653-11ec-86d1-d8c4975e38aa_jpg.rf.041663236c59e2cf27f09fcedaaf1b68.jpg,2
0.09550087832840237,0.1505408653846154,3.467085798816568e-05,0.2603434726331361,0.014233499529418407,107.47926104844674,76.01968987205079,0.016855815458579882,58.31419887204142,50.1451033191568,musa-acuminata-overripe-7f381615-2653-11ec-a54d-d8c4975e38aa_jpg.rf.1b89625b6ec89657cc9906964143d1f9.jpg,2
0.11352972448224852,0.15544679178994084,2.3113905325443786e-05,0.024460290310650886,0.24459968416507422,154.23412074704143,55.98093058611954,0.34874260355029585,76.76940990199704,49.66446121486686,musa-acuminata-overripe-7f3f3c53-2653-11ec-802f-d8c4975e38aa_jpg.rf.7ccec92e35343587ccfe8d686656e435.jpg,2
0.08389769785502958,0.11294609837278106,1.733542899408284e-05,0.3659971338757396,0.01966078537172356,92.73725268121302,79.83930519909896,0.02264584874260355,51.27643075073964,42.44644508136095,musa-acuminata-overripe-7f466594-2653-11ec-872a-d8c4975e38aa_jpg.rf.d7039b4aef42430635bebd6b1947ee31.jpg,2
0.02856878698224852,0.11229890902366864,2.8892381656804732e-05,0.4880558894230769,0.021531897936007214,76.39185003698225,81.58051069964708,0.018161751109467456,43.944705759985204,30.74545811760355,musa-acuminata-overripe-7f68f588-2653-11ec-a74e-d8c4975e38aa_jpg.rf.4cbc1e6aa564b2429ad810cfff7b8828.jpg,2
0.04899570081360947,0.1873959874260355,6.356323964497041e-05,0.05321976701183432,0.003607320139076793,144.42297291050295,56.39631586889466,0.013804779955621302,79.12121509800296,45.012932230029584,musa-acuminata-overripe-7f6ac883-2653-11ec-a6d5-d8c4975e38aa_jpg.rf.288a87172e239e0b912692572f77a2a1.jpg,2
0.08518629807692307,0.3758089866863905,0.0,0.0916928624260355,0.0012420289774175777,118.51549787352072,65.14877460889628,0.005951830621301775,52.61976470044379,68.27422337278107,musa-acuminata-overripe-7f826dc1-2653-11ec-8bee-d8c4975e38aa_jpg.rf.7ef4c1ed7b6f16c2ecb309ea8a23e0c6.jpg,2
0.06382327107988166,0.18096454326923078,1.1556952662721893e-05,0.017260308801775148,0.002591781831675019,154.97787999260356,59.81653551427785,0.013198039940828403,74.98356023483728,41.569457285502956,musa-acuminata-overripe-7f86f54b-2653-11ec-a686-d8c4975e38aa_jpg.rf.39015782ae14e6c8e3126d9f76503308.jpg,2
0.07230607433431953,0.13108473557692307,5.778476331360947e-06,0.04194595968934911,0.2424097301913227,157.8060338849852,58.48066598126746,0.3485865846893491,81.55038253513314,39.55872087647929,musa-acuminata-overripe-7f97a623-2653-11ec-9292-d8c4975e38aa_jpg.rf.1648e4e6cb1ff0d3350056a39a5cf5cb.jpg,2
0.08769415680473373,0.35306490384615385,0.0,0.1787109375,0.0010378358888824774,112.68149616309172,61.62911823461189,0.003259060650887574,56.92624930658284,61.95142034948225,musa-acuminata-overripe-7f9a069f-2653-11ec-83b8-d8c4975e38aa_jpg.rf.a7674ebafbcf66c981e6fce00271bf1c.jpg,2
0.06734814164201183,0.1415726701183432,1.1556952662721893e-05,0.0682842548076923,0.003233772868221245,148.00447254068047,56.71408482545438,0.01732965051775148,81.71511533838758,42.70865500184911,musa-acuminata-overripe-7f9c68de-2653-11ec-adde-d8c4975e38aa_jpg.rf.14a22b575353842c47287529b1366942.jpg,2
0.05099505362426036,0.061858589127218935,0.0,0.0,0.002143381333156634,199.35266041050295,38.1294075393233,0.01330783099112426,82.23985299556213,19.974499583949704,musa-acuminata-overripe-7fa12e3d-2653-11ec-ba07-d8c4975e38aa_jpg.rf.9d6f72ca7dc4a5fa9ce91560deeb9784.jpg,2
0.07826946190828403,0.1270398021449704,2.8892381656804732e-05,0.03995238535502959,0.003220841795596533,154.36681189903845,55.32907716707853,0.01838133321005917,82.16020825628698,39.99152297522189,musa-acuminata-overripe-7fa12e3e-2653-11ec-b6d2-d8c4975e38aa_jpg.rf.f191ec718f96eadf51b8ebc137cef09a.jpg,2
0.07177445451183433,0.1087393676035503,0.00012712647928994083,0.06177191198224852,0.2395395169014298,156.77693925665682,63.967983630411375,0.3474019970414201,80.91361755732248,38.76163785133136,musa-acuminata-overripe-7faf7a2e-2653-11ec-8b19-d8c4975e38aa_jpg.rf.442174828eb1f645884321e3350cd948.jpg,2
0.07329419378698225,0.11987449149408284,6.356323964497041e-05,0.2501271264792899,0.01518149842340436,115.86931397928994,77.43430504409382,0.0216172799556213,65.04996070636095,43.97170857988166,musa-acuminata-overripe-7fbdc719-2653-11ec-a908-d8c4975e38aa_jpg.rf.ec285fe2ab014946f32aef20aa334eb9.jpg,2
0.0791304548816568,0.11795025887573965,2.3113905325443786e-05,0.14152644230769232,0.002477054858612566,134.57060142381656,62.36748560082396,0.01262597078402367,77.4300746579142,44.40757327107988,musa-acuminata-overripe-8007f2d1-2653-11ec-a4c9-d8c4975e38aa_jpg.rf.7f75bd0996f6f59fc1dd4e5a893105e4.jpg,2
0.05894623705621302,0.09088387573964497,0.0,0.10919008875739646,0.0038973775446062256,142.6914987056213,57.60831956103764,0.01624329696745562,84.24155186760355,37.15189880732248,musa-acuminata-overripe-800a4305-2653-11ec-a5d1-d8c4975e38aa_jpg.rf.a367146a9ce42756d06df22bdbab2bfa.jpg,2
0.06920881102071005,0.10319780880177515,2.8892381656804732e-05,0.10714450813609468,0.011396938140802762,134.3345737795858,61.32024119360653,0.01745677699704142,80.97125208025147,45.06796066013314,musa-acuminata-overripe-802b4171-2653-11ec-aa0e-d8c4975e38aa_jpg.rf.430bec0dfa8197c51f86983489407851.jpg,2
0.10913230399408284,0.16602718195266272,5.200628698224852e-05,0.029331545857988167,0.002206542170332834,137.15873474482248,52.59493221869592,0.012556629068047337,77.20132211538461,56.345339080991124,musa-acuminata-overripe-803c9910-2653-11ec-a298-d8c4975e38aa_jpg.rf.17d3d734d0ad892aadf8cf9519622321.jpg,2
0.06576483912721894,0.10699426775147929,2.8892381656804732e-05,0.017924833579881658,0.24641995608364595,160.1396888868343,49.501246568631736,0.3479567307692308,89.46041743713018,41.022316475591715,musa-acuminata-overripe-8049694d-2653-11ec-82bd-d8c4975e38aa_jpg.rf.b1940cba0df8c35459729fa74788b70c.jpg,2
0.049879807692307696,0.08032659948224852,2.8892381656804732e-05,0.3289686575443787,0.01807990956439854,102.38812869822485,79.59520202176638,0.021137666420118342,63.75408538276627,38.330112795857985,musa-acuminata-overripe-804bfe4e-2653-11ec-8073-d8c4975e38aa_jpg.rf.c01a216ea903b168c092253068798ac5.jpg,2
0.06630801590236686,0.07904377773668639,0.0,0.018462231878698224,0.24170330919159097,159.49586261094674,47.71274903109906,0.3472575351331361,88.76188054733728,34.26338295118343,musa-acuminata-overripe-805f472f-2653-11ec-99ce-d8c4975e38aa_jpg.rf.63850c65cb4989d740d3e814f515402a.jpg,2
0.14776141826923078,0.17060951368343194,0.00016757581360946744,0.06785086908284024,0.0019648836214866865,125.12306998890533,56.35121055960562,0.009436251849112426,67.21839173446746,59.65516942492604,musa-acuminata-overripe-8060d641-2653-11ec-93cc-d8c4975e38aa_jpg.rf.c83c241200d6cbf9d97493b643983cae.jpg,2
0.04131610576923077,0.052838387573964495,2.8892381656804732e-05,0.41811899038461536,0.016212360112679854,88.97467871671597,81.00520378031833,0.021155001849112426,55.32606786242604,28.85134869637574,musa-acuminata-overripe-8062334d-2653-11ec-996c-d8c4975e38aa_jpg.rf.ccf95f748433a2d42dd7637da665b955.jpg,2
0.06428554918639054,0.07941937869822485,5.200628698224852e-05,0.029620469674556213,0.0027044135627040033,149.48374514607988,45.51158470522704,0.018468010355029586,89.64989945451184,37.04467340051775,musa-acuminata-overripe-806b7abc-2653-11ec-b507-d8c4975e38aa_jpg.rf.802d53e60844b9e1c98986a98b13964c.jpg,2
0.04186506102071006,0.17765925480769232,2.3113905325443786e-05,0.061506102071005916,0.0015009355012561038,142.1898229474852,58.407578660523974,0.008754391642011835,76.1169679178994,38.22556860207101,musa-acuminata-overripe-8097942b-2653-11ec-9b58-d8c4975e38aa_jpg.rf.5972aba6c178dbbcf25bcc156f9ffe39.jpg,2
0.0334689349112426,0.10851978550295859,0.00012712647928994083,0.21126687315088757,0.01479411565440655,118.06155232988165,72.47001515760213,0.016578448594674555,70.60300711908285,29.81530256102071,musa-acuminata-overripe-80b4881e-2653-11ec-a0f2-d8c4975e38aa_jpg.rf.3b1cb55fe30c1450e2aa67f397ea134d.jpg,2
0.0427029400887574,0.11313678809171597,0.0,0.010141225961538462,0.0034733658455578607,154.31080690643492,48.887956117132006,0.01288022374260355,87.36685234837279,28.41193602071006,musa-acuminata-overripe-80ba599e-2653-11ec-8203-d8c4975e38aa_jpg.rf.1907e6421a5f63b531b294affa233617.jpg,2
0.05460660133136094,0.17519184541420119,5.778476331360947e-06,0.04651095599112426,0.0019417560007445208,137.33678115754438,56.313816000633935,0.009291789940828403,78.57664571005917,39.19034301035503,musa-acuminata-overripe-80bbb6be-2653-11ec-b050-d8c4975e38aa_jpg.rf.665cb46fe9a96ed31acebc7f64a047a2.jpg,2
0.048989922337278106,0.10295511279585799,0.0,0.015844582100591715,0.2444155859183757,162.0284301035503,50.923451735366015,0.34394068971893493,88.90144808616864,33.59812430658284,musa-acuminata-overripe-80cdcfa6-2653-11ec-9c98-d8c4975e38aa_jpg.rf.fbe042d8f0575df6ccfd84beff8dee36.jpg,2
0.04935974482248521,0.10853712093195267,5.778476331360947e-06,0.10609860392011834,0.013277135204833946,137.90730168269232,63.16900145526134,0.0150182599852071,83.03610969859467,38.45885724852071,musa-acuminata-overripe-80d08a2c-2653-11ec-8f5f-d8c4975e38aa_jpg.rf.2bb6a14cf212a2684f5614230e151b4f.jpg,2
0.02650587093195266,0.2353515625,0.0,0.09284277921597633,0.0018303029983251786,128.92975684171597,57.7032061082412,0.011100453032544378,55.95278406989645,33.41045673076923,musa-acuminata-overripe-80e742ac-2653-11ec-9dba-d8c4975e38aa_jpg.rf.72c83d0cfa4f5b0b4377071623d48260.jpg,2
0.008228550295857989,0.049775795118343194,0.0,0.0,0.002735879701559819,203.47043731508876,36.32533146090214,0.01397235576923077,60.22631402551775,8.806663738905325,musa-acuminata-overripe-80ec8d81-2653-11ec-a3ba-d8c4975e38aa_jpg.rf.34a3c463b39004f1b95d603ff0ddc511.jpg,2
0.2415056397928994,0.029019508136094673,8.66771449704142e-05,0.017601238905325445,0.0023266626298262716,164.86873613165682,40.803661404768974,0.02849366678994083,81.5949114737426,72.56110738720415,musa-acuminata-overripe-9bb78926-1d0a-11ec-a910-d8c4975e38aa_jpg.rf.6c537cd43fe3fac5b8be1a95b211693c.jpg,2
0.2705655972633136,0.023165911612426034,0.00034093010355029586,0.05485507581360947,0.013421041130484503,151.8322334966716,47.61139423316678,0.03209943602071006,78.79929040310651,85.0708094489645,musa-acuminata-overripe-9bccfb53-1d0a-11ec-a324-d8c4975e38aa_jpg.rf.707c408e6d1fef035417fab5e463347e.jpg,2
0.2706349389792899,0.024396727071005916,0.00031781619822485207,0.004952154215976332,0.2440036086205603,170.38477140347632,36.64745338245701,0.34937823594674555,81.28021565273669,76.25942469489645,musa-acuminata-overripe-9bd8e61a-1d0a-11ec-80df-d8c4975e38aa_jpg.rf.ac125c6750231bdddb1266c48fdc144a.jpg,2
0.27031134430473375,0.022928994082840236,0.0004102718195266272,0.007887620192307692,0.004252121265408439,160.40538900702663,33.85070129441803,0.03039478550295858,81.32874329696746,81.07046851886095,musa-acuminata-overripe-9bddaa70-1d0a-11ec-8ea4-d8c4975e38aa_jpg.rf.2636f8e8148adc2c1005956e5043f3c4.jpg,2
0.47874676405325445,0.027985160872781065,8.66771449704142e-05,0.0009072207840236686,0.0013620802934795598,155.99009569156806,37.04131560764756,0.014567538831360947,63.70783445821006,106.5783445821006,musa-acuminata-overripe-9c147c04-1d0a-11ec-9846-d8c4975e38aa_jpg.rf.6f0ca0086c6c6a29df0c478d83c579e8.jpg,2
0.2938297429733728,0.0304063424556213,0.00028892381656804735,0.0029239090236686392,0.00427842368455516,161.78014053254438,37.028289412632404,0.03645640717455621,78.64379738350591,82.55088526257397,musa-acuminata-overripe-9c16de33-1d0a-11ec-a7c3-d8c4975e38aa_jpg.rf.0fe480061b9f2cc7d5a9f05d2966ee7a.jpg,2
0.13844073594674555,0.042500693417159764,5.778476331360947e-06,0.042986085428994084,0.005913789755796952,170.27707216161244,51.603948155674836,0.03559541420118343,87.80814880732248,55.137417945636095,musa-acuminata-overripe-9c5bfca4-1d0a-11ec-a50e-d8c4975e38aa_jpg.rf.7ae410f61db02f7958ea410f1b4b1d0f.jpg,2
0.13826160318047337,0.04393953402366864,1.733542899408284e-05,0.04251802884615385,0.005864518421618929,170.28297198594674,51.596609373316625,0.03540472448224852,87.64675018491124,55.322964820636095,musa-acuminata-overripe-9c5e5edc-1d0a-11ec-92ab-d8c4975e38aa_jpg.rf.ff3611c97f7e51cb4af76b079fa4a40a.jpg,2
0.11848187869822485,0.018392890162721894,0.0,0.0,0.004012829371534774,212.4159578402367,33.936440718804675,0.030001849112426034,90.44935165495562,27.67858381102071,musa-acuminata-overripe-9c60c0fb-1d0a-11ec-aa25-d8c4975e38aa_jpg.rf.6a4e04508801fc6b111aa064442d3cdd.jpg,2
0.13925550110946747,0.04256425665680473,0.00010979105029585799,0.2089381471893491,0.017607578490821466,137.68670257026628,79.2862993898753,0.04252380732248521,72.60846777921597,55.944214589497044,musa-acuminata-overripe-9c6cabcb-1d0a-11ec-b6be-d8c4975e38aa_jpg.rf.0fcdc97cfbb5948c41234ea4aba737fa.jpg,2
0.09061228735207101,0.0269739275147929,7.512019230769231e-05,0.43896773298816566,0.025209414673586155,98.34745400332841,91.70412742480856,0.03567631286982249,54.07369290865385,42.13239067122781,musa-acuminata-overripe-9c92ce4d-1d0a-11ec-ad13-d8c4975e38aa_jpg.rf.1033944672c900b2f9f2afa55544a86f.jpg,2
0.13876433062130178,0.04137966900887574,5.200628698224852e-05,0.028470552884615384,0.23624811619085812,179.95048423631656,53.167608364567315,0.34406781619822485,87.86402667344674,51.15004391642012,musa-acuminata-overripe-9ca841ce-1d0a-11ec-b12e-d8c4975e38aa_jpg.rf.2d4d78bba69452ede41df81c84081e58.jpg,2
0.19226146449704143,0.06192215236686391,6.934171597633136e-05,0.05610322670118343,0.002816343665818349,163.2248116216716,58.21467435121467,0.02933732433431953,81.4685304178994,62.94960012943787,musa-acuminata-overripe-9ca841cf-1d0a-11ec-831f-d8c4975e38aa_jpg.rf.dae82947483519191aaa68a0f3b6f886.jpg,2
0.16000023113905326,0.032781296227810654,0.00023113905325443786,0.23136441383136094,0.017368215460366744,132.80398252588756,81.49018765204963,0.03352094119822485,69.38712902181953,53.15243042714497,musa-acuminata-overripe-9cb68ea2-1d0a-11ec-95d8-d8c4975e38aa_jpg.rf.e16e3fc1d4ad1fefa340cdd5e3967646.jpg,2
0.20757442677514792,0.04211353550295858,0.0002369175295857988,0.04029331545857988,0.0042114182572100855,165.0497815735947,53.47433860602909,0.028903938609467456,82.92163230399409,61.74923724112426,musa-acuminata-overripe-9cc73f93-1d0a-11ec-9c2d-d8c4975e38aa_jpg.rf.8d95bc12978871a10da28c5be506d52d.jpg,2
0.13311298076923078,0.019201876849112426,4.622781065088757e-05,0.0,0.0023558108175140207,207.4897952107988,34.12764063851509,0.02696814903846154,88.28515047152366,27.674816244452664,musa-acuminata-overripe-9d1aa92e-1d0a-11ec-9cf9-d8c4975e38aa_jpg.rf.b6888b09866bdbebdb95810adfbd4286.jpg,2
0.19561875924556213,0.049908700073964495,0.00035248705621301776,0.05760563054733728,0.002527272411127526,155.72770085983728,54.993643174598155,0.027129946375739646,81.62653129622781,64.41030649038461,musa-acuminata-overripe-9d1d0b4f-1d0a-11ec-9943-d8c4975e38aa_jpg.rf.15315b4d2f3df17b398f1a53df7d7b52.jpg,2
0.1548284948224852,0.08200813609467456,0.00032359467455621304,0.06702454696745562,0.003164310659914306,151.4026384522929,61.787380974508764,0.025656434911242604,81.43379599667159,57.6083984375,musa-acuminata-overripe-9d459010-1d0a-11ec-89c6-d8c4975e38aa_jpg.rf.d43ab647bb5ada424d7548b7504bf54a.jpg,2
0.11115477071005918,0.06578795303254438,0.0,0.06252311390532544,0.004687858839289806,169.5721211630917,62.455229335251815,0.020981647559171597,88.9856636002219,38.742932923446745,musa-acuminata-overripe-9d6229db-1d0a-11ec-90a7-d8c4975e38aa_jpg.rf.6aae6c63031a762fa44b4f6a5aee032b.jpg,2
0.1108253975591716,0.06441267566568047,1.733542899408284e-05,0.062349759615384616,0.00474213260038448,169.56743481878698,62.47264152670401,0.020594489644970414,88.9845945821006,38.91310327292899,musa-acuminata-overripe-9d648d3b-1d0a-11ec-8385-d8c4975e38aa_jpg.rf.99b3b4136432ba89287c4f7971693e26.jpg,2
0.11920996671597633,0.057998566937869825,1.1556952662721893e-05,0.045262805103550297,0.004702308495120422,174.73648414386093,60.387681927662996,0.020900748890532544,89.3869787814349,36.24183501294379,musa-acuminata-overripe-9d66efa8-1d0a-11ec-8cc1-d8c4975e38aa_jpg.rf.5f60b31814401101144b0e527d755ad1.jpg,2
0.18865569526627218,0.10337116309171597,0.0,0.09662768121301775,0.0021299156925131566,155.57172244822485,71.00944163779508,0.011210244082840236,76.76138937684911,55.30289617233728,musa-acuminata-overripe-9d6952bf-1d0a-11ec-8925-d8c4975e38aa_jpg.rf.1ba7d67fdf003af2e3caeef2a69cc46d.jpg,2
0.20314811390532544,0.09510794193786982,2.8892381656804732e-05,0.050272744082840236,0.002760481898007717,161.1571167714497,60.08722933709697,0.023362379807692308,79.7400667991864,55.383245885724854,musa-acuminata-overripe-9d9b5da1-1d0a-11ec-a47d-d8c4975e38aa_jpg.rf.812d190440eee562bb026cbd4c5f7066.jpg,2
0.30976678069526625,0.17214080991124261,0.0,0.11525748890532544,0.0021699488851796276,126.77988050110947,63.40576238416761,0.014330621301775148,60.82126017011834,81.26120446560651,musa-acuminata-overripe-9dac0cb7-1d0a-11ec-83da-d8c4975e38aa_jpg.rf.31295a26581317157958dbede0a95516.jpg,2
0.14946606878698224,0.07970252403846154,5.200628698224852e-05,0.05090259800295858,0.006516301019276638,163.17459088387574,56.861792395627006,0.031666050295857985,85.74916212093196,47.904753374630175,musa-acuminata-overripe-9db33359-1d0a-11ec-bf06-d8c4975e38aa_jpg.rf.46c9c15d1b0ab4614a2653f48330396e.jpg,2
0.12580898668639054,0.053601146449704144,8.66771449704142e-05,0.17858958949704143,0.017868617522232774,139.45876479289942,76.9676229845858,0.03315111871301775,76.84048516087279,48.5998116216716,musa-acuminata-overripe-9deec9ea-1d0a-11ec-8ac2-d8c4975e38aa_jpg.rf.9ec7d2d0c259b92b2882a7bbc8a9e9dc.jpg,2
0.13620446560650887,0.05499953772189349,1.1556952662721893e-05,0.03315111871301775,0.23476416222556737,173.3410976793639,58.75410509985068,0.344166050295858,87.49694896449704,44.20537860576923,musa-acuminata-overripe-9e01da5f-1d0a-11ec-940d-d8c4975e38aa_jpg.rf.27353f3b00f66197a7132ff000bef702.jpg,2
0.14592964127218935,0.06079534948224852,5.778476331360947e-06,0.20387042344674555,0.014900050171823765,138.65073733357988,85.20537719174291,0.01739321375739645,70.28647374260355,47.5186471431213,musa-acuminata-overripe-9e1c122b-1d0a-11ec-a36f-d8c4975e38aa_jpg.rf.d5c34c321676dd0e23b649879be0b90e.jpg,2
0.057813655695266274,0.049787352071005916,4.044933431952663e-05,0.37807992788461536,0.022440037365256234,107.88970044378698,91.98264932412751,0.025714219674556213,59.587457239275146,34.466005223742606,musa-acuminata-overripe-9ea64f36-1d0a-11ec-abd3-d8c4975e38aa_jpg.rf.b36b6126ec834c83ed8cba8146ff6126.jpg,2
0.13524523853550297,0.04075559356508876,0.00022536057692307694,0.17542876294378698,0.014053458473593168,134.24377658099112,76.66287500127541,0.02336815828402367,73.90412352071006,56.502455852440825,musa-acuminata-overripe-9ebbc291-1d0a-11ec-ab4c-d8c4975e38aa_jpg.rf.bfb1c45921487d4ed0a28fc62250cf58.jpg,2
0.04834273298816568,0.10626040125739646,6.356323964497041e-05,0.2650818232248521,0.01434016681319671,114.52585868158285,76.52538529078147,0.017878605769230768,68.31027528661242,36.676896495931956,musa-acuminata-overripe-9ed5fa63-1d0a-11ec-bb24-d8c4975e38aa_jpg.rf.a9f8c43e8d4f9804a9caccbb19d825d6.jpg,2
0.030221431213017753,0.06712855954142012,2.8892381656804732e-05,0.4921412721893491,0.02115454562881289,80.23139908468934,83.1295658136656,0.020062869822485205,49.449698363535504,26.854850453032544,musa-acuminata-overripe-9ee1e52a-1d0a-11ec-aaac-d8c4975e38aa_jpg.rf.990de8e784664d7d9899d10ff7fb82a3.jpg,2
0.07349066198224852,0.19271796412721892,0.0,0.06619244637573965,0.0018672366124776174,135.45069803994082,59.605566681262225,0.008581037352071006,74.75465745192308,47.16597517566568,musa-acuminata-overripe-9f13f264-1d0a-11ec-9b84-d8c4975e38aa_jpg.rf.bfa9750d21b8c262b7719e56503032f0.jpg,2
0.08947970599112426,0.08527297522189349,7.512019230769231e-05,0.2428693602071006,0.012828034682190551,115.35226747411242,74.72129169637401,0.021680843195266274,65.65349366678994,43.92241239829882,musa-acuminata-overripe-9f51ea66-1d0a-11ec-bcb0-d8c4975e38aa_jpg.rf.834e783d2178c540692f413fe6899c1a.jpg,2
0.09641965606508876,0.1507720044378698,0.0,0.07624121671597633,0.0010286139723825621,141.63322277181953,57.08042782991018,0.008321005917159764,76.04241401627219,49.2008771727071,musa-acuminata-overripe-9f5b7314-1d0a-11ec-98d5-d8c4975e38aa_jpg.rf.f1d96089c771bd15105721f25c745e98.jpg,2
0.12076437684911243,0.15328564164201183,4.622781065088757e-05,0.12849597818047337,0.012249833272152146,127.45855676775147,65.88243045014666,0.020039755917159764,68.5911150147929,56.30368204511834,musa-acuminata-overripe-9f69c003-1d0a-11ec-a06d-d8c4975e38aa_jpg.rf.0ee8b5f982cf2dea4b306b2e822b2ca4.jpg,2
0.048406296227810654,0.1795545950443787,8.66771449704142e-05,0.03253282174556213,0.23960938238805926,154.34944757766272,58.11903966243091,0.3458707008136095,78.68009777181953,41.34197600776627,musa-acuminata-overripe-9f9bcd47-1d0a-11ec-9fdd-d8c4975e38aa_jpg.rf.36e33f1bac74b0ac392dda2ab9184896.jpg,2
0.04110808062130177,0.16366956360946747,4.044933431952663e-05,0.2456661427514793,0.016129662624757287,112.54388752773669,76.00103018412072,0.017809264053254437,63.85414547892012,43.413455759985204,musa-acuminata-overripe-9fa2f3c7-1d0a-11ec-889b-d8c4975e38aa_jpg.rf.abd3026b5afd1edf6e3a1c317e487050.jpg,2
0.07281458025147929,0.17066729844674555,1.1556952662721893e-05,0.08315805288461539,0.0016746180315486176,141.6772374260355,59.292619575442814,0.01226770525147929,77.87903915495562,46.95720460428994,musa-acuminata-overripe-a00bd29a-1d0a-11ec-b8cd-d8c4975e38aa_jpg.rf.d274cfbe57d3caed1e914bfdb2cfcb7b.jpg,2
0.06937638683431953,0.11104497965976332,6.934171597633136e-05,0.23988188794378698,0.015060027833995161,119.27395178439349,77.26656420765997,0.021767520340236688,67.82547845784023,43.53620215421598,musa-acuminata-overripe-a01c81c2-1d0a-11ec-96d6-d8c4975e38aa_jpg.rf.f7a3ef1e04a190ddc93c51a851706e54.jpg,2
0.11568509615384616,0.18154239090236687,0.00029470229289940827,0.18383644600591717,0.003299646705390901,111.5198432877219,64.67512422788116,0.012949565458579882,61.109322993713015,60.58726654955621,musa-acuminata-overripe-a0260a6b-1d0a-11ec-8888-d8c4975e38aa_jpg.rf.e4a87d3ea391bc2b8c815765c6e3e135.jpg,2
0.06059310281065089,0.09012111686390532,0.0,0.3333025147928994,0.013719312067570454,103.9860680935651,78.80144434076114,0.01890717455621302,60.42103134245562,39.531440689718934,musa-acuminata-overripe-a04e8f14-1d0a-11ec-a090-d8c4975e38aa_jpg.rf.37570227e89a2989b91de6f00f50c90f.jpg,2
0.06640047152366864,0.09407937315088757,5.778476331360947e-06,0.07366401627218935,0.2409592202667879,149.43351862980768,63.1692818390415,0.3484074519230769,78.83531920303254,36.29423423631657,musa-acuminata-overripe-a05a79cf-1d0a-11ec-ae0c-d8c4975e38aa_jpg.rf.fff11fd503ca9f2e039daa41ac07e864.jpg,2
0.06235553809171598,0.09466877773668639,1.1556952662721893e-05,0.18493435650887574,0.013817055814622902,128.06271380362426,69.09041396371447,0.02032867973372781,73.99607063609467,42.37857109837278,musa-acuminata-overripe-a05f3f72-1d0a-11ec-8b01-d8c4975e38aa_jpg.rf.7feb891de7d08cef813c623e6ca27540.jpg,2
0.0969166050295858,0.13534925110946747,1.733542899408284e-05,0.15389238165680474,0.0024448885021855493,128.0576171875,65.58695803632791,0.01318070451183432,70.47767196745562,49.51346384985207,musa-acuminata-overripe-a068c6c7-1d0a-11ec-9f70-d8c4975e38aa_jpg.rf.343e310a97cf06f3612ec21c573d642d.jpg,2
0.06122873520710059,0.07844281619822485,1.733542899408284e-05,0.06623867418639054,0.2467649140268417,152.6600060096154,59.22393170027776,0.3479105029585799,84.36931975776628,33.97281226886095,musa-acuminata-overripe-a082fe74-1d0a-11ec-9dfb-d8c4975e38aa_jpg.rf.ed5691cf8f7dbee0c358665331f6ed6c.jpg,2
0.1309171597633136,0.12496532914201183,2.8892381656804732e-05,0.1115188147189349,0.0016122761055424888,132.1868585891272,61.62646917140766,0.007916512573964496,73.95108519785504,52.76025679548817,musa-acuminata-overripe-a082fe75-1d0a-11ec-a4de-d8c4975e38aa_jpg.rf.22ff66bf46ac78b61861700ff017a944.jpg,2
0.06787398298816567,0.10541674371301775,0.0,0.22166235207100593,0.013388918314994846,115.35942700628698,72.20627262536597,0.02155371671597633,69.89063655695266,42.90824357433432,musa-acuminata-overripe-a09ad418-1d0a-11ec-8221-d8c4975e38aa_jpg.rf.12964647646236a1c68c4dc302604faa.jpg,2
0.07669771634615384,0.1116690551035503,5.778476331360947e-06,0.016803809171597635,0.24652545036213605,157.5772986778846,48.4223745218445,0.3458302514792899,87.32430542714496,41.825674926035504,musa-acuminata-overripe-a0a6becc-1d0a-11ec-88b4-d8c4975e38aa_jpg.rf.286216d96d6e3fd7c198231da97bf2a6.jpg,2
0.06405441013313609,0.09109767936390532,1.733542899408284e-05,0.2798920580621302,0.01671664979957799,107.1515520987426,75.73923922618215,0.022356924926035502,65.80957609097634,40.65557969674556,musa-acuminata-overripe-a0ab8327-1d0a-11ec-9875-d8c4975e38aa_jpg.rf.677b075643f809d8b5e69f2554972ae4.jpg,2
0.08390347633136094,0.12427191198224852,0.0,0.025136372041420118,0.003534072609915419,147.64580829326923,48.373765380335975,0.017832377958579882,86.44055681397928,46.99106069711539,musa-acuminata-overripe-a0cce151-1d0a-11ec-af0c-d8c4975e38aa_jpg.rf.7d7324bb7fec737b9731e0539461b477.jpg,2
0.06441267566568047,0.09965560281065089,3.467085798816568e-05,0.03493666789940828,0.003891093031887012,149.59893907174558,48.03034522360825,0.016064164201183433,88.67634754068047,44.28440504807692,musa-acuminata-overripe-a0f5661d-1d0a-11ec-8193-d8c4975e38aa_jpg.rf.82e6f06b0eff3deef6e6ac9139291f1d.jpg,2
0.07061875924556213,0.07156642936390532,9.82340976331361e-05,0.004258737056213018,0.0027031885504042253,157.86930242233728,44.01430976924958,0.01940412352071006,90.39877843010355,36.601845645340234,musa-acuminata-overripe-a1146206-1d0a-11ec-8961-d8c4975e38aa_jpg.rf.35f1a5ce6eaef00bd6287d99e5b09555.jpg,2
0.07528776812130178,0.16313794378698224,5.200628698224852e-05,0.028019831730769232,0.0018847124322448011,144.24394993528105,54.63335613069421,0.008268999630177515,80.93061783468934,43.07697508321006,musa-acuminata-overripe-a160a70e-1d0a-11ec-b1d9-d8c4975e38aa_jpg.rf.a1616630daad421c81c0edc1afa19636.jpg,2
0.03998127773668639,0.09659301035502958,5.778476331360947e-06,0.22731948039940827,0.014381794855984557,118.75572647004438,75.52919880479217,0.01611039201183432,72.72320520525147,33.988292806952664,musa-acuminata-overripe-a167cd8d-1d0a-11ec-adbb-d8c4975e38aa_jpg.rf.c77dd97ddaa7265744da6e46ca8e9e65.jpg,2
0.01421505177514793,0.11597979844674557,5.778476331360947e-06,0.03636395155325444,0.2408317826321745,159.5392069619083,58.25560500022377,0.3421089127218935,60.68673146264793,19.41979474852071,musa-acuminata-overripe-a18b8ddc-1d0a-11ec-838a-d8c4975e38aa_jpg.rf.3f752e60bbbbe2f046c58e799cb3c391.jpg,2
0.01831199149408284,0.1021692400147929,0.0,0.027147281804733726,0.0029817608124860628,157.94092085798817,53.456939069090815,0.017861270340236688,86.61152459319527,19.1847725591716,musa-acuminata-overripe-a1c4c199-1d0a-11ec-a5c8-d8c4975e38aa_jpg.rf.d96a594d8e5048d1c6c07e6fbdb00d07.jpg,2
0.2799036150147929,0.06601331360946745,0.001519739275147929,0.009609606139053255,0.013052540215938043,137.61209088387574,35.166123092693034,0.11551752034023668,61.327957424186394,103.73182091346153,musa-acuminata-banana-00188f91-394b-11ec-9565-d8c4975e38aa_jpg.rf.8c01dc49a6f9871758cc6165c5f34eca.jpg,0
0.08277667344674557,0.06107849482248521,1.1556952662721893e-05,0.20643028846153846,0.012249540479141207,80.51435951368343,59.49868270242289,0.046944341715976334,66.42441175110947,45.58815065643491,musa-acuminata-banana-8b9e18c5-394a-11ec-afb3-d8c4975e38aa_jpg.rf.f20369bea9dd035e1ea39635dce37cd9.jpg,0
0.08330251479289941,0.059414293639053255,5.778476331360947e-06,0.013169147559171597,0.018182872006682876,98.30624768860947,45.38277308721306,0.04656874075443787,84.32335775702663,46.40500184911242,musa-acuminata-banana-8bb3292d-394a-11ec-bc95-d8c4975e38aa_jpg.rf.9ae027710484cf5eca2f693532f9e36f.jpg,0
0.10126201923076923,0.07191313794378698,3.467085798816568e-05,0.008748613165680473,0.012448660888994429,102.11334481323965,48.3177374969814,0.047204373150887574,83.2600603272929,52.77971870377219,musa-acuminata-banana-8bba1071-394a-11ec-bd47-d8c4975e38aa_jpg.rf.90ff66edcaf12dbc8bdc684f29d762cd.jpg,0
0.09703795303254438,0.07225984652366864,7.512019230769231e-05,0.2676994730029586,0.01625970666999639,72.11783468934911,60.409774408542674,0.047649315828402365,52.973534578402365,55.43099921412722,musa-acuminata-banana-8be171ab-394a-11ec-bd66-d8c4975e38aa_jpg.rf.e9c309e7aa38e7ec5678b326cbadc754.jpg,0
0.17738188794378698,0.09445497411242604,0.0,0.03026765902366864,0.012337818305329873,104.8296909670858,57.718387208501774,0.05432923446745562,64.36393999630178,78.57358311760355,musa-acuminata-banana-8bf244e7-394a-11ec-bf4c-d8c4975e38aa_jpg.rf.94eb53e0b573edbd27688523d2cb2eb3.jpg,0
0.07729867788461539,0.0576171875,0.00013290495562130178,0.35324403661242604,0.01619296063981818,63.330771542159766,59.786214026451205,0.04418800850591716,49.42125670303255,48.92620885724852,musa-acuminata-banana-8bf48abc-394a-11ec-9e43-d8c4975e38aa_jpg.rf.fcae8d3015670680c172dc32235d29e4.jpg,0
0.1146276349852071,0.020663831360946745,0.0,0.0,0.013271486898405342,163.3053693602071,29.765071348342072,0.04318255362426036,71.9213953864645,32.82877218934911,musa-acuminata-banana-8bfed94d-394a-11ec-bc46-d8c4975e38aa_jpg.rf.dca94012af3ab2ed8f16bbb1823845a8.jpg,0
0.08876895340236686,0.20575420673076922,4.622781065088757e-05,0.004917483357988165,0.010981280045459087,107.39212740384616,48.91644843015497,0.07117927144970414,47.50877172707101,96.08494360207101,musa-acuminata-banana-8c647c2a-394a-11ec-b822-d8c4975e38aa_jpg.rf.0f9e6ee503130ab3d3ced092efd00a8f.jpg,0
0.051965837647928996,0.11426359097633136,0.000756980399408284,0.13974089312130178,0.019176686473961438,90.98397628513314,52.37648702309067,0.06629068047337278,56.894028522559175,69.5887747318787,musa-acuminata-banana-8c667470-394a-11ec-9265-d8c4975e38aa_jpg.rf.d67d37d8a2bad3137ec67dda1e9fc758.jpg,0
0.05491286057692308,0.12684333394970415,0.0008321005917159764,0.028730584319526627,0.020394836774164045,102.09722286427515,44.06520088199424,0.06770640717455621,62.46735160872781,73.42877450073965,musa-acuminata-banana-8c690856-394a-11ec-a72b-d8c4975e38aa_jpg.rf.70ab85f395f5ec040511aaadcfce188c.jpg,0
0.06438378328402367,0.09882928069526627,0.00015601886094674557,0.23638013128698224,0.018026402038771764,75.55067723742603,58.61485283499314,0.07053208210059171,52.030729937130175,67.71268837832841,musa-acuminata-banana-8d09f83f-394a-11ec-af71-d8c4975e38aa_jpg.rf.2b3b284e09f4512e2bf9b0bc0eddb692.jpg,0
0.06431444156804733,0.10461353550295859,6.356323964497041e-05,0.05773275702662722,0.024524441214577124,90.97306652181953,47.05061552486425,0.08080621301775148,68.44097286427515,70.95834874260355,musa-acuminata-banana-8d1daca3-394a-11ec-af30-d8c4975e38aa_jpg.rf.0b41d1a6def540779033550136d2d6e1.jpg,0
0.059853457840236685,0.10192076553254438,0.00010979105029585799,0.13325166420118342,0.010759544556768896,83.6141826923077,51.91491175950267,0.05012250369822485,63.48314996301775,62.676705806213015,musa-acuminata-banana-8d7091d1-394a-11ec-a636-d8c4975e38aa_jpg.rf.1065494d625253d36004ed9f7439809b.jpg,0
0.08040171967455621,0.09293523483727811,1.733542899408284e-05,0.049249953772189346,0.17819636979660544,97.14766896264793,47.40946873103104,0.30445636094674555,68.12729405510355,56.466831545857985,musa-acuminata-banana-8d7ef8d6-394a-11ec-a39f-d8c4975e38aa_jpg.rf.fe5cefc08537138c8b1d0844540a2575.jpg,0
0.10710405880177515,0.1465883875739645,4.044933431952663e-05,0.04635493713017751,0.007155899498961119,105.54269716161242,56.90155134998721,0.04901303624260355,63.56860784948225,84.08884985207101,musa-acuminata-banana-8d811622-394a-11ec-930b-d8c4975e38aa_jpg.rf.1989dffdfa6df82a4140d2c175fd397b.jpg,0
0.059552977071005916,0.10057438054733728,4.044933431952663e-05,0.07524154031065089,0.012347617186513634,87.83970506656804,47.71620527847753,0.051775147928994084,68.05415588017752,62.08331985022189,musa-acuminata-banana-8d846bc9-394a-11ec-a0b3-d8c4975e38aa_jpg.rf.db50aa37eb7563c1c890dd2f017bceb0.jpg,0
0.06051220414201183,0.10107132951183433,4.044933431952663e-05,0.07513174926035503,0.012351460318363188,87.83909832655326,47.717345264977375,0.05108750924556213,67.93507303994083,62.00796274038461,musa-acuminata-banana-8d8616bd-394a-11ec-90a9-d8c4975e38aa_jpg.rf.d66ef7269f89b9396a170ce4a09e5972.jpg,0
0.08970506656804733,0.022304918639053255,0.0,0.0,0.008215393299647586,160.69504669008876,31.029870992745156,0.03623104659763313,67.14704488720415,29.854341947115383,musa-acuminata-banana-8d89b9d0-394a-11ec-a3f0-d8c4975e38aa_jpg.rf.ecf0d150a9688ebb7bb636fbceb8fd3e.jpg,0
0.052173862795857985,0.07156642936390532,0.00012712647928994083,0.21376895340236687,0.00829257157011771,73.69486177884616,53.39504085832452,0.04755108173076923,71.87865199704142,71.83542899408285,musa-acuminata-banana-8de980ed-394a-11ec-aa04-d8c4975e38aa_jpg.rf.4b532623ad49c8617d42f20ec048dab2.jpg,0
0.04999537721893491,0.06491540310650888,0.0,0.1499052329881657,0.0072252026235868185,80.90845737795858,46.82489591584493,0.04417645155325444,72.13429178994083,59.35707516642012,musa-acuminata-banana-8e241c3d-394a-11ec-bf61-d8c4975e38aa_jpg.rf.eee11ce73634466e655a1985c2fcd5a8.jpg,0
0.07409162352071005,0.08986108542899408,4.622781065088757e-05,0.02941822300295858,0.20163314033957538,106.77359929733728,44.84716773956072,0.30410387389053256,82.74199103180473,50.659277921597635,musa-acuminata-banana-8e7e718d-394a-11ec-97d0-d8c4975e38aa_jpg.rf.d38ba9763cc534d02062d0952d430bd0.jpg,0
0.08491470968934911,0.11274385170118344,0.0,0.03360183986686391,0.015268043094444144,101.25130593565089,48.764199631342606,0.05241078032544379,80.15622688609467,60.36363951553255,musa-acuminata-banana-8e810559-394a-11ec-ac1f-d8c4975e38aa_jpg.rf.fbcc5b9e9272e12b2ab173d57fc80810.jpg,0
0.061673677884615384,0.1008228550295858,0.0,0.04470229289940828,0.023674059497838865,97.376953125,45.07210678460455,0.05761140902366864,82.86946999815089,55.157128328402365,musa-acuminata-banana-8e856a80-394a-11ec-acf8-d8c4975e38aa_jpg.rf.091ddbc6c35f06deacc2cf78dfcc01cf.jpg,0
0.06541235207100592,0.09421227810650888,0.0,0.010094998150887574,0.022882797221603864,105.54581753883136,43.695849354259245,0.05785988350591716,82.7092039571006,51.33445243158284,musa-acuminata-banana-8e8d87cf-394a-11ec-af08-d8c4975e38aa_jpg.rf.51d0c98d22a7103befebf07edc352781.jpg,0
0.0607837925295858,0.13788022374260356,0.0,0.01935211723372781,0.010189157247725317,102.24926613350591,43.62847161063482,0.04393953402366864,80.08237218010355,62.99396149223373,musa-acuminata-banana-8ec77126-394a-11ec-8458-d8c4975e38aa_jpg.rf.bf056ff498a0efe0f0728a6844f7e649.jpg,0
0.04891480214497041,0.07958695451183433,1.733542899408284e-05,0.35714450813609466,0.01579745487040705,67.86296343380178,60.35946953431882,0.0493308524408284,54.109138082470416,44.26779770710059,musa-acuminata-banana-8ec96ab5-394a-11ec-8bfc-d8c4975e38aa_jpg.rf.cb2b668c985f51a744635b7b8e731e65.jpg,0
0.07548423631656805,0.1293049648668639,1.733542899408284e-05,0.022264469304733726,0.009661018285620788,103.65907567492603,46.4579375777219,0.041217871671597635,78.68039825258876,61.46430635170118,musa-acuminata-banana-8ed30a2c-394a-11ec-a0b5-d8c4975e38aa_jpg.rf.0383f59d572147acc08b7f25eb1d992f.jpg,0
0.11138013128698225,0.08453333025147929,5.200628698224852e-05,0.032428809171597635,0.025630676775027724,101.6788958487426,52.43825261880789,0.06278314534023668,77.06929548816568,63.19320335613905,musa-acuminata-banana-8f156f1f-394a-11ec-be9a-d8c4975e38aa_jpg.rf.520c19c209af45e95e8887ea20c241ef.jpg,0
0.09848257211538461,0.08003189718934911,0.00010979105029585799,0.199426775147929,0.02020635283759218,81.45111409023669,52.3705830402057,0.06359213202662722,79.94791281434911,82.36863789755917,musa-acuminata-banana-8f7f44d5-394a-11ec-abe3-d8c4975e38aa_jpg.rf.9be2b90064e064f060c45cb7e5947c64.jpg,0
0.1071849574704142,0.08481647559171597,0.0002715883875739645,0.22190504807692307,0.016479633578894867,81.9885412814349,52.935119474967244,0.05756518121301775,76.89951229659763,80.47082447300296,musa-acuminata-banana-8fc26bac-394a-11ec-b30c-d8c4975e38aa_jpg.rf.1f5e0a8e44602d17b529f7cf3a2e71a5.jpg,0
0.11049602440828403,0.0302734375,6.356323964497041e-05,0.1822473650147929,0.009176148987587734,76.11589312130178,56.151496779729406,0.030660595414201183,73.85028545673077,61.17780949519231,musa-acuminata-banana-9090d8bd-394a-11ec-940f-d8c4975e38aa_jpg.rf.10e17e007c3b94198951119e37cfc4d2.jpg,0
0.11094674556213018,0.03345737795857988,6.356323964497041e-05,0.05077547152366864,0.01183660851653511,86.28055658284023,47.78768792522079,0.028297198594674555,87.55624768860947,61.45940042529586,musa-acuminata-banana-90a51079-394a-11ec-91ac-d8c4975e38aa_jpg.rf.5c70134ed1c0a63ff3d7199e9de69acf.jpg,0
0.14973187869822485,0.021022096893491125,0.0,0.0,0.0071510068938877465,158.9420534393491,29.731208570046483,0.022755639792899407,87.8586931397929,35.04114852995562,musa-acuminata-banana-90a9ea08-394a-11ec-a91f-d8c4975e38aa_jpg.rf.1e6a2a017d199d53fa79c02f7f69e6a6.jpg,0
0.21907359467455623,0.038866031804733726,2.3113905325443786e-05,0.03667021079881657,0.006518283090764729,105.62501733542899,59.31745124731822,0.035046458949704144,71.37206453402366,95.29641850036982,musa-acuminata-banana-90ad3f98-394a-11ec-91a2-d8c4975e38aa_jpg.rf.3145904e62c9002578a9f3da29c1abf0.jpg,0
0.181848650147929,0.04319988905325444,3.467085798816568e-05,0.1013718102810651,0.013094461329685097,95.58116447855029,58.51011728478667,0.038161057692307696,59.566088433801774,83.57464635724853,musa-acuminata-banana-910cda48-394a-11ec-a87b-d8c4975e38aa_jpg.rf.326c68ee49c7217a4f872de854bffabf.jpg,0
0.0964427699704142,0.049648668639053255,0.0,0.4692180565828402,0.016459989189362857,73.09455320821006,58.142221127159154,0.033613396819526624,74.61485299556213,78.72107294748521,musa-acuminata-banana-91aca832-394a-11ec-9a88-d8c4975e38aa_jpg.rf.18884af0d9f02d9d84b81f72d35686b1.jpg,0
0.0933801775147929,0.03492511094674556,5.778476331360947e-06,0.4174602440828402,0.007828250916076555,56.51320959689349,59.881848842460705,0.0269739275147929,53.539761695636095,49.545909994452664,musa-acuminata-banana-91f7f4fd-394a-11ec-a9ab-d8c4975e38aa_jpg.rf.3b202bf56cfae26b59f535d2616a741e.jpg,0
0.08902898483727811,0.09431051220414201,0.00010979105029585799,0.061188285872781065,0.19527111904744918,97.36781735392012,49.916230696234194,0.30151511649408286,71.76983750924556,68.85799972263314,musa-acuminata-banana-92acef51-394a-11ec-8e9e-d8c4975e38aa_jpg.rf.81a3d3ad4a4a835ff361fb10d84d53f5.jpg,0
0.11355861686390532,0.051156850961538464,0.00010401257396449704,0.025234606139053255,0.01937686176689385,94.95536127034023,48.254047887354496,0.04838896079881657,81.16643745377219,65.98226007766272,musa-acuminata-banana-945c8ad9-394a-11ec-922d-d8c4975e38aa_jpg.rf.fba0267e7c722d8116532e39a269480e.jpg,0
0.14098904400887574,0.038114829881656806,0.0,0.0,0.01061900467357233,165.70350060096155,29.882006977757065,0.03871579142011834,79.70358727810651,37.01009499815089,musa-acuminata-banana-94602e0c-394a-11ec-ac37-d8c4975e38aa_jpg.rf.7802e94a380bd8f4297013bfeed824dd.jpg,0
0.12864044008875739,0.05491863905325444,3.467085798816568e-05,0.021807969674556213,0.010994921865971133,97.48020294008876,50.57211265233832,0.04429779955621302,79.92856647559172,72.23388960798816,musa-acuminata-banana-9463bee1-394a-11ec-b05f-d8c4975e38aa_jpg.rf.479f3ea24380f2838e939a531ab95fea.jpg,0
0.08171921227810651,0.039755917159763315,0.00010401257396449704,0.3659624630177515,0.019507802406258413,62.30637481508876,60.212899679089524,0.04291674371301775,49.08354521079882,48.916292991863905,musa-acuminata-banana-958c508c-394a-11ec-902d-d8c4975e38aa_jpg.rf.104afe015edcddbca94027abd01a88b6.jpg,0
0.16048562315088757,0.08238373705621302,1.1556952662721893e-05,0.03972124630177515,0.016353798085505182,98.63017173631657,55.54502374344655,0.05683131471893491,61.91741401627219,83.89807345599112,musa-acuminata-banana-95967860-394a-11ec-adfe-d8c4975e38aa_jpg.rf.8608391a843ac68459911e1e7a157ed2.jpg,0
0.12049278846153846,0.04866054918639053,5.778476331360947e-06,0.2668211446005917,0.012839425386697493,78.7023160133136,52.420294839991826,0.0369764700443787,71.72091115014793,71.28567631286982,musa-acuminata-banana-9678770e-394a-11ec-96ae-d8c4975e38aa_jpg.rf.de2b858e9209f9f47ef643947b0a8507.jpg,0
0.12626548631656806,0.05663484652366864,0.0,0.21946653106508876,0.012774145293280022,78.97949796597634,54.898514558820025,0.04304964866863906,73.5178381564349,74.03011741863905,musa-acuminata-banana-96aac930-394a-11ec-aaf3-d8c4975e38aa_jpg.rf.e9d9004b4aad027afef439cdcae050d8.jpg,0
0.13552260539940827,0.061061159393491125,4.044933431952663e-05,0.04572508321005917,0.0181306397909761,88.9529054178994,51.29918016728478,0.04985091531065089,77.52318324704142,68.33495515902366,musa-acuminata-banana-96c7bc63-394a-11ec-8c14-d8c4975e38aa_jpg.rf.cc87bb1e986897f1e0652e579f7ad61f.jpg,0
0.06666628143491124,0.04177260539940828,5.778476331360947e-06,0.254258737056213,0.014884243244849512,79.02738997781066,57.205384697099184,0.040015948594674555,50.839676174186394,43.28372896634615,musa-acuminata-banana-96eb7abf-394a-11ec-8e3b-d8c4975e38aa_jpg.rf.0bebd21f9a2507190338b0ca86083e3d.jpg,0
0.09145016642011834,0.060385077662721894,8.089866863905326e-05,0.02088919193786982,0.01661845124475654,104.29929618158285,43.35712406894382,0.050983496671597635,67.34369221523669,58.10487356693787,musa-acuminata-banana-96ff0858-394a-11ec-8bc3-d8c4975e38aa_jpg.rf.43ec2c22068c492c2c9692dcf122832a.jpg,0
0.07414940828402367,0.03736940643491124,0.0007512019230769231,0.20392820821005916,0.01315121665436832,93.9864205806213,56.49706875800989,0.04326345229289941,115.54250069341715,84.50613674186391,musa-acuminata-banana-98c961c6-394a-11ec-808d-d8c4975e38aa_jpg.rf.e3db256566e3020a01c52beefe7dc41c.jpg,0
0.06706499630177515,0.03253860022189349,0.0006645247781065089,0.0017913276627218935,0.18847424121147272,123.00248474482248,34.48651851981384,0.2962682599852071,147.34571468195267,92.17434240939349,musa-acuminata-banana-98d922ca-394a-11ec-9779-d8c4975e38aa_jpg.rf.28a5b6a6b413dd3d1e862f089a9075b2.jpg,0
0.12783723187869822,0.06347078402366864,0.0009650055473372782,0.005628235946745562,0.007864319072653402,118.84835544563609,40.14321692293861,0.05669840976331361,130.48785942122782,96.0811471431213,musa-acuminata-banana-98e84aeb-394a-11ec-95e4-d8c4975e38aa_jpg.rf.29eb74d3f2803b7658826a4566eebe51.jpg,0
0.07134106878698225,0.02930265347633136,0.00031781619822485207,0.002496301775147929,0.18678008491470965,124.80691221338758,33.811842975227464,0.30165957840236685,132.82002935465977,82.62460128513314,musa-acuminata-banana-99ff2efe-394a-11ec-8995-d8c4975e38aa_jpg.rf.46d04363aff6f4ef649d5e78333353e0.jpg,0
0.06830736871301775,0.10379299186390532,0.00010979105029585799,0.05300596338757396,0.010246304307341728,102.8023472170858,50.84540242766913,0.04293407914201183,54.47277181952663,99.81790287536982,musa-acuminata-banana-9ac19037-394a-11ec-aa69-d8c4975e38aa_jpg.rf.ccf63103dc5d81ea9d5524d54eecb2cf.jpg,0
0.1096408099112426,0.04442492603550296,4.622781065088757e-05,0.1498994545118343,0.008152980393629808,88.54840051775147,50.744295019331624,0.03756587463017751,117.82058986686391,95.59981162167159,musa-acuminata-banana-9ae63e44-394a-11ec-91f4-d8c4975e38aa_jpg.rf.4f40124645399c32403415789c1718ba.jpg,0
0.10447485207100592,0.039039386094674555,2.8892381656804732e-05,0.005200628698224852,0.17558316693095774,110.27358196190828,38.50566926312115,0.2944480399408284,138.7969674556213,97.22161612426035,musa-acuminata-banana-9af5002c-394a-11ec-a72c-d8c4975e38aa_jpg.rf.e32c65ecb51c70ebecdfb67df1243765.jpg,0
0.10943278476331361,0.04482364090236687,5.200628698224852e-05,0.007916512573964496,0.006193249871213997,100.41313216531066,37.36919665399692,0.034335706360946745,138.7331210706361,104.70870122965977,musa-acuminata-banana-9afb84bf-394a-11ec-80e5-d8c4975e38aa_jpg.rf.19e1e771143987e3e22681954a355552.jpg,0
0.0663773576183432,0.010539940828402367,1.1556952662721893e-05,0.0,0.0028818208383322636,163.4917310003698,28.613485765035062,0.02332770894970414,129.94893560465977,60.1133737056213,musa-acuminata-banana-9b5701d4-394a-11ec-80bd-d8c4975e38aa_jpg.rf.f63f6e456825a45b641f7087f410be85.jpg,0
0.06450513128698225,0.04208464312130177,0.0005605122041420119,0.016636233357988167,0.17842074364170027,104.07800943047337,47.54528135938991,0.30310997596153844,120.80301752034023,101.6432599852071,musa-acuminata-banana-9b8e6906-394a-11ec-be0b-d8c4975e38aa_jpg.rf.69b9329313e316f14dfe5dd60262c401.jpg,0
0.07154331545857988,0.050001155695266274,0.0007338664940828402,0.021981323964497042,0.00991125875121551,94.11381286982248,46.51559730316445,0.04857387204142012,120.86911173261835,110.6443463387574,musa-acuminata-banana-9b94a002-394a-11ec-8cd9-d8c4975e38aa_jpg.rf.59820fbd8f502eac860ef0c12e6ee954.jpg,0
0.10488512389053255,0.048897466715976334,0.00012712647928994083,0.02210267196745562,0.007545304406273159,101.55767497226331,34.70856352001221,0.03263105584319527,137.55280949519232,107.54915171967455,musa-acuminata-banana-9be9f584-394a-11ec-bb23-d8c4975e38aa_jpg.rf.725b8882ca538d81d96415427a1befef.jpg,0
0.02933732433431953,0.016012157914201183,0.0,0.0,0.0038105162483241506,172.2613315920858,23.91383828772409,0.02643075073964497,137.00356531989644,51.58028615014793,musa-acuminata-banana-9bef1cba-394a-11ec-adf9-d8c4975e38aa_jpg.rf.9c5bded8d30331a6b5dfd98577818e43.jpg,0
0.12297753328402367,0.04013151812130177,0.0,0.08183478180473373,0.00794907374443625,80.96833972818047,46.52433229853281,0.0363986224112426,130.4116528753698,125.09810119267752,musa-acuminata-banana-9cd893d3-394a-11ec-83df-d8c4975e38aa_jpg.rf.781e3c07cb1dade7b62f02cbbb6153ba.jpg,0
0.12027898483727811,0.03834019045857988,0.0,0.004605445636094675,0.1813485516745797,96.73820035133136,42.01708698057268,0.2928936298076923,139.8770109097633,116.8166258321006,musa-acuminata-banana-9ce720c6-394a-11ec-b735-d8c4975e38aa_jpg.rf.42eaf54428ac049d38cddd8966ceab13.jpg,0
0.04443648298816568,0.031047753328402365,0.00022536057692307694,0.41417229105029585,0.01355974970427194,73.8219709227071,66.35640119538498,0.03632350221893491,81.76138937684911,60.61633806397929,musa-acuminata-banana-9eb1840f-394a-11ec-9a5c-d8c4975e38aa_jpg.rf.fefbbee816b5cb28bee64281a0976581.jpg,0
0.07089612610946745,0.04926151072485207,0.0009129992603550296,0.0009534485946745562,0.006516626044115403,125.58452755177515,31.628801006881872,0.03687823594674556,133.83928323779585,87.91154308431953,musa-acuminata-banana-9eb2e160-394a-11ec-91bb-d8c4975e38aa_jpg.rf.89070b3812a5feebf98328203218663e.jpg,0
0.07149130917159763,0.048989922337278106,0.0007223095414201183,0.000988119452662722,0.006547582523562586,125.58739945451184,31.629778834745384,0.03742719119822485,134.406267335429,87.8741158931213,musa-acuminata-banana-9eb417dc-394a-11ec-9f48-d8c4975e38aa_jpg.rf.388065efc4e19668d7a720a66e9cda91.jpg,0
0.017589681952662722,0.007055519600591716,0.0,0.0,0.002435281623138992,189.45226400702663,18.72786903563647,0.022241355399408285,132.6993458764793,40.51695982803255,musa-acuminata-banana-9eb7bb0b-394a-11ec-9a0a-d8c4975e38aa_jpg.rf.73f76c63ef36f2648e41d7758d31dbf6.jpg,0
0.06830159023668639,0.04399731878698225,0.0006645247781065089,8.089866863905326e-05,0.006102801150967771,133.65436621671597,30.32646256434389,0.036150147928994084,134.5176879160503,81.19205921782545,musa-acuminata-banana-9eb93f16-394a-11ec-b55a-d8c4975e38aa_jpg.rf.e0d985def9416b2b69a318e6bcb906be.jpg,0
0.06415842270710059,0.04007373335798817,0.0005316198224852071,0.4276014700443787,0.010842211141236034,63.616395848742606,60.69416060203313,0.03683200813609468,78.90104359282545,65.90097425110947,musa-acuminata-banana-9f36b5ea-394a-11ec-b5ef-d8c4975e38aa_jpg.rf.08bb666eb26bddd32007306980989e6e.jpg,0
0.10400679548816567,0.06258089866863906,0.0013521634615384615,0.004530325443786982,0.00756913657643031,107.97462671042899,35.082511803480784,0.04397998335798817,133.7789675018491,99.34860969859467,musa-acuminata-banana-9f38136e-394a-11ec-82ee-d8c4975e38aa_jpg.rf.d0e9e8b51c8c9cd2a69d04aa4056f8db.jpg,0
0.06009037536982249,0.03680311575443787,0.00030625924556213017,0.13194572855029585,0.009327912439888779,103.21588387573965,51.65790117498543,0.03719605214497041,115.09070474297337,95.04366216715977,musa-acuminata-banana-9f8bacf1-394a-11ec-a1a2-d8c4975e38aa_jpg.rf.5f1212634db865c59c8378086f8f4849.jpg,0
0.06041974852071006,0.03578032544378698,0.0004102718195266272,0.0025540865384615385,0.008132503317454328,119.0932703864645,35.16486141432218,0.03434726331360947,130.36331014238166,100.48628767566568,musa-acuminata-banana-9f9fd5da-394a-11ec-adf8-d8c4975e38aa_jpg.rf.6fade1ccf56d2a8a102ffab9c8a906f6.jpg,0
0.14368181397928995,0.10542830066568047,0.0017797707100591716,0.019271218565088757,0.0046953921347872175,107.56526789016272,39.396947015814085,0.04506633690828402,107.52068694526628,109.30059056028107,musa-acuminata-banana-a044d52f-394a-11ec-b77c-d8c4975e38aa_jpg.rf.9142d309335d4fa68cc6364c11c86c35.jpg,0
0.10574033838757396,0.061419424926035505,0.002710105399408284,0.01196144600591716,0.012621230590497492,111.22963087093196,37.119939320688836,0.05256102071005917,128.73644369452663,100.9836584689349,musa-acuminata-banana-a049d590-394a-11ec-8031-d8c4975e38aa_jpg.rf.f146cf7ce62eb5405e2b2f845f972da1.jpg,0
0.12274061575443787,0.06720945821005918,0.00026003143491124263,0.005645571375739645,0.008045491609205731,106.50394092085799,41.99096474584087,0.04092316937869823,127.67830066568047,90.38838295118343,musa-acuminata-banana-a0a7c058-394a-11ec-b151-d8c4975e38aa_jpg.rf.5befb87d76b556ba233787f39cc303bf.jpg,0
0.14443301590236687,0.09000554733727811,0.0007165310650887574,0.010776858357988165,0.009182021448601443,95.69996995192308,45.193721581800474,0.05053277551775148,120.6144427237426,102.08289802144971,musa-acuminata-banana-a11a5cb8-394a-11ec-8976-d8c4975e38aa_jpg.rf.268e416ffd843de36feeddfd308c9f5b.jpg,0
0.10052815273668639,0.027933154585798817,3.467085798816568e-05,0.20391665125739644,0.006657048886199862,82.27639607988165,57.21991552594064,0.02916974852071006,100.05291350776628,91.47582863350591,musa-acuminata-banana-a165caa0-394a-11ec-89e3-d8c4975e38aa_jpg.rf.96b15476755444f80e071fa66a66624d.jpg,0
0.10559587647928995,0.0291639700443787,5.7784763313609464e-05,0.0038600221893491126,0.00791318005253331,100.81452246671597,41.53453065655773,0.028591900887573966,124.86038045488165,103.47756217640533,musa-acuminata-banana-a17aedf5-394a-11ec-ae02-d8c4975e38aa_jpg.rf.5c24419c90138b672b086b2ce482afaa.jpg,0
0.16554756841715976,0.03498867418639053,1.1556952662721893e-05,0.14788276627218935,0.006266766447697211,88.23905556582841,56.41712446148789,0.02893283099112426,102.38239067122781,97.6392439441568,musa-acuminata-banana-a1d41c21-394a-11ec-8d7c-d8c4975e38aa_jpg.rf.610f33e07cd8f23ec3e71616318e3e56.jpg,0
0.1652008598372781,0.03460729474852071,0.0001964681952662722,0.0024269600591715975,0.006830359988975398,98.3381102071006,45.64802466364494,0.023974898298816567,122.13021796412721,108.36370307877219,musa-acuminata-banana-a1eb61a3-394a-11ec-845b-d8c4975e38aa_jpg.rf.2f44f1cbf42e7e6e8d7c196db3efce18.jpg,0
0.00024847448224852073,0.0059229382396449705,0.0,0.0,0.0032211127807427803,168.22878143491124,31.05864714140016,0.016578448594674555,121.97281804733728,52.033388036242606,musa-acuminata-banana-a1f075ef-394a-11ec-a397-d8c4975e38aa_jpg.rf.86164b7a1ee29f6acf0cedf9186b29c9.jpg,0
0.0028719027366863907,0.043390578772189346,0.0,0.0,0.0031434362039458852,114.89874375924556,50.709955852768786,0.016457100591715977,99.52022466715977,91.70284763313609,musa-acuminata-banana-a3cf94df-394a-11ec-8a6e-d8c4975e38aa_jpg.rf.06e12197b9d294256b9794916428275a.jpg,0
0.0012308154585798817,0.023893999630177513,0.0,5.778476331360947e-06,0.005178996394017069,99.33649223372781,43.58979513143141,0.01893028846153846,118.19323224852072,104.06119406434911,musa-acuminata-banana-a3d385b2-394a-11ec-a843-d8c4975e38aa_jpg.rf.b38055e7ca4faf9a941f688b9bef8660.jpg,0
0.09454165125739646,0.033971662352071004,0.0019704604289940827,0.165247087647929,0.00569380989503111,78.13317076553254,51.313622571629914,0.028961723372781065,115.79721593010355,93.9434344951923,musa-acuminata-banana-a4083297-394a-11ec-8cde-d8c4975e38aa_jpg.rf.5b64c507c277de81561413208e7a7c05.jpg,0
0.08192145894970414,0.029285318047337278,0.0015659670857988165,0.0009303346893491124,0.18346355917170862,101.7063493897929,40.05687432687547,0.29555172892011833,138.9991332285503,95.13599644045858,musa-acuminata-banana-a416afd7-394a-11ec-ace0-d8c4975e38aa_jpg.rf.945bb66a38812c3e52fff4cb04db33da.jpg,0
8.66771449704142e-05,0.002357618343195266,0.0,0.0,0.0026445635174557978,164.93498636279585,25.42963727783739,0.01685003698224852,138.00584781804733,48.434512527736686,musa-acuminata-banana-a421982f-394a-11ec-8173-d8c4975e38aa_jpg.rf.c4c14c2d6edbbc84018635dc70d5b845.jpg,0
0.08118759245562131,0.03134823409763313,0.0011730306952662721,0.00034093010355029586,0.0055841090400171964,100.12381541235207,37.718096677579595,0.023408607618343194,138.8904978735207,95.32776673446746,musa-acuminata-banana-a4239097-394a-11ec-a866-d8c4975e38aa_jpg.rf.51b353dae522e91f6b6a365ea6a57bcb.jpg,0
0.09051983173076923,0.021212786612426034,0.0010112333579881656,0.11897304918639054,0.009993222189131566,108.01572901257397,49.61347414898686,0.03509268676035503,114.63833094489645,64.56733080621302,musa-acuminata-banana-a4604a0d-394a-11ec-b4e3-d8c4975e38aa_jpg.rf.fbde554dde5daccdda236fc7caa6f84b.jpg,0
0.09088965421597633,0.024691429363905327,0.0011672522189349113,0.0029874722633136093,0.007792007110214112,119.8579939441568,33.24952687421094,0.03418546597633136,127.52676590236686,67.29526280510355,musa-acuminata-banana-a473fcfa-394a-11ec-87cc-d8c4975e38aa_jpg.rf.317674d4db8c918291353b25518c19b4.jpg,0
0.003149269600591716,0.0027447762573964496,0.0,0.0,0.00311328765803628,185.83060974482248,21.453733763355412,0.025662213387573966,126.20819850221893,29.76226192677515,musa-acuminata-banana-a478d684-394a-11ec-aa98-d8c4975e38aa_jpg.rf.d362b7e3bf5f0429a79b016d06a2d828.jpg,0
0.08256864829881656,0.022686298076923076,0.0009303346893491124,0.0021207008136094677,0.007374529545250647,128.0984883505917,32.28329079394426,0.0339427699704142,127.32720622226331,62.144808616863905,musa-acuminata-banana-a47a8179-394a-11ec-9031-d8c4975e38aa_jpg.rf.c321da8c74279ceea16b8aef6b476af2.jpg,0
0.1147316475591716,0.033041327662721894,0.00013290495562130178,0.004039154955621301,0.0046756818518594034,122.99204881656804,34.56980832561781,0.031446468195266274,123.99409439718934,68.8941440920858,musa-acuminata-banana-a47cc77e-394a-11ec-a765-d8c4975e38aa_jpg.rf.aa1255d59544826a376a76021979bcb4.jpg,0
0.0008032082100591716,0.02068116678994083,0.0004449426775147929,0.00013290495562130178,0.0038687661179741253,99.91780695266272,45.667397476213324,0.015174278846153846,115.40218195266272,104.70548839681953,musa-acuminata-banana-a4d97360-394a-11ec-8d3f-d8c4975e38aa_jpg.rf.16bb06003a37ffee5b6303d28c3cbbfb.jpg,0
0.00011556952662721893,0.020184217825443787,0.00016757581360946744,1.733542899408284e-05,0.0037432303398731775,108.00828055658285,44.364987432861504,0.014914247411242603,115.54047822670118,97.4425503883136,musa-acuminata-banana-a4dec156-394a-11ec-a1ce-d8c4975e38aa_jpg.rf.55bf3c6f97f980912128b0ef59bbb193.jpg,0
0.10251594859467456,0.3131529678254438,0.0005605122041420119,0.04218287721893491,0.016968103454074686,129.26660734097632,50.296770625882154,0.10927676590236686,49.72588641826923,93.59372110761835,musa-acuminata-banana-a714e14f-394a-11ec-8095-d8c4975e38aa_jpg.rf.7f5529e1ba272bb4fb9ea8c605fdafbe.jpg,0
0.09602671967455621,0.276014700443787,0.00026580991124260355,0.02392867048816568,0.006077834603996914,135.73210405880178,52.36727845284648,0.07896865754437869,49.119088618713015,90.32094235392012,musa-acuminata-banana-a725b444-394a-11ec-9fc1-d8c4975e38aa_jpg.rf.941038f91ce921e8595412aa5aa306e4.jpg,0
0.10150471523668639,0.31421042899408286,0.0005258413461538461,0.014532867973372781,0.011579423830932502,133.65395594489644,45.9778989372974,0.11582377958579881,49.24584527551775,90.14829303809172,musa-acuminata-banana-a72a6754-394a-11ec-ad94-d8c4975e38aa_jpg.rf.4643d88a89ed8b99d605cb886ee182b1.jpg,0
0.04418800850591716,0.08687939164201183,0.0,0.0,0.005160575938526145,192.38901280510356,30.112915263435312,0.05655394785502959,49.62793546597633,43.713630269970416,musa-acuminata-banana-a72de3ac-394a-11ec-b4b7-d8c4975e38aa_jpg.rf.1f46b6b4cbf080a95d0fbce13b9f036c.jpg,0
0.022784532174556213,0.2101978550295858,0.00019068971893491124,0.2585059171597633,0.0234567665957306,94.55623035318047,66.71412739754506,0.11846454326923077,46.141786473742606,79.79428046412721,musa-acuminata-banana-a758a19c-394a-11ec-98fa-d8c4975e38aa_jpg.rf.ece3e668f26ac5a945f46b4e482b4965.jpg,0
0.05655972633136094,0.33238951553254437,0.00152551775147929,0.03699380547337278,0.02631206375273464,118.11467964127219,47.70990196190402,0.14907891087278108,51.52913507766272,103.91284324149409,musa-acuminata-banana-a76d8c9e-394a-11ec-a5e0-d8c4975e38aa_jpg.rf.e312257334e39d28625f7a62cd5054ce.jpg,0
0.04564996301775148,0.291784162352071,0.00045072115384615387,0.02183686205621302,0.011753117425309597,122.29496232433432,48.860384189734134,0.11094096708579881,51.316128883136095,104.28037167159763,musa-acuminata-banana-a774997d-394a-11ec-b45c-d8c4975e38aa_jpg.rf.34ce36ac5da1ca7d2107f38dafc8408d.jpg,0
0.04461561575443787,0.2906342455621302,0.0004218287721893491,0.0019993528106508874,0.00565625477573759,142.8611432137574,37.40053154740079,0.06510031434911243,55.870527459319526,76.33351053994083,musa-acuminata-banana-a9561b2e-394a-11ec-a6b9-d8c4975e38aa_jpg.rf.6a9c6839839d693279d0a5ff16475028.jpg,0
0.0146484375,0.43399824334319526,0.00031781619822485207,0.0011499167899408284,0.010147542354951309,122.8373936760355,34.34557645539275,0.0873878975591716,39.71738050110947,112.01684425850591,musa-acuminata-banana-a9926f2a-394a-11ec-a460-d8c4975e38aa_jpg.rf.fd583a365375a2b1c0d5e5739d7b313f.jpg,0
0.025719998150887574,0.3589473927514793,0.0004218287721893491,0.00024847448224852073,0.018218894953203654,137.9886337370562,34.128821678086396,0.12784878883136094,52.56200882951183,91.58862449149409,musa-acuminata-banana-a99d58f8-394a-11ec-bcf6-d8c4975e38aa_jpg.rf.13c6986fc6e484d29ca289cfb4eb8f8d.jpg,0
0.09680103550295859,0.11867256841715976,0.0,0.02234536797337278,0.1656279393176672,183.59939557137574,55.37403193614373,0.28249815088757396,58.52226446930474,41.08052306767752,musa-acuminata-ripe-6de2e704-2653-11ec-8998-d8c4975e38aa_jpg.rf.d2c8d406c6b74ea30a75eef2fe8e0bd4.jpg,0
0.1498127773668639,0.1828078772189349,0.0,0.07696930473372782,0.006142309843953352,164.76390879252958,65.71626134569536,0.05141110392011834,58.3039131841716,62.1016549556213,musa-acuminata-ripe-6dea0d9d-2653-11ec-921c-d8c4975e38aa_jpg.rf.0e6d03166f83754c6cfc82ceae5821b1.jpg,0
0.11060581545857988,0.10225013868343195,0.0,0.06153499445266272,0.00461363051227735,157.32382003513314,53.74451357807139,0.03248081545857988,53.56585151627219,49.8234444341716,musa-acuminata-ripe-6e49639b-2653-11ec-ae19-d8c4975e38aa_jpg.rf.4b369439ae72b7d9ebd4c7b185373700.jpg,0
0.11519970414201183,0.13113096338757396,0.0,0.017058062130177513,0.011288838790661018,180.1482352533284,55.47426837919082,0.05755362426035503,63.39320220044379,48.77558709319526,musa-acuminata-ripe-6ee44fb8-2653-11ec-bf54-d8c4975e38aa_jpg.rf.049cb228d9304ee858d6eeffed2b168f.jpg,0
0.12197785687869822,0.13151812130177515,0.0,0.009684726331360947,0.011380518997470593,184.90205482618344,53.242195165977506,0.05792922522189349,61.771253235946745,45.92850291235207,musa-acuminata-ripe-6ef03c22-2653-11ec-bdfa-d8c4975e38aa_jpg.rf.043dd5ba1422dacb9ca653524b8146ec.jpg,0
0.12057368713017752,0.09719975036982248,0.0,0.025379068047337278,0.007620099851857304,167.00965005547337,48.59715087347386,0.03986570821005917,56.57931536612426,45.755160179363905,musa-acuminata-ripe-6f997392-2653-11ec-aca2-d8c4975e38aa_jpg.rf.a759f176e1008a4c65335e8504b63cf7.jpg,0
0.14575050850591717,0.06533145340236686,0.0,0.0,0.005710949047923792,207.3056409485947,32.960825884317536,0.029632026627218935,25.01180542714497,27.146241678994084,musa-acuminata-ripe-6fef412d-2653-11ec-8ce8-d8c4975e38aa_jpg.rf.f2c0255d32fd4a4b7489bb8e60aec5c1.jpg,0
0.11765555658284024,0.09305080436390532,0.0,0.023385493713017753,0.0073079875853986525,166.80399986131656,47.62953113341454,0.0393283099112426,53.430900980029584,45.34488835983728,musa-acuminata-ripe-6ff1a36c-2653-11ec-9d17-d8c4975e38aa_jpg.rf.6ae7f29ced3d2f965cae0c4d03a74252.jpg,0
0.10344628328402367,0.23655926405325445,0.0,0.06501941568047337,0.013395498181898665,160.13684009800295,67.9530338513088,0.0888671875,65.35560743343196,59.77577200443787,musa-acuminata-ripe-7036c1dd-2653-11ec-99a6-d8c4975e38aa_jpg.rf.34dbb90cca79a2b1537d01905e070871.jpg,0
0.12085105399408284,0.0433385724852071,0.0,0.12917783838757396,0.02280671455807965,153.7503293731509,68.28404555031514,0.057455390162721894,50.908746301775146,42.74868828587278,musa-acuminata-ripe-706d9375-2653-11ec-b9d1-d8c4975e38aa_jpg.rf.670207e9046554723a7e0d92849f9802.jpg,0
0.11329858542899408,0.046279816937869825,0.0,0.00707863350591716,0.017325580488013092,175.39379160502958,37.28563668673,0.055155556582840236,55.44755454881657,41.188158746301774,musa-acuminata-ripe-70d67260-2653-11ec-a83f-d8c4975e38aa_jpg.rf.2519277f38d36ee796bf1d9d02aff274.jpg,0
0.3420337925295858,0.05346246301775148,0.0,0.008315227440828403,0.0036467813747093863,165.9531654493343,44.35652217889764,0.037132488905325445,45.46244568232248,103.23465236686391,musa-acuminata-ripe-711df2fe-2653-11ec-83f7-d8c4975e38aa_jpg.rf.a67aa23026e150d747caf4d39ed34886.jpg,0
0.202916974852071,0.04326923076923077,0.0,0.16395270894970415,0.02149612970880415,143.74774639423077,73.28265543502106,0.039831037352071004,38.92002588757396,65.11255316198225,musa-acuminata-ripe-7120568a-2653-11ec-8c13-d8c4975e38aa_jpg.rf.f5224961c030793ea2401c7b3dce1cdf.jpg,0
0.21901003143491124,0.04838318232248521,0.0,0.012111686390532544,0.008011487492930342,170.8413172614645,42.8069947852628,0.0393283099112426,50.66603873890533,69.48665749815089,musa-acuminata-ripe-7122b75f-2653-11ec-8737-d8c4975e38aa_jpg.rf.fcf0125fa6cf9f6f16592e79013f9e39.jpg,0
0.20260493713017752,0.041356555103550297,0.0,0.0,0.008314614875843944,212.8188158746302,31.23194874092136,0.037704558062130175,35.59637342825444,39.8449288091716,musa-acuminata-ripe-71bda36f-2653-11ec-90aa-d8c4975e38aa_jpg.rf.c486188f9efa1899906d6ac009ff53d3.jpg,0
0.14683686205621302,0.07061298076923077,5.778476331360947e-06,0.25885840421597633,0.022014850032193074,125.50632743158285,84.15186537007463,0.048758783284023666,39.02504969489645,54.41023137019231,musa-acuminata-ripe-71f47509-2653-11ec-af46-d8c4975e38aa_jpg.rf.989e9be30ae21aa4703aadf9310571c0.jpg,0
0.10853712093195267,0.05583741678994083,5.778476331360947e-06,0.3682391826923077,0.028382957732564343,107.34030602810651,88.76290211325252,0.044817862426035505,37.02736108542899,43.30510355029586,musa-acuminata-ripe-7207867d-2653-11ec-9ee0-d8c4975e38aa_jpg.rf.7e2bd9916a8bf9b2a2d9078ad413dc76.jpg,0
0.16210359652366865,0.07861617048816567,0.0,0.02020155325443787,0.012226438251910207,171.09278499445267,48.67521509485328,0.050492326183431954,53.819526627218934,56.17585059171598,musa-acuminata-ripe-72110efa-2653-11ec-b45f-d8c4975e38aa_jpg.rf.8a0fbf49d0ed3de64ada7e0df9c18217.jpg,0
0.26054571930473375,0.12374029215976332,0.0,0.03405833949704142,0.006855814487892958,156.6478480954142,55.77606210018505,0.05913114829881657,49.03064903846154,94.94275841346153,musa-acuminata-ripe-72137112-2653-11ec-aecf-d8c4975e38aa_jpg.rf.79374f308b8dbb7c3fc580127d75d9c6.jpg,0
0.20674810465976332,0.06860207100591716,0.0,0.03933986686390532,0.009672248231390894,160.0818463387574,50.903567054944354,0.05557160687869823,58.369261973002956,66.41213248890533,musa-acuminata-ripe-72b0bf57-2653-11ec-92d6-d8c4975e38aa_jpg.rf.232ccec5cd592190d1f63604096f4efc.jpg,0
0.2041304548816568,0.08878051035502958,9.82340976331361e-05,0.029944064349112426,0.1775230081565072,163.77020155325442,49.232905026125025,0.30240500184911245,55.972222864275146,60.96977279031065,musa-acuminata-ripe-7301c8a5-2653-11ec-ad76-d8c4975e38aa_jpg.rf.8d3378ca96e80e9a477b4ae4837a2705.jpg,0
0.1226019323224852,0.03714982433431953,5.7784763313609464e-05,0.4832713110207101,0.025864961058612402,82.80377450073965,84.1864996123764,0.041437453772189346,29.93317192122781,41.663207285502956,musa-acuminata-ripe-73042ac0-2653-11ec-8c76-d8c4975e38aa_jpg.rf.65541b65c542b924b38513b6022c3fe1.jpg,0
0.20734906619822485,0.06312407544378698,5.778476331360947e-06,0.045430380917159764,0.008205835105386052,153.73976053994082,48.068109399791474,0.049203725961538464,55.78962301220414,67.34161774223372,musa-acuminata-ripe-73068cd6-2653-11ec-afad-d8c4975e38aa_jpg.rf.5380df8ab7a2f8ff352c73d0d23162a9.jpg,0
0.2289143398668639,0.06119984282544379,0.0,0.0,0.006337849493208045,202.8627438517012,34.16696283148508,0.04585798816568047,47.36093518860947,40.30494175295858,musa-acuminata-ripe-730b5149-2653-11ec-af7a-d8c4975e38aa_jpg.rf.8212651e804e2d2c81480e8fc372eb6e.jpg,0
0.21413299741124261,0.06868874815088757,9.245562130177515e-05,0.03308755547337278,0.008525824008107015,160.0315851516272,47.23964501930338,0.050180288461538464,54.840698964497044,64.59209735576923,musa-acuminata-ripe-730db352-2653-11ec-9be8-d8c4975e38aa_jpg.rf.78267e479e86cd5c323f6ff63337fd91.jpg,0
0.11299810465976332,0.10847933616863906,0.0,0.021565273668639053,0.010548511425550022,187.1295303254438,56.88809053706427,0.05161912906804734,57.571791789940825,44.42590837647929,musa-acuminata-ripe-95737c8b-1d0a-11ec-a8f9-d8c4975e38aa_jpg.rf.4e7860b4873b6479736d6462e7608d1f.jpg,0
0.18429294563609466,0.16669170673076922,0.0,0.09972494452662722,0.005182616395921268,161.46277505547337,64.87778849232483,0.04482364090236687,44.557651858357985,64.67271287906804,musa-acuminata-ripe-95c94a2f-1d0a-11ec-a024-d8c4975e38aa_jpg.rf.d466d3fb168f83bcd8bd9fd07bd97ee3.jpg,0
0.21227810650887574,0.2191776072485207,4.622781065088757e-05,0.031267335428994084,0.009249813737512316,156.3692908653846,57.49743778456591,0.07628166605029586,48.304213664940825,76.5798585428994,musa-acuminata-ripe-96348b41-1d0a-11ec-b4a6-d8c4975e38aa_jpg.rf.454d21caf8bee25fe18c581da36d2daf.jpg,0
0.1402551775147929,0.1274442954881657,1.733542899408284e-05,0.010037213387573964,0.1650509632247197,181.6815481693787,52.41649162218806,0.2688204974112426,67.51695982803254,49.04323455991124,musa-acuminata-ripe-967e6e12-1d0a-11ec-9330-d8c4975e38aa_jpg.rf.55ce0eca4e69e8117b9fc67e144513f7.jpg,0
0.14261279585798817,0.12498266457100592,1.1556952662721893e-05,0.01695982803254438,0.013619423768416928,172.71521935096155,52.47023384797751,0.0630316198224852,68.38636626294378,53.22425688794379,musa-acuminata-ripe-9687f6aa-1d0a-11ec-92d8-d8c4975e38aa_jpg.rf.0364f4bf5ceb0ecfce3e61daa3df21cd.jpg,0
0.1452535595414201,0.04523969119822485,0.0,0.0,0.008893722246003825,213.92098511464496,31.93686470509482,0.04501433062130177,62.45711214866864,27.5955008783284,musa-acuminata-ripe-968a58e3-1d0a-11ec-a6cf-d8c4975e38aa_jpg.rf.5b1b19c7dbaaa09386922394a649f0e7.jpg,0
0.1519450351331361,0.1549325073964497,0.0,0.020975869082840236,0.009557903798309921,169.42586214866864,54.535323925246054,0.06529678254437869,62.79523391272189,57.850395247781066,musa-acuminata-ripe-968f1d36-1d0a-11ec-b698-d8c4975e38aa_jpg.rf.8f36317708cb75bce3be851170ce403e.jpg,0
0.10430727625739646,0.13080736871301776,0.0,0.1956072022928994,0.024541977353535263,142.05392474112426,84.07529429229524,0.0588595599112426,46.601504715236686,47.38581730769231,musa-acuminata-ripe-96d69ddf-1d0a-11ec-bc76-d8c4975e38aa_jpg.rf.d5de781b8849f7fc2f0fea1fa9bd0544.jpg,0
0.129674787352071,0.22011372041420119,1.733542899408284e-05,0.02826252773668639,0.008223452434708085,166.79796713202663,61.45802751822928,0.0643491124260355,47.79909393491124,61.779239090236686,musa-acuminata-ripe-96e0267c-1d0a-11ec-9945-d8c4975e38aa_jpg.rf.aa11978f5aab94bbc6bf40eaaca61c5c.jpg,0
0.13834250184911243,0.053323779585798814,0.0,5.778476331360947e-06,0.008287165402095568,214.97029863165682,33.82893988804971,0.04400309726331361,53.14788276627219,26.17273021449704,musa-acuminata-ripe-972a0a8f-1d0a-11ec-be6f-d8c4975e38aa_jpg.rf.7f8177cf032d5ed721a89da07353d4b4.jpg,0
0.14968565088757396,0.1821895802514793,0.0,0.02696237056213018,0.008634481901060838,166.16528753698225,59.479408945441385,0.0608126849112426,52.836526904585796,63.02942400147929,musa-acuminata-ripe-972ecdaa-1d0a-11ec-9e81-d8c4975e38aa_jpg.rf.9cf834cec0623c4dc933d96705a24ec8.jpg,0
0.1417055750739645,0.09122480584319527,0.0,0.19527205066568049,0.02407929102533117,152.8038553994083,89.3644220005501,0.05480306952662722,39.03647952107988,48.82282035872781,musa-acuminata-ripe-97b90c25-1d0a-11ec-bbc2-d8c4975e38aa_jpg.rf.667005961ca819650cf74d99612bbc5e.jpg,0
0.1833394970414201,0.1563829049556213,6.934171597633136e-05,0.026459643121301776,0.008278631356294983,181.90528499445267,64.29641666456921,0.05833371856508876,43.37693001109467,64.5969917252219,musa-acuminata-ripe-97cc1c37-1d0a-11ec-97d1-d8c4975e38aa_jpg.rf.1f47fe04071774cf11f8c215601e33f3.jpg,0
0.14236432137573965,0.09357086723372782,3.467085798816568e-05,0.014070589866863905,0.010780468674870723,190.72404308431953,54.399629881040084,0.051416882396449703,55.77636140902367,47.757673816568044,musa-acuminata-ripe-97ce7e19-1d0a-11ec-97e0-d8c4975e38aa_jpg.rf.3cb778971016a11efc603b0bb4a48865.jpg,0
0.1717883228550296,0.14882465791420119,0.0,0.023882442677514795,0.006848846397294388,183.1378975591716,62.62339175038627,0.057906111316568046,44.183917344674555,61.30138221153846,musa-acuminata-ripe-97d806da-1d0a-11ec-af42-d8c4975e38aa_jpg.rf.8b2aad190ca906404c008bc48daff471.jpg,0
0.11266295303254438,0.04759730954142012,5.778476331360947e-06,0.2104347725591716,0.02645540253002893,136.6791905510355,78.03716146704053,0.05877866124260355,38.23000069341716,41.74811621671598,musa-acuminata-ripe-985b1d77-1d0a-11ec-aefe-d8c4975e38aa_jpg.rf.bdce1ba3f1c62aab18b86d52053c97c6.jpg,0
0.1977105676775148,0.0827420025887574,0.0,0.01471200073964497,0.013367635204947203,165.52592224482248,46.656940762403764,0.07933270155325443,39.78049301960059,71.02258806397928,musa-acuminata-ripe-986bcf61-1d0a-11ec-9ba7-d8c4975e38aa_jpg.rf.49c62acc1a4a5f680b85cc8864a36d3f.jpg,0
0.24050018491124261,0.03515047152366864,0.0,0.0,0.0066065423772255,211.9449773483728,28.85040714579644,0.03274662536982249,18.52574311205621,46.17746278661242,musa-acuminata-ripe-98e55cbf-1d0a-11ec-81b7-d8c4975e38aa_jpg.rf.ea1c79b5ca1ce8e04e356042cc9c05e9.jpg,0
0.27069850221893493,0.09887550850591716,1.1556952662721893e-05,0.03151003143491124,0.006977281236660248,155.00969050480768,53.59054289342699,0.05282105214497041,54.36544240014793,99.52873058431953,musa-acuminata-ripe-993fec69-1d0a-11ec-9136-d8c4975e38aa_jpg.rf.a155d42d3a93b1a46efba86ba9b3b5f2.jpg,0
0.1571398853550296,0.08290957840236686,0.0,0.2156585151627219,0.024951992676733155,137.6780695266272,82.09846118118409,0.049169055103550297,46.47649315828402,54.98164178069526,musa-acuminata-ripe-99687104-1d0a-11ec-9646-d8c4975e38aa_jpg.rf.486000ee64b5d952a4f841aa341f47e7.jpg,0
0.15761949889053253,0.08813909948224852,1.1556952662721893e-05,0.015705898668639053,0.014870927862020636,173.25489436945267,46.381471775505084,0.0499375924556213,61.79034532174556,57.22394485022189,musa-acuminata-ripe-997de482-1d0a-11ec-aa5d-d8c4975e38aa_jpg.rf.b4f6f095f8df093ecd0a2d87395f3a0a.jpg,0
0.40133251664201186,0.12731716900887574,0.0,0.03740985576923077,0.005852549175140777,144.46796990569527,56.02247244605961,0.0602810650887574,30.934466299926036,123.64525933801775,musa-acuminata-ripe-99ede9d3-1d0a-11ec-8980-d8c4975e38aa_jpg.rf.71e526b24cea62cd2ae052c4c116d30a.jpg,0
0.20452339127218935,0.07015070266272189,0.0,0.03332447300295858,0.009737984235234707,163.1354128143491,49.549981043335,0.05388429178994083,56.24002634985207,65.05143999630178,musa-acuminata-ripe-99f2ae3b-1d0a-11ec-ae0c-d8c4975e38aa_jpg.rf.b2b87d4bcf8c3695d05ebd22f7ccc3ba.jpg,0
0.2043558154585799,0.0698097725591716,5.778476331360947e-06,0.0335729474852071,0.009789696974777877,163.13588087093194,49.54832485036504,0.05279793823964497,56.76149338942308,65.06805889423077,musa-acuminata-ripe-99f2ae3c-1d0a-11ec-b746-d8c4975e38aa_jpg.rf.1789155905debed854b01298a312f34f.jpg,0
0.3021911982248521,0.09425850591715976,0.0,0.03423747226331361,0.005613366812370115,158.0498278014053,54.31569219637358,0.05614945451183432,43.51333672337278,92.21109351886095,musa-acuminata-ripe-99fc36db-1d0a-11ec-87bb-d8c4975e38aa_jpg.rf.8882d5e6bc4c4ffab84e653c61b3c550.jpg,0
0.27171551405325445,0.07339242788461539,0.0,0.043569711538461536,0.004812775055419948,150.442400147929,48.8638555715162,0.042408237795857985,46.17188077847633,86.32758182322485,musa-acuminata-ripe-9a7826dd-1d0a-11ec-bb0b-d8c4975e38aa_jpg.rf.e60cc9d7daba35abc4d0ee2c65f31f2b.jpg,0
0.18418315458579881,0.08075420673076923,0.0,0.0355260724852071,0.17961174847404934,157.5423793454142,47.326699711487585,0.3009488258136095,55.18532151442308,57.65724967640533,musa-acuminata-ripe-9ac9304f-1d0a-11ec-8f96-d8c4975e38aa_jpg.rf.b6bc3c09a416658dfe8bd1bca2941e4d.jpg,0
0.04637805103550296,0.24338942307692307,0.0,0.1812130177514793,0.0008680077350547406,118.19409324149409,65.2505879230949,0.004541882396449704,67.10202477810651,51.69877958579882,musa-acuminata-rotten-8118aab7-2653-11ec-8d7b-d8c4975e38aa_jpg.rf.871655db6609f3791faffca0c4b98666.jpg,0
0.12913738905325445,0.06097448224852071,5.200628698224852e-05,0.024697207840236688,0.24595895770459833,153.9145189996302,51.80742877175544,0.3451830621301775,83.07184957470415,46.71042899408284,musa-acuminata-rotten-812dd06c-2653-11ec-b563-d8c4975e38aa_jpg.rf.0faa150f6e440b81c783695cd65d4b55.jpg,0
0.13734282544378698,0.0503074149408284,5.200628698224852e-05,0.020779400887573966,0.003054736609031688,150.81664316752958,48.65152829356672,0.012221477440828403,83.48579072670118,48.49347032174556,musa-acuminata-rotten-81360f06-2653-11ec-989b-d8c4975e38aa_jpg.rf.4579601dbfe83834ba9e075515b6443c.jpg,0
0.0014908468934911243,0.02691614275147929,0.0,0.0,0.004868221264336943,197.67638221153845,40.43548665437273,0.022969443417159764,92.09819364829882,8.679462139423077,musa-acuminata-rotten-817edb35-2653-11ec-967f-d8c4975e38aa_jpg.rf.129617377589316235405846c40fefc2.jpg,0
0.07757026627218935,0.08829511834319527,0.09803762943786982,0.2154504900147929,0.03152740961211531,142.43008621486686,92.59625045279608,0.07227140347633136,64.14481439534023,48.59956892566568,musa-acuminata-rotten-81bd4dae-2653-11ec-bfe2-d8c4975e38aa_jpg.rf.f75aa5a92a6e6a65d264c26b399bfcc4.jpg,0
0.10583279400887574,0.12806837093195267,0.14405163646449703,0.02106832470414201,0.00962086017997712,170.25133482803255,65.2961568086449,0.08091600406804733,74.1664201183432,62.00136949889053,musa-acuminata-rotten-81cdfa2e-2653-11ec-a0ff-d8c4975e38aa_jpg.rf.4c56964213edfcb5d894c5ffa9611487.jpg,0
0.07642034948224852,0.09260008321005918,0.10218079696745562,0.019513914571005916,0.013011071359528148,185.01340028661244,63.58919997228602,0.07032983542899408,82.99176567122781,49.21556605954142,musa-acuminata-rotten-81d19d2b-2653-11ec-8ae0-d8c4975e38aa_jpg.rf.e298941cc041d924ead18f889658d7bb.jpg,0
0.15744036612426035,0.023668639053254437,0.13729081915680474,0.019681490384615384,0.17062908937934648,164.7908307137574,51.78657172709867,0.29583487426035504,81.44223257211539,50.16310905140533,musa-acuminata-rotten-8213b84f-2653-11ec-85f5-d8c4975e38aa_jpg.rf.7cee3eddcdd6eec6c817632e61191e64.jpg,0
0.12311621671597633,0.016769138313609468,0.10304756841715976,0.3158515162721893,0.023557755870931955,106.8845055935651,81.40024132036014,0.028343426405325445,56.67296713202663,45.543442585059175,musa-acuminata-rotten-8217d186-2653-11ec-ad45-d8c4975e38aa_jpg.rf.c3d941841cbe434dc95c90b9ab517dcf.jpg,0
0.18941845414201183,0.015289848372781065,0.06750993897928995,0.0,0.0034145311135912815,204.3707643768491,32.580286695490656,0.02165772928994083,80.0111293454142,29.68702616494083,musa-acuminata-rotten-821e3d97-2653-11ec-9afe-d8c4975e38aa_jpg.rf.b4955a724acbac89a8169e2254ae489a.jpg,0
0.17528430103550297,0.0236744175295858,0.12832262389053253,0.02215467825443787,0.0050024038461004205,161.31412953032543,49.164281891159405,0.026378744452662722,81.82328263683432,52.31140786797337,musa-acuminata-rotten-821fe848-2653-11ec-8cc0-d8c4975e38aa_jpg.rf.ef001b54048765472cebcd52e9a3b4fd.jpg,0
0.288501987795858,0.141393537352071,0.15417552699704143,0.03003074149408284,0.008457794006094286,160.32308039016272,56.37736388550574,0.046106462647928996,63.731011926775146,74.5054722170858,musa-acuminata-rotten-82617cb4-2653-11ec-9f34-d8c4975e38aa_jpg.rf.033e836f0fbe808f38e80cd3bb41613f.jpg,0
0.1866736778846154,0.10042991863905325,0.07772050665680473,0.02014954696745562,0.00644865245770341,180.1062777366864,54.31840999393996,0.03587278106508876,79.85964658838758,50.93655232988166,musa-acuminata-rotten-826d0634-2653-11ec-8eff-d8c4975e38aa_jpg.rf.2ea483a6dcfabdb1db0036b5b0b6797d.jpg,0
0.07872018306213018,0.05962809726331361,0.08536543084319527,0.00908954326923077,0.13512685542920194,198.4120862610947,53.56929794158999,0.20890347633136094,87.02885771079882,31.32464057877219,musa-acuminata-rotten-82a7c793-2653-11ec-b5d7-d8c4975e38aa_jpg.rf.df03b003e047b323442c9eb015bed011.jpg,0
0.05695844119822485,0.04296297152366864,0.06152921597633136,0.3651072485207101,0.03002110103815403,120.67496648483728,100.0187660423693,0.02898483727810651,58.47074935281065,29.918881749260354,musa-acuminata-rotten-82b14e82-2653-11ec-b52b-d8c4975e38aa_jpg.rf.a29614a219a1dd28be571c0378569b98.jpg,0
0.07783607618343195,0.060887805103550297,0.08645178439349112,0.01513382951183432,0.008664011070088117,190.50104012573965,54.04695184918488,0.029944064349112426,88.84813008505917,35.64297106139053,musa-acuminata-rotten-82b3b243-2653-11ec-8f2f-d8c4975e38aa_jpg.rf.ceaace804de1ed0bbe1fa624864bc5aa.jpg,0
0.29681143676035504,0.047204373150887574,0.10780325443786982,0.03851354474852071,0.0053735388017461215,168.66076876849112,59.55578087641474,0.03532960428994083,72.49444688424556,73.64545580621302,musa-acuminata-rotten-82f5fab8-2653-11ec-8105-d8c4975e38aa_jpg.rf.3a034060ccba3ba2bb4539ff219f1e26.jpg,0
0.1882396449704142,0.21319688424556213,0.0,0.035052237426035505,0.005021251158341821,170.8062534670858,69.32062923495873,0.06424509985207101,69.79839473927515,58.14980699889053,musa-acuminata-rotten-833b1def-2653-11ec-bba8-d8c4975e38aa_jpg.rf.72ac112759ee001fde9acfb6f2d3d78c.jpg,0
0.10173007581360946,0.0908492048816568,0.0009765625,0.17743389423076922,0.026306538263984533,157.14884777181953,86.7107277404493,0.0532082100591716,73.11581800110947,37.984276765902365,musa-acuminata-rotten-833d641f-2653-11ec-9044-d8c4975e38aa_jpg.rf.bc6e33649e058ef58e8c3dde8316d08d.jpg,0
0.19727718195266272,0.18384222448224852,0.0010112333579881656,0.05405764607988166,0.006818469627133681,166.60772813424558,69.66105539556796,0.06877542529585799,69.26281088202663,57.03905672152367,musa-acuminata-rotten-83471737-2653-11ec-87fb-d8c4975e38aa_jpg.rf.881df28cc989048e92562a16cb8cb876.jpg,0
0.1788727348372781,0.11172683986686391,0.0008841068786982248,0.05385539940828402,0.008143843411128771,180.2226966993343,62.494175417014,0.0554271449704142,79.31792021079882,47.31081268491124,musa-acuminata-rotten-83836be7-2653-11ec-a20a-d8c4975e38aa_jpg.rf.6f0cccbc15e953a6442057b7632c12ed.jpg,0
0.14887666420118342,0.09243828587278106,0.0010227903106508876,0.17285734097633135,0.02650572529810449,158.7989379160503,84.1951271075229,0.05536936020710059,71.88686321190828,44.060731786242606,musa-acuminata-rotten-83854db5-2653-11ec-b840-d8c4975e38aa_jpg.rf.9fa9f6b89b149c5a054b8358d42d58be.jpg,0
0.11290564903846154,0.03223234097633136,0.06803578032544379,0.0,0.003958998239923978,218.55794078217457,31.682428305536106,0.03111131656804734,85.62749052329882,22.068197577662723,musa-acuminata-rotten-83d2e007-2653-11ec-9085-d8c4975e38aa_jpg.rf.1c65e7a2dc764ec9cf30a30d5a2190e7.jpg,0
0.16246186205621302,0.024448733357988167,0.0002369175295857988,0.23394161427514792,0.025743725675571733,157.47266780695267,93.4142070222047,0.026222725591715977,68.59225337463018,35.152395756286985,musa-acuminata-rotten-83fcdd8b-2653-11ec-b103-d8c4975e38aa_jpg.rf.92d04535e6dbb535665b6af9a66c807c.jpg,0
0.1648483727810651,0.0238073224852071,0.00030048076923076925,0.019323224852071007,0.0052808356824957485,206.37257303994082,46.437574908944626,0.02257072855029586,86.95536127034023,33.22314742048817,musa-acuminata-rotten-841870da-2653-11ec-9832-d8c4975e38aa_jpg.rf.97982be26af4b2c5b8caae72075988be.jpg,0
0.15876363720414202,0.020184217825443787,0.005836261094674556,0.021963988535502958,0.0056255922760300135,205.09515416974853,47.94190777859556,0.02270941198224852,89.67983774038461,30.970136834319526,musa-acuminata-rotten-8460f4cf-2653-11ec-9f1e-d8c4975e38aa_jpg.rf.876ee94da290a32cc527b52979880588.jpg,0
0.027239737426035502,0.07537444526627218,0.02161150147928994,0.16810743343195267,0.025366116720541298,159.43736131656806,84.37612278032925,0.04336746486686391,77.2253663553994,27.91453055658284,musa-acuminata-rotten-849256c2-2653-11ec-94d1-d8c4975e38aa_jpg.rf.edcf2952bd0f236407eeef07efe651a2.jpg,0
0.10595414201183433,0.11189441568047337,0.19604636649408283,0.011672522189349112,0.00728221159004029,162.38584620007396,66.19715915679413,0.06466115014792899,75.86240292159763,74.71735738720415,musa-acuminata-rotten-84fa54d6-2653-11ec-84a7-d8c4975e38aa_jpg.rf.489032c18828800516f570020b0dc912.jpg,0
0.045609513683431954,0.04895525147928994,0.09160040680473373,0.30046343380177515,0.030331700687412456,122.40814534023669,93.71319968919539,0.04665541789940828,61.38532035872781,41.06187592455621,musa-acuminata-rotten-84fc4bd9-2653-11ec-9d56-d8c4975e38aa_jpg.rf.15ac8a575d87f06a58c8cce76bace1d5.jpg,0
0.05725314349112426,0.06326853735207101,0.11576021634615384,0.018993851701183433,0.010663149493046408,175.31307206915682,61.27520920870016,0.04990292159763313,86.56944572855029,49.13647605399408,musa-acuminata-rotten-84fdaab9-2653-11ec-81b6-d8c4975e38aa_jpg.rf.b5d3edfa21c6ae05ae2a3763cdb1faf7.jpg,0
0.021952431582840236,0.19858889607988164,0.0,0.026280510355029586,0.014518777120609642,183.67839312130178,65.2533419835451,0.0538438424556213,81.63412999260355,31.857525887573964,musa-acuminata-rotten-8563e8c8-2653-11ec-8587-d8c4975e38aa_jpg.rf.80d4aeafbd35fa7fc09f09f6be003241.jpg,0
0.02503235946745562,0.19662421412721892,0.0,0.014856462647928994,0.014629223397444166,187.84696861131656,62.73510837809842,0.05572184726331361,81.82058408838758,29.691544933431953,musa-acuminata-rotten-856a40f0-2653-11ec-a781-d8c4975e38aa_jpg.rf.bb628a53c06bfc5a8ec23def9681d554.jpg,0
0.08096801035502958,0.20561552329881658,1.733542899408284e-05,0.004813470784023668,0.1405980250048348,186.3019253883136,60.60548245037027,0.22493874815088757,72.30750161797337,41.95345437315089,musa-acuminata-rotten-85b5931d-2653-11ec-b1ba-d8c4975e38aa_jpg.rf.649a788d55e8f90d547ab79b4eae247e.jpg,0
0.08109513683431953,0.21339913091715976,1.1556952662721893e-05,0.006523899778106509,0.0102570418575724,178.47455736871302,61.6785798688351,0.05693532729289941,72.29564996301775,46.4786254160503,musa-acuminata-rotten-85bc599e-2653-11ec-8958-d8c4975e38aa_jpg.rf.62577c2f65f1c90ac05e9bab65574545.jpg,0
0.07097124630177515,0.08330251479289941,0.0,0.0,0.005137509992220234,216.10288577107988,35.909472534782786,0.037438748150887574,73.30999214127219,23.052341438609467,musa-acuminata-rotten-85bfd4c8-2653-11ec-a8dd-d8c4975e38aa_jpg.rf.be25fabd447cd60112a129d6cd57cd2f.jpg,0
0.15948016826923078,0.3020814071745562,1.1556952662721893e-05,0.07027782914201183,0.021595417036565593,152.42691960983728,71.47862273564095,0.12961700258875739,59.1673966808432,68.50279100406804,musa-acuminata-rotten-86018c8b-2653-11ec-aaf6-d8c4975e38aa_jpg.rf.efd8b96ec9eb0ca2b3b755194ce29ef2.jpg,0
0.11474898298816567,0.054398576183431954,0.0,0.0,0.011572780954485112,223.46264215051775,33.279648915003214,0.05211029955621302,24.07646079881657,22.775240384615383,musa-acuminata-rotten-865fc826-2653-11ec-95e9-d8c4975e38aa_jpg.rf.1e5dd31c5737c154099ce16c6bac9777.jpg,0
0.1272478272928994,0.11327547152366864,5.778476331360947e-06,0.011724528476331361,0.02092806810161521,196.33887874445267,53.086079953227646,0.059061806582840236,72.41614275147928,40.631333210059175,musa-acuminata-rotten-86617304-2653-11ec-84a1-d8c4975e38aa_jpg.rf.af89a02b016c1b7ebc6b7aa11f4f9ac8.jpg,0
0.22166813054733728,0.20497989090236687,1.733542899408284e-05,0.029551127958579882,0.015031823914996257,170.77425226516272,63.938151420789254,0.08245885724852071,60.391231740014796,72.8559483635355,musa-acuminata-rotten-86636c9d-2653-11ec-b33d-d8c4975e38aa_jpg.rf.5fb7985f7be1fdd7b1392a95114ce902.jpg,0
0.15955528846153846,0.08431374815088757,2.8892381656804732e-05,0.01018745377218935,0.13437305314690873,197.39275725776628,52.727981090130235,0.21306975776627218,78.30979567307692,45.40737680288461,musa-acuminata-rotten-86b999e1-2653-11ec-92e8-d8c4975e38aa_jpg.rf.45f9824c719b9f10a35aedeca8c0e7e1.jpg,0
0.14166512573964496,0.07142196745562131,1.733542899408284e-05,0.20759176220414202,0.028992549102207284,149.83673492973372,88.30952570258992,0.04510100776627219,65.82377380732248,48.40413507766272,musa-acuminata-rotten-86bd8951-2653-11ec-b678-d8c4975e38aa_jpg.rf.26b4c1b79fb4daf7b4e769f62cbc10a6.jpg,0
0.14082146819526628,0.04666119637573964,0.0,0.0,0.005936066937749615,222.25120192307693,32.586761338773805,0.037184495192307696,82.71423700998521,26.34617696005917,musa-acuminata-rotten-86c515a6-2653-11ec-bab0-d8c4975e38aa_jpg.rf.bb969290cd46648113b12fe8cb4c92ec.jpg,0
0.2485496024408284,0.1378860022189349,1.733542899408284e-05,0.03590167344674556,0.006830996317823565,166.57549579326923,59.78105139395021,0.053508690828402365,59.20320012019231,75.91354821560651,musa-acuminata-rotten-8700bb63-2653-11ec-bd2d-d8c4975e38aa_jpg.rf.266a69713f42bc39e65c778a8019f9c9.jpg,0
0.20826784393491124,0.1032787074704142,0.00016179733727810652,0.02845899593195266,0.008904416212607012,177.36559841900888,59.749045743677904,0.052272096893491125,68.44775101701184,63.83382257766272,musa-acuminata-rotten-870d9da7-2653-11ec-9e3e-d8c4975e38aa_jpg.rf.9d830d9db8e67303fdfe117302866f78.jpg,0
0.031232664571005916,0.09641965606508876,0.0,0.4504206730769231,0.04702810173572593,104.14658260909763,101.8996474068285,0.05238188794378698,50.836220645340234,29.759765625,musa-acuminata-rotten-8758ef41-2653-11ec-821b-d8c4975e38aa_jpg.rf.4d4d18eec9fd64e0ebf309c2f42f8d13.jpg,0
0.02867279955621302,0.08508806397928995,0.0,2.8892381656804732e-05,0.01907604763748841,218.6234860392012,40.01000223843683,0.06723835059171597,84.86981670673077,17.763486963757398,musa-acuminata-rotten-87616c45-2653-11ec-a692-d8c4975e38aa_jpg.rf.86fa79f1d6511c7f88dbf6bf6b9a05e1.jpg,0
0.08999976886094675,0.2728827662721893,0.0,0.07685951368343195,0.01880984068929613,157.6119753143491,73.05200858429954,0.10368320081360946,65.27008598372781,58.44184541420118,musa-acuminata-rotten-87650f88-2653-11ec-a92f-d8c4975e38aa_jpg.rf.8f4a84b96e63712867e9aec125cea5b4.jpg,0
0.1416593472633136,0.0771195451183432,0.0,0.021091438609467456,0.13443269159785423,196.43826275887574,53.0267091503617,0.23254322300295857,75.72682830991124,34.2638741216716,musa-acuminata-rotten-87c874fd-2653-11ec-89fd-d8c4975e38aa_jpg.rf.2dbb3a0fb9095a2edbf4ebc245444400.jpg,0
0.13692099667159763,0.11204465606508876,0.0,0.01843911797337278,0.018510572877392197,173.5403915495562,50.19871728981424,0.0727972448224852,80.79137389053254,57.35243504992604,musa-acuminata-rotten-881d4a75-2653-11ec-b73a-d8c4975e38aa_jpg.rf.75db6e286c0e134efa9d2668e28170f4.jpg,0
0.09302191198224852,0.1353145802514793,2.3113905325443786e-05,0.002155371671597633,0.02035584657034041,195.34221292529585,52.15096532936772,0.08096223187869822,77.62635216346153,44.74271334134615,musa-acuminata-rotten-88ba0203-2653-11ec-8caa-d8c4975e38aa_jpg.rf.2cc29de023f1f94d70fc85bfab586655.jpg,0
0.19057414940828402,0.02650587093195266,0.0,0.0,0.0031595288894902813,202.03851354474853,33.446054274365586,0.020594489644970414,44.0557738535503,32.07681328587278,musa-acuminata-rotten-88fcdcab-2653-11ec-a68f-d8c4975e38aa_jpg.rf.a611ed96103611239d49b955f16c465f.jpg,0
0.13156434911242604,0.1101608727810651,0.0,0.020172660872781065,0.010868475211756448,173.70706592085799,52.57092883626956,0.05620723927514793,59.781486917529584,53.48467548076923,musa-acuminata-rotten-893e3e4d-2653-11ec-8347-d8c4975e38aa_jpg.rf.25e6d486ace5635dda42ff54c25aef9f.jpg,0
0.07683062130177515,0.11865523298816567,0.0,0.24958394970414202,0.028166715967983664,132.21827616494082,87.16123827845732,0.05639792899408284,42.85336538461539,43.87142312315089,musa-acuminata-rotten-897b64a0-2653-11ec-89f7-d8c4975e38aa_jpg.rf.e038bc0bf75101832871ca9e4373bb51.jpg,0
0.13313609467455623,0.05755940273668639,0.0,0.0,0.010218216608405502,213.28612125554733,31.78237987542993,0.045337925295857985,49.90143075073964,27.68307368713018,musa-acuminata-rotten-8997109f-2653-11ec-b7f1-d8c4975e38aa_jpg.rf.76f220e02fe43b51df2230ecf54e5a30.jpg,0
0.13675919933431951,0.10869891826923077,0.0,0.15653892381656806,0.024749955989200823,146.29260470599112,76.49188630099489,0.060708672337278106,58.35817885539941,54.04618736131657,musa-acuminata-rotten-89dd83b4-2653-11ec-ba0d-d8c4975e38aa_jpg.rf.b7f47670426339e57ccfb529f5dd4eb1.jpg,0
0.19075906065088757,0.19838664940828402,1.1556952662721893e-05,0.028227856878698224,0.009242657037607904,160.8609583025148,56.68715904357448,0.07387204142011834,52.106924926035504,70.61813517011835,musa-acuminata-rotten-89e793ab-2653-11ec-8e3c-d8c4975e38aa_jpg.rf.d00c47b5e06b86fd762e88a6b60ab9b2.jpg,0
0.08399015347633136,0.13601377588757396,0.0,0.22417598927514792,0.025998439811390533,137.34009800295857,86.56452182368295,0.05423677884615385,45.081996579142015,41.10891272189349,musa-acuminata-rotten-8a0f3d27-2653-11ec-97ee-d8c4975e38aa_jpg.rf.f2a740d856c7d625f9c80ad6e8f8ed8d.jpg,0
0.11352972448224852,0.14358935835798817,0.0,0.0174452200443787,0.012203166517398802,176.68208556767752,55.82587931837051,0.0612865199704142,58.927636140902365,50.19972725591716,musa-acuminata-rotten-8a2d15ab-2653-11ec-b3c7-d8c4975e38aa_jpg.rf.b1402c3aa78b875f7e10ccd628e219be.jpg,0
0.15014792899408283,0.24225106323964496,0.0,0.030932183801775148,0.008569566386883208,161.83805242233728,62.40799039410664,0.0695728550295858,45.53866378513314,68.78346893491124,musa-acuminata-rotten-8a348308-2653-11ec-840d-d8c4975e38aa_jpg.rf.331636de7bfd0d0d639edd293a97fc9f.jpg,0
0.08614552514792899,0.14057299371301776,0.0,0.045736640162721894,0.03979157646597986,180.7384257119083,62.32054137292905,0.0832447300295858,79.20824473002959,40.803052191198226,musa-acuminata-rotten-8a7c6841-2653-11ec-b002-d8c4975e38aa_jpg.rf.b4fca680ec0347a84b946bacfca6f9e8.jpg,0
0.03339381471893491,0.06794332470414201,0.0,0.0,0.019673314400660193,219.30795811760356,36.07509193012177,0.07568070451183433,75.90668338572485,18.32013914571006,musa-acuminata-rotten-8a829f55-2653-11ec-b1ad-d8c4975e38aa_jpg.rf.72711429092c14ded8db48a67890d360.jpg,0
0.09357086723372782,0.046539848372781065,0.0,0.0,0.011877251293523893,217.76898229474853,32.06123795982052,0.049879807692307696,44.79934240939349,20.746457794008876,musa-acuminata-rotten-8acd8914-2653-11ec-b5ae-d8c4975e38aa_jpg.rf.be29ce002314227fa74edd0b28c5088b.jpg,0
0.1596824149408284,0.12406966531065089,0.0,0.03284485946745562,0.01324177600703926,174.62158492048817,56.04283173048899,0.0667760724852071,57.86874191013314,50.86099297337278,musa-acuminata-rotten-8ad12bee-2653-11ec-a2f1-d8c4975e38aa_jpg.rf.60b2c027aa7e3741f2a01b631d96da10.jpg,0
0.07909578402366864,0.1618551220414201,5.778476331360947e-06,0.03431837093195266,0.18091227217766379,182.71268259985206,61.01503450069169,0.26712740384615385,76.80768075073965,38.462301220414204,musa-acuminata-rotten-8b0dd209-2653-11ec-b862-d8c4975e38aa_jpg.rf.ba430c8423f3d000a96899a654b81386.jpg,0
0.1322173169378698,0.3127253605769231,0.0,0.10018722263313609,0.019285582092982756,140.4884314903846,66.65347054488402,0.11966068786982248,55.82713110207101,71.08185789571006,musa-acuminata-rotten-8b0ff00c-2653-11ec-9c9d-d8c4975e38aa_jpg.rf.bfea316d2fa51162c31e8e52183ede53.jpg,0
0.08144762389053255,0.16286635539940827,0.0,0.0495677699704142,0.029728762359177718,173.85620261649407,61.18180519599497,0.08712786612426035,77.2397547614645,43.707314395340234,musa-acuminata-rotten-8b136ca1-2653-11ec-97d6-d8c4975e38aa_jpg.rf.7608acae333e6abbe1b1bff5cb03ad3a.jpg,0
0.01566544933431953,0.13199195636094674,1.733542899408284e-05,0.3975765070266272,0.03182311573617912,109.03757165310651,96.93880890611189,0.050272744082840236,48.471916605029584,27.35151049371302,musa-acuminata-rotten-8b59c5a8-2653-11ec-a2cf-d8c4975e38aa_jpg.rf.ca62b709e008f2ee8549fa145eed9266.jpg,0
0.022957886464497042,0.182825212647929,0.0,0.06265601886094675,0.012734607115025935,168.97015416974853,64.92363137031188,0.0572473650147929,73.85316891642012,35.51193833210059,musa-acuminata-rotten-8b5c8088-2653-11ec-ac51-d8c4975e38aa_jpg.rf.b80f88313536f69ecf801c5114f0978b.jpg,0
0.02599158653846154,0.1875577847633136,0.0,0.040148853550295856,0.013348758655009969,173.95576576368344,63.06572910111006,0.05992279955621302,73.24007835613905,33.25043916420118,musa-acuminata-rotten-8b61a779-2653-11ec-b0e7-d8c4975e38aa_jpg.rf.42acd81bbcc5efcfe5e75cc4cdff62e4.jpg,0
0.03787213387573964,0.19088040865384615,5.778476331360947e-06,0.22671851886094674,0.031046463623102306,136.26902274408283,89.78213987296823,0.06444734652366864,59.95951599482248,40.21957054363905,musa-acuminata-rotten-8ba293ae-2653-11ec-a363-d8c4975e38aa_jpg.rf.a5fc38e65398117ddc63c5e27c8a5dfd.jpg,0
0.041974852071005916,0.20335613905325445,5.778476331360947e-06,0.06301428439349112,0.017240501883029852,167.8682218472633,69.45930835427022,0.06904123520710059,74.23907867973372,42.55877288276627,musa-acuminata-rotten-8ba54516-2653-11ec-8817-d8c4975e38aa_jpg.rf.2cafe908df7a2fe87df9957ad26fd12c.jpg,0
0.0314869175295858,0.16966184356508876,0.0,0.11187708025147929,0.012572652440992529,157.15709365754438,66.57230162522288,0.055635170118343194,77.10268352440828,41.19977348372781,musa-acuminata-rotten-8c08d1d1-2653-11ec-8c69-d8c4975e38aa_jpg.rf.d5c00578680a3f6889d5d3cab306616d.jpg,0
0.14005870931952663,0.15863651072485208,0.0,0.016757581360946745,0.014947726747397888,157.78498289571007,58.755073687065746,0.11429826183431953,50.71547360392012,84.00822855029585,musa-acuminata-rotten-8c4fa42e-2653-11ec-81b3-d8c4975e38aa_jpg.rf.4d3bb5b42de50a13b1a428655be964b5.jpg,0
0.0734328772189349,0.0825628698224852,0.0,0.007500462278106509,0.019775328717138756,174.84671435835799,48.30077027502879,0.07298215606508876,54.97834227071006,45.03885447485207,musa-acuminata-rotten-8c532311-2653-11ec-815b-d8c4975e38aa_jpg.rf.e71472e3c62ac07d6a4037dfc33bd90d.jpg,0
0.1606416420118343,0.09437985392011834,0.0,0.01104844674556213,0.16881306362196843,181.83233750924558,49.73423034858875,0.26271842640532544,37.9618216068787,55.02188308986686,musa-acuminata-rotten-8c948236-2653-11ec-909a-d8c4975e38aa_jpg.rf.76afca4f82033a74a2e8b4c778446e92.jpg,0
0.13393352440828402,0.08780972633136094,0.0,0.22757951183431951,0.024643921698156903,129.12823016826923,79.53329701901214,0.059726331360946745,38.34893329326923,52.669557830991124,musa-acuminata-rotten-8cd030f0-2653-11ec-9acb-d8c4975e38aa_jpg.rf.7a13387dabbe3be84f62ce1fcc74f3bf.jpg,0
0.1361697947485207,0.10147582285502958,1.1556952662721893e-05,0.0185546875,0.1758861531529397,174.90819156804733,49.74957694100238,0.28241147374260356,51.10096153846154,51.07234074519231,musa-acuminata-rotten-8ce22899-2653-11ec-852a-d8c4975e38aa_jpg.rf.4ae4326d985d3aced2e9e2a2a7ab8320.jpg,0
0.1390532544378698,0.09443763868343195,0.0,0.06900078587278106,0.022591187034129573,157.76725453032543,58.47022830656967,0.05767497226331361,48.73497018306213,56.7421875,musa-acuminata-rotten-8ce6b35b-2653-11ec-86d8-d8c4975e38aa_jpg.rf.29968621d92632efc8d92bab415da063.jpg,0
0.14038230399408283,0.09291789940828403,1.1556952662721893e-05,0.028152736686390532,0.014159826290316533,165.34541420118344,49.22640693239157,0.05752473187869823,50.931588618713015,55.93133436575444,musa-acuminata-rotten-8ce99396-2653-11ec-af72-d8c4975e38aa_jpg.rf.85ace3c29ba3547d7631445cbf2d9944.jpg,0
0.09432206915680473,0.13618135170118342,0.0,0.27498613165680474,0.0341661320375639,125.25136949889053,88.38574185916234,0.07718310835798817,55.18510771079882,41.6278198964497,musa-acuminata-rotten-8d7bc104-2653-11ec-b1a0-d8c4975e38aa_jpg.rf.d60450d4bb5b36796b32f58e0e737cf6.jpg,0
0.10740453957100592,0.14354313054733728,1.733542899408284e-05,0.03347471338757396,0.03066195264606056,170.42440597263314,55.75922889209821,0.0861744175295858,76.15047152366864,44.25721731693787,musa-acuminata-rotten-8d92060f-2653-11ec-a70d-d8c4975e38aa_jpg.rf.147dcc770bcdd738af5f00e0de34cf3d.jpg,0
0.15218773113905326,0.045609513683431954,0.0,0.23334643121301776,0.023999271393460034,138.59432206915682,82.93172673562988,0.039258968195266274,54.95779400887574,44.417847401997044,musa-acuminata-rotten-8dd01ba8-2653-11ec-a38a-d8c4975e38aa_jpg.rf.84faa30a66fb0b8971903ee138be89df.jpg,0
0.1662063147189349,0.04959088387573964,5.778476331360947e-06,0.02149015347633136,0.011417804058345816,182.0160872781065,44.126376546673676,0.041084966715976334,71.30882488905326,45.054300342085796,musa-acuminata-rotten-8dea532c-2653-11ec-b653-d8c4975e38aa_jpg.rf.05d36c6f61553d8a7a438e60a75ff233.jpg,0
0.25755246856508873,0.12781989644970415,0.0,0.08544632951183433,0.006575849020532448,135.61507835613907,57.99267552871315,0.04739506286982249,51.31667205991124,97.49800064718934,musa-acuminata-rotten-8e2d0fae-2653-11ec-9920-d8c4975e38aa_jpg.rf.475c21b5ad51e7f387d0a745a886f192.jpg,0
0.034595737795857985,0.20974135539940827,4.044933431952663e-05,0.01214635724852071,0.015640085246915982,188.6155464127219,65.51955089617688,0.0691452477810651,79.04459250184911,32.69701715051775,musa-acuminata-rotten-8e8c6606-2653-11ec-a232-d8c4975e38aa_jpg.rf.113272936053aedb06e13e32ebd4a820.jpg,0
0.26272998335798814,0.0456326275887574,5.778476331360947e-06,0.01991262943786982,0.004662445089485727,172.82676705806213,45.971342999045824,0.02978226701183432,48.454465606508876,63.72719235392012,musa-acuminata-rotten-8f66f4fd-2653-11ec-84f3-d8c4975e38aa_jpg.rf.20b67928181bdb429bddd470fa5f1279.jpg,0
0.1595784023668639,0.08963572485207101,0.0,0.03275240384615385,0.004787151278994013,147.08543477255918,46.155467710326924,0.033665403106508875,59.60740453957101,59.93297545303255,musa-acuminata-rotten-8fbdf7c5-2653-11ec-be6a-d8c4975e38aa_jpg.rf.5ddd68bba46448ce0b09934e081f51fa.jpg,0
0.07251409948224852,0.1323386649408284,5.778476331360947e-06,0.04144901072485207,0.24235586657640132,157.9302248982988,58.40405672081458,0.34611339681952663,81.61076183431953,39.4650459966716,musa-acuminata-rotten-a1da351d-1d0a-11ec-a3a6-d8c4975e38aa_jpg.rf.79b33d9fe244832b4692e48e98a0bbb7.jpg,0
0.09698594674556213,0.26946768676035504,0.0,0.1400471523668639,0.0012316729208780375,123.31579950998521,62.155477590585676,0.006882165310650888,64.29504322300296,57.74054063424556,musa-acuminata-rotten-a1da351e-1d0a-11ec-b578-d8c4975e38aa_jpg.rf.405c7e404f8199ed00a184f5a1c78b5c.jpg,0
0.04337324334319527,0.20378374630177515,2.8892381656804732e-05,0.059720552884615384,0.0023922498012514813,134.20611825073965,59.600957939672604,0.014920025887573964,77.00139261279585,36.57312661797337,musa-acuminata-rotten-a2110692-1d0a-11ec-b941-d8c4975e38aa_jpg.rf.1d60899a22a67da410da4ac0f7b0fa44.jpg,0
0.006523899778106509,0.0920337925295858,0.0,0.27754599667159763,0.01820226003950306,114.13720414201184,80.18695600977539,0.02545996671597633,71.03352094119822,21.71803924741124,musa-acuminata-rotten-a221b5b5-1d0a-11ec-ba13-d8c4975e38aa_jpg.rf.22cc86156d1ef74bcd7c3e438677fde2.jpg,0
0.006130963387573965,0.07618921042899408,1.1556952662721893e-05,0.045517058062130175,0.2494273113538528,160.44266595784023,59.160159582724816,0.34366910133136097,92.71973811945266,19.08211792714497,musa-acuminata-rotten-a24313fc-1d0a-11ec-8b4a-d8c4975e38aa_jpg.rf.1d2cfc6baf137e8c460cedd97a18c461.jpg,0
0.005477995562130178,0.0872838849852071,4.044933431952663e-05,0.0730514977810651,0.006703300665466772,150.4451622596154,57.47018636684315,0.022241355399408285,92.56254044933432,20.605480306952664,musa-acuminata-rotten-a247d84d-1d0a-11ec-bf8e-d8c4975e38aa_jpg.rf.b8702d5c330ab5c8d03903f47be0ec6f.jpg,0
0.0072230954142011835,0.08002034023668639,1.733542899408284e-05,0.0427029400887574,0.24974855402229937,162.37139423076923,60.51164359581607,0.3446398853550296,90.79409555288461,17.834134615384617,musa-acuminata-rotten-a262116e-1d0a-11ec-9d72-d8c4975e38aa_jpg.rf.316c5a8de944fe5aec904a5152ea9447.jpg,0
0.008216993343195266,0.08175966161242604,2.3113905325443786e-05,0.034826876849112426,0.007256720918170096,158.57047429733728,57.46028103911283,0.02458741678994083,91.10129669008876,17.551347540680474,musa-acuminata-rotten-a2693664-1d0a-11ec-aff2-d8c4975e38aa_jpg.rf.ba3471abbdb1ccf088b4a05ce3022611.jpg,0
0.1463341346153846,0.06666050295857988,0.0,0.3425249630177515,0.036109547773740994,132.93180242233728,103.75749273211498,0.03405833949704142,53.82006980399408,41.05019762389053,musa-acuminata-rotten-a2f11298-1d0a-11ec-98ce-d8c4975e38aa_jpg.rf.6ea3a9fc8700cb930edd70d752b0d3a2.jpg,0
0.28824195636094674,0.13766064164201183,2.3113905325443786e-05,0.001513960798816568,0.0041378199600471365,196.2198190181213,51.55861889557524,0.030290772928994084,68.1291258321006,66.6100915310651,musa-acuminata-rotten-a2fcfc21-1d0a-11ec-9483-d8c4975e38aa_jpg.rf.cf9394de30ffa7544d271a33f386015a.jpg,0
0.06389261279585799,0.025067030325443787,0.15066799186390534,0.22793199889053253,0.018473945326655028,122.52506125184911,76.84922834769597,0.028054502588757396,64.08861293454142,47.06283515162722,musa-acuminata-rotten-a3362ff9-1d0a-11ec-b0a4-d8c4975e38aa_jpg.rf.2507839c4924a785c73dbb7537655e0d.jpg,0
0.06073756471893491,0.022848095414201183,0.15027505547337278,0.035566521819526624,0.17236883438263684,165.97413553994082,54.81760570721119,0.29639538646449703,83.19155649038461,43.10715606508876,musa-acuminata-rotten-a346defb-1d0a-11ec-99ce-d8c4975e38aa_jpg.rf.10d83caaf58b1f42906b5e3c4b530438.jpg,0
0.0682842548076923,0.025558200813609468,0.14913669563609466,0.039755917159763315,0.006443487335604565,162.29959666235206,52.309863446740216,0.024402505547337278,82.78363073224853,44.55944318602071,musa-acuminata-rotten-a35eb494-1d0a-11ec-881e-d8c4975e38aa_jpg.rf.7eedb31f4a282e02ae8fd123bd250fdb.jpg,0
0.06169101331360947,0.028308755547337278,0.10244660687869822,0.01080575073964497,0.006662544973332075,198.47092848557693,48.39854380093673,0.023940227440828403,90.62152135724853,33.249947993713015,musa-acuminata-rotten-a5212c20-1d0a-11ec-8718-d8c4975e38aa_jpg.rf.00cc2880ce92d795e577f1fee773d40f.jpg,0
0.16809587647928995,0.027014376849112426,0.06375392936390532,0.016202847633136095,0.13789720551516926,198.11492811575442,50.370341053323585,0.22244244637573965,87.33471246301775,38.67199056952663,musa-acuminata-rotten-a6419104-1d0a-11ec-b39a-d8c4975e38aa_jpg.rf.1b46cffa1552835b9de3b5c907bc6d6c.jpg,0
0.13692099667159763,0.013931906434911243,0.011065782174556213,0.0,0.003778344566660691,222.92832955806213,30.66271791930249,0.023171690088757396,85.27518259985207,22.254316521819526,musa-acuminata-rotten-a6608d22-1d0a-11ec-9de7-d8c4975e38aa_jpg.rf.eac00d41e79b01c5640f6a6d503fa627.jpg,0
0.13012550850591717,0.1082944249260355,0.003467085798816568,0.2536693324704142,0.02770224405396014,128.88866609652368,87.93234585645102,0.06252311390532544,63.05886533838758,47.61392843934911,musa-acuminata-rotten-a796656e-1d0a-11ec-a2b2-d8c4975e38aa_jpg.rf.8bbb4790cb8f484d6e06cd4e2df5b999.jpg,0
0.06594397189349112,0.062476886094674555,0.000762758875739645,0.0,0.009089951781058552,208.6060754900148,41.46219354710336,0.06161589312130177,78.32628744452663,23.475903753698226,musa-acuminata-rotten-a79d8c04-1d0a-11ec-9b78-d8c4975e38aa_jpg.rf.619439cacc643434db8f61725b782484.jpg,0
0.05943162906804734,0.07896287906804733,6.934171597633136e-05,0.4480052699704142,0.04001021324608623,108.24418685281066,105.06305872394827,0.04763775887573964,48.643416004068044,26.73043407914201,musa-acuminata-rotten-a83f9e9c-1d0a-11ec-a690-d8c4975e38aa_jpg.rf.d00fe9b5c938faf811eec6b1e420af97.jpg,0
0.0972113073224852,0.12463595599112426,0.00014446190828402367,0.027488211908284023,0.011428564739614627,193.9177665033284,60.06949113988533,0.06023483727810651,84.04209042159763,36.26266642011834,musa-acuminata-rotten-a8446409-1d0a-11ec-823e-d8c4975e38aa_jpg.rf.9fddd819ea2fded8a95378fe91f4ddc2.jpg,0
0.01994730029585799,0.044898761094674555,0.0,0.0,0.006171458948368511,223.8976631841716,35.901960946830656,0.04775910687869823,84.06046597633136,16.441180889423077,musa-acuminata-rotten-a846c669-1d0a-11ec-96ca-d8c4975e38aa_jpg.rf.2f8d00cf0cacc135758ff0f061bca087.jpg,0
0.07437476886094675,0.055860530695266274,0.10027967825443787,0.004160502958579882,0.1439892069528794,190.52791004068047,53.55943340601142,0.24088734282544377,86.40206638313609,38.469871024408285,musa-acuminata-rotten-a9ea91bf-1d0a-11ec-8793-d8c4975e38aa_jpg.rf.188f23394018a659280d02c18c073bb4.jpg,0
0.11303277551775148,0.03142913276627219,0.07017959504437869,0.0,0.0039501213184988575,218.8383529031065,31.749748483688126,0.03160248705621302,84.29870677699704,22.21467617418639,musa-acuminata-rotten-a9fb40cc-1d0a-11ec-b66b-d8c4975e38aa_jpg.rf.f61d7788f2ffeb1b27035eb9f12a8135.jpg,0
0.15356300850591717,0.018219535872781065,0.004380085059171598,0.02207955806213018,0.005680269965592573,205.2898541512574,47.82004194840389,0.02184264053254438,90.84966138128698,29.88969466531065,musa-acuminata-rotten-aa55d2bd-1d0a-11ec-9f56-d8c4975e38aa_jpg.rf.ef5ca234ba44369c58a94669827efc35.jpg,0
0.036699103180473376,0.07124283468934911,0.023980676775147928,0.29106763128698226,0.03403713203157173,137.7171840329142,98.34380835067672,0.04381818602071006,65.95028198964496,28.15089913091716,musa-acuminata-rotten-aa9fb738-1d0a-11ec-abeb-d8c4975e38aa_jpg.rf.121c9d3301cde488de6505d99e4612e9.jpg,0
0.04244868713017751,0.08839913091715976,0.030308108357988167,0.011915218195266272,0.015363805163866212,194.32510863535504,53.782364491701784,0.048313840606508875,92.29537259615384,32.891971384985204,musa-acuminata-rotten-aaa2193b-1d0a-11ec-ab4b-d8c4975e38aa_jpg.rf.dfdccc873b78d00d7018a4ff0329fd7b.jpg,0
0.0517578125,0.09103989460059171,0.0286901349852071,0.007113304363905325,0.014931481556755328,198.19500624075442,51.54656110811229,0.04655140532544379,91.99892520340237,31.05153823039941,musa-acuminata-rotten-aaa6dc39-1d0a-11ec-8a72-d8c4975e38aa_jpg.rf.e8490e516e7108c61fb377c98964b4b1.jpg,0
0.05152667344674556,0.06266757581360946,0.09936090051775148,0.02106254622781065,0.009301676821819701,177.87698201738166,61.503251931048936,0.05151511649408284,83.9308489737426,46.48082123705621,musa-acuminata-rotten-ab338a80-1d0a-11ec-a310-d8c4975e38aa_jpg.rf.407d51decc0463bc0baca6ce376b77a3.jpg,0
0.07769161427514792,0.03100152551775148,0.08083510539940829,0.0,0.005776637028237065,215.56525055473372,37.07040023069316,0.043355907914201186,84.13921505177515,23.42981462647929,musa-acuminata-rotten-ab35ecc1-1d0a-11ec-ba71-d8c4975e38aa_jpg.rf.30560aed56fd3876d042474bb82ab048.jpg,0
0.07001779770710059,0.08835868158284024,0.13630269970414202,0.028395432692307692,0.006682062963338999,167.86858589127218,66.8724439152824,0.05704511834319527,76.89388983912721,59.30606277736686,musa-acuminata-rotten-ab3ab102-1d0a-11ec-9035-d8c4975e38aa_jpg.rf.a8de9bb2cc1f199076c3ac295e0f29a7.jpg,0
0.10082863350591716,0.07076322115384616,0.0,0.03227856878698225,0.015477478964730033,193.43377288276628,54.10752664205115,0.04825027736686391,87.53361339681953,38.88636048446745,musa-acuminata-rotten-ad4bcfe2-1d0a-11ec-aeb0-d8c4975e38aa_jpg.rf.7e3b168afc00e5e6e069b5b67fe3fe43.jpg,0
0.07058986686390532,0.05189649593195266,0.0,0.44719628328402367,0.03951216631830208,105.17456199149409,100.55440258584531,0.03653730584319527,48.5543927977071,28.417656712278106,musa-acuminata-rotten-ae297b1e-1d0a-11ec-8db6-d8c4975e38aa_jpg.rf.bbed31e6162601b3374775cf903f3178.jpg,0
0.30331800110946744,0.16813632581360946,5.778476331360947e-06,0.04125832100591716,0.008559693988775874,161.86876502403845,59.24207386396883,0.057692307692307696,57.34767358542899,87.80108750924556,musa-acuminata-rotten-ae81a829-1d0a-11ec-9977-d8c4975e38aa_jpg.rf.b178de9307e5b58561fee6f560fbfc2d.jpg,0
0.09139816013313609,0.05219697670118343,4.622781065088757e-05,0.4474332008136095,0.040062036265303795,105.44386210244083,100.96339715036814,0.038189950073964495,46.26910364275148,32.66499861316568,musa-acuminata-rotten-ae840a3e-1d0a-11ec-acdc-d8c4975e38aa_jpg.rf.c122361ed50195f1a75a6a397a53ac35.jpg,0
0.14823525332840237,0.07875485392011834,1.733542899408284e-05,0.2603088017751479,0.025566505061380963,138.50481924926035,93.71957956836364,0.04403198964497041,54.66772027551775,50.78020987426036,musa-acuminata-rotten-aebfb5b9-1d0a-11ec-9f7b-d8c4975e38aa_jpg.rf.d67a6ad5ded3d57d537d4349c444f9e4.jpg,0
0.24637111686390534,0.14495307877218935,6.356323964497041e-05,0.03900471523668639,0.006954290504568426,168.40972864275147,61.90071645321092,0.054883968195266274,56.908636510724854,73.12484398113905,musa-acuminata-rotten-aed064db-1d0a-11ec-bd62-d8c4975e38aa_jpg.rf.5fa5a68758edab50127d59fcb7bade05.jpg,0
0.1616817677514793,0.08296158468934911,2.8892381656804732e-05,0.02207955806213018,0.012296521747543435,189.2863003883136,57.346096055518935,0.04979313054733728,76.37505778476331,52.85047036797337,musa-acuminata-rotten-aedeb164-1d0a-11ec-8719-d8c4975e38aa_jpg.rf.c0c8425bb2a2aab25160b1cec2e9331d.jpg,0
0.22850984652366865,0.11732618343195267,4.622781065088757e-05,0.02881148298816568,0.007424591958311182,175.3550122503698,60.661067271130136,0.0528672799556213,64.1125242696006,68.54916905510355,musa-acuminata-rotten-aeecfc8e-1d0a-11ec-a0ef-d8c4975e38aa_jpg.rf.f08b8f4de2d0c3379620417552dcce08.jpg,0
0.14368181397928995,0.057542067307692304,2.3113905325443786e-05,0.20314233542899407,0.023282981887434197,144.9850395247781,81.94539093888599,0.04318255362426036,66.51567122781066,52.73500485392012,musa-acuminata-rotten-b0a38949-1d0a-11ec-9db7-d8c4975e38aa_jpg.rf.4e787454ef1d7e01c846f8f2c17160c6.jpg,0
0.14337555473372782,0.05658861871301775,8.66771449704142e-05,0.03391965606508876,0.011249637689263558,180.27051359097632,51.459249556582954,0.039969720784023666,82.99551590236686,51.60094420303255,musa-acuminata-rotten-b0bb611f-1d0a-11ec-b860-d8c4975e38aa_jpg.rf.f084731940ffec0b3dcf562ae28c1700.jpg,0
0.1555681397928994,0.025483080621301776,0.0,4.044933431952663e-05,0.007193801997258113,217.42460821930473,33.240930844729334,0.03408145340236687,83.96325466900888,27.987714959319526,musa-acuminata-rotten-b0bdc348-1d0a-11ec-a245-d8c4975e38aa_jpg.rf.7d53d21e3500fd07d399c8cb9b02f494.jpg,0
0.1492811575443787,0.05979567307692308,5.200628698224852e-05,0.027736686390532544,0.011233186919408446,185.03784901997042,49.73318870958444,0.03884869637573964,83.01924810465977,48.62979613535503,musa-acuminata-rotten-b0c02341-1d0a-11ec-93b1-d8c4975e38aa_jpg.rf.ff263458eb03dbb3a71e1dc103630b78.jpg,0
0.17774593195266272,0.06139631102071006,5.200628698224852e-05,0.0794713849852071,0.027154845429451832,174.48397628513314,66.3492498391978,0.04322300295857988,78.32410318047337,59.24494383321006,musa-acuminata-rotten-b1d49d5a-1d0a-11ec-be38-d8c4975e38aa_jpg.rf.e79d70a5508a5f0bc8657130b6ee18e5.jpg,0
0.17570035133136094,0.02054826183431953,0.0,0.0,0.007257985261453184,218.74619776257396,35.00349336847342,0.035710983727810654,80.57261811205622,29.41109236316568,musa-acuminata-rotten-b1dbc3cf-1d0a-11ec-8618-d8c4975e38aa_jpg.rf.154581a97ae151e4e077d935b2be0610.jpg,0
0.06349967640532544,0.14718357063609466,5.778476331360947e-06,0.04460405880177515,0.028011522828234974,183.40421597633136,63.61650996786192,0.0721616124260355,84.20088295118343,41.560581545857985,musa-acuminata-rotten-b2fe2bf1-1d0a-11ec-9487-d8c4975e38aa_jpg.rf.ae3dd4fcfce41e5334bf2fd47a548610.jpg,0
0.062343981139053255,0.14702177329881658,0.0,0.04440181213017751,0.027935846148732287,183.40644646819527,63.61351282193586,0.07167622041420119,84.32407428809172,41.50119614460059,musa-acuminata-rotten-b2ff6464-1d0a-11ec-b7f8-d8c4975e38aa_jpg.rf.274c407ab74aec36406acdf02ea073c4.jpg,0
0.1440400795118343,0.07994522004437869,2.8892381656804732e-05,0.03172961353550296,0.006549377658069062,190.72493296967457,53.16609945717774,0.03133667714497041,78.02903106508876,38.533705852440825,musa-acuminata-rotten-b436913b-1d0a-11ec-b8cf-d8c4975e38aa_jpg.rf.36c921a8ef9a975969fa837dfecbbd59.jpg,0
0.16887597078402367,0.16998543823964496,2.3113905325443786e-05,0.02110299556213018,0.01707071308869115,169.82265856139054,57.417078334922174,0.09388290495562131,69.18567977995562,72.66053762943787,musa-acuminata-rotten-b56c701f-1d0a-11ec-91c4-d8c4975e38aa_jpg.rf.0859060706778986bcae1c509598cbdc.jpg,0
0.11873613165680473,0.12114575628698225,0.0,0.014683108357988165,0.022406985557400283,185.42048816568047,54.61353895075334,0.07796320266272189,80.60232525887574,55.745059402736686,musa-acuminata-rotten-b5701c05-1d0a-11ec-83de-d8c4975e38aa_jpg.rf.ab0a6ded4243d56b796732a8312bb4e7.jpg,0
0.19569965791420119,0.2037317400147929,1.1556952662721893e-05,0.0222240199704142,0.013419598807656152,166.8375959227071,61.09427832523868,0.0995053624260355,61.790917390902365,81.20348326553254,musa-acuminata-rotten-b57a21f9-1d0a-11ec-b668-d8c4975e38aa_jpg.rf.1d162807954e4ba7b39b90fa6967c8cb.jpg,0
0.1802364552514793,0.3490661982248521,0.00017913276627218934,0.020796736316568046,0.015461306017089019,145.48038785133136,67.32384015760158,0.1456580528846154,47.152066383136095,103.37662953032545,musa-acuminata-rotten-b5f7f2dd-1d0a-11ec-a7d0-d8c4975e38aa_jpg.rf.4e98fb24fdbd76b9a05c0b2521e7f8d9.jpg,0
0.16778961723372782,0.08078309911242604,0.0,0.17489714312130178,0.020853253677895468,156.21855353180473,81.6164855637031,0.03589011649408284,31.467103134245562,46.829690967085796,musa-acuminata-rotten-b6c1b831-1d0a-11ec-ab30-d8c4975e38aa_jpg.rf.fc2ae4be54a532fab6737074e8b701c2.jpg,0
0.15647536057692307,0.07366979474852071,5.200628698224852e-05,0.14655949519230768,0.02181169037172964,161.97904724482248,77.07723375396917,0.03426058616863906,34.874081222263314,44.74499006102071,musa-acuminata-rotten-b6d635e6-1d0a-11ec-887f-d8c4975e38aa_jpg.rf.68fbb9a66c336db4e5abbf62862f23b7.jpg,0
0.16849459134615385,0.0808639977810651,0.0,0.0025309726331360946,0.008385994682790837,189.08445243158283,41.40354628102716,0.031718056582840236,42.59181421042899,44.9551705806213,musa-acuminata-rotten-b6d76d34-1d0a-11ec-9dde-d8c4975e38aa_jpg.rf.38f38fea8c218ec9da13e0de2090e551.jpg,0
0.11344882581360946,0.10984305658284024,1.733542899408284e-05,0.011851654955621302,0.16137290769920087,189.62895825628698,51.40073052679556,0.2580378605769231,51.799440643491124,45.42507627588758,musa-acuminata-rotten-b72ddf54-1d0a-11ec-bb5c-d8c4975e38aa_jpg.rf.43c26c5e2a9a060259eff64f0f066820.jpg,0
0.11417113535502958,0.11055380917159763,1.1556952662721893e-05,0.01872804178994083,0.015543798457941361,180.9389330621302,51.58365346553855,0.06067400147928994,52.547487518491124,49.306877542529584,musa-acuminata-rotten-b735844b-1d0a-11ec-bebf-d8c4975e38aa_jpg.rf.9b5aaf00442011c51c68c989538afa31.jpg,0
0.08563124075443787,0.08800041605029586,0.0,0.2557264700443787,0.023303732219209346,133.26611039201183,87.81131021260352,0.043615939349112426,45.74060997596154,40.62172938239645,musa-acuminata-rotten-b782cb58-1d0a-11ec-9e1d-d8c4975e38aa_jpg.rf.acabaae1dc6a0dba5135e1ee0f2f1c3f.jpg,0
0.08380524223372782,0.11211977625739646,0.0,0.17312892936390534,0.03431938267456026,157.2945347170858,83.76166495749085,0.06231508875739645,57.48198271079882,34.44191475591716,musa-acuminata-rotten-b86a7db8-1d0a-11ec-818d-d8c4975e38aa_jpg.rf.50bcb0fad237e1ce6b9fef0a0fd457d9.jpg,0
0.09317793084319527,0.11604336168639054,0.0,0.024679872411242604,0.023229585678275825,185.42837000739644,54.29041138598959,0.06352856878698225,67.56155810835799,36.531284670857985,musa-acuminata-rotten-b86e25a3-1d0a-11ec-87d3-d8c4975e38aa_jpg.rf.7a45c69d166514361123b6ad1ee9772b.jpg,0
0.09432206915680473,0.11815250554733728,0.0,0.015648113905325445,0.02266536484289552,189.87624237241124,52.20583634678069,0.06309518306213018,64.61160549186391,34.38239067122781,musa-acuminata-rotten-b8744192-1d0a-11ec-af8e-d8c4975e38aa_jpg.rf.705ad6f75fe06a5a1e6e371bf36dc433.jpg,0
0.07135840421597633,0.13416466346153846,5.778476331360947e-06,0.24843981139053253,0.03624744804341989,134.86736663276628,88.79554167731747,0.07387204142011834,60.32375069341716,40.77497457470414,musa-acuminata-rotten-b8afd5bd-1d0a-11ec-8233-d8c4975e38aa_jpg.rf.92dc94ff42202e142880de6a60513f25.jpg,0
0.08144184541420119,0.14100060096153846,0.0,0.0522316475591716,0.04434667211430552,173.53621948964496,62.14533611653318,0.0801070173816568,78.95611247226331,42.77340860761834,musa-acuminata-rotten-b8c44970-1d0a-11ec-b93c-d8c4975e38aa_jpg.rf.66f54ebe846e11d7b162a14b9f35fe96.jpg,0
0.040686251849112426,0.08227394600591716,0.0,2.3113905325443786e-05,0.01945698248159109,213.25186644785504,40.11397616967417,0.0766168176775148,78.94224990754438,19.41355399408284,musa-acuminata-rotten-b8cbddc9-1d0a-11ec-abd8-d8c4975e38aa_jpg.rf.ffa1519423e7ac552fd8cccf0ec5c858.jpg,0
0.12090883875739646,0.25940158099112426,0.0,0.0952581823224852,0.014374781483786807,149.8862622503698,71.09138233669906,0.10116378513313609,57.32978920118343,63.98631078957101,musa-acuminata-rotten-b8cf94e4-1d0a-11ec-9521-d8c4975e38aa_jpg.rf.80cca6bca1ddb900a47966f28ac1cb5e.jpg,0
0.09441452477810651,0.34073941383136097,2.3113905325443786e-05,0.04102718195266272,0.009192187209950915,142.52885193232248,69.54861107896754,0.07351955436390532,52.511574288091715,70.35170696190828,musa-acuminata-rotten-b9449f2c-1d0a-11ec-88b9-d8c4975e38aa_jpg.rf.802b2c4f6a9abe6186ffc2f5506fe0be.jpg,0
0.027811806582840236,0.16218449519230768,0.0,0.125,0.17562133313187667,150.54615846893492,67.74265148141372,0.2898714866863905,72.53732317862426,34.989159578402365,musa-acuminata-rotten-b9c50215-1d0a-11ec-aa9b-d8c4975e38aa_jpg.rf.9e4eab55ceefbc108226a93b98fdce5b.jpg,0
0.1497954419378698,0.02424070821005917,0.0,0.12127866124260354,0.018280566535054967,137.633771727071,61.79007283433219,0.04000439164201183,48.78469397189349,49.222269092085796,musa-acuminata-rotten-ba26a5bf-1d0a-11ec-896e-d8c4975e38aa_jpg.rf.59683aa6db3d494a9d35245effcd59c3.jpg,0
0.15538900702662722,0.026112934541420118,1.733542899408284e-05,0.004021819526627219,0.010249128027517568,155.0772986778846,38.84501579394236,0.03830551960059172,54.38963110207101,50.5431709966716,musa-acuminata-rotten-ba27de1d-1d0a-11ec-abfa-d8c4975e38aa_jpg.rf.3d5d87635b7cc8ebbeb83a2d471a802c.jpg,0
0.1552734375,0.026442307692307692,0.0,0.00402759800295858,0.010176802884134556,155.07622388128698,38.8508686931604,0.03834596893491124,54.47491563424556,50.53966346153846,musa-acuminata-rotten-ba291696-1d0a-11ec-ade6-d8c4975e38aa_jpg.rf.a8855f9d7a194af24b7926b01bf39734.jpg,0
0.16529909393491124,0.026528984837278106,0.0,0.004189395340236686,0.007628253181080602,154.80734559911244,38.739304159943444,0.038062823594674555,53.88423978365385,53.25647767196745,musa-acuminata-rotten-ba322ce5-1d0a-11ec-934b-d8c4975e38aa_jpg.rf.96a08d3b89d2914adf5a3704ed6d5d0d.jpg,0
0.08368389423076923,0.0826668823964497,0.0,0.004669008875739645,0.015057197023989886,183.2475499260355,45.688261327196145,0.06388683431952663,43.40854983357988,41.66269300110947,musa-acuminata-rotten-ba77e80c-1d0a-11ec-b095-d8c4975e38aa_jpg.rf.62020ca042c0815cbe63996dce337ead.jpg,0
0.13684009800295857,0.13356370192307693,0.0,0.00829789201183432,0.010258827708087285,174.17232572115384,54.94431441402459,0.08393814718934911,44.517121625369825,67.08837601701184,musa-acuminata-rotten-ba80b8ae-1d0a-11ec-b804-d8c4975e38aa_jpg.rf.8865ef30a77dc26e7e50812010bfed73.jpg,0
0.07072277181952663,0.08542899408284024,0.0,0.0057206915680473374,0.018682558809899923,178.12051012389054,47.33085271393763,0.07013336723372782,57.23019716161242,43.33878051035503,musa-acuminata-rotten-bacba324-1d0a-11ec-88ee-d8c4975e38aa_jpg.rf.c7a36d949653fab5a843bfb218a9c9b0.jpg,0
0.07875485392011834,0.08694873335798817,0.0,0.002819896449704142,0.0188086942672262,183.19934009800295,45.72802681071303,0.06917991863905325,53.22715768306213,41.830043454142015,musa-acuminata-rotten-bad474d4-1d0a-11ec-b2db-d8c4975e38aa_jpg.rf.431ada7eaedbe0c550b68b07c14bec05.jpg,0
0.16746024408284024,0.07755870931952663,5.778476331360947e-06,0.16772605399408283,0.02055504148776848,141.31001525517752,75.42959427323105,0.05145155325443787,39.0453263683432,62.32610831176036,musa-acuminata-rotten-bb0245bf-1d0a-11ec-8ba6-d8c4975e38aa_jpg.rf.acf0c3a013f87e5a8e0e736dbf138cf3.jpg,0
0.11808316383136094,0.05481462647928994,0.0,0.37876178809171596,0.02916279510777729,105.89210428994083,89.58311346908695,0.044320913461538464,29.690579927884617,45.1827096431213,musa-acuminata-rotten-bb16be90-1d0a-11ec-910c-d8c4975e38aa_jpg.rf.a1193ad38839c7e9b701240d9f1e43cc.jpg,0
0.17912120931952663,0.08118759245562131,0.0,0.015700120192307692,0.010923134698811367,172.81122295673077,47.53267923195524,0.04860276442307692,43.52633829511834,60.23386071560651,musa-acuminata-rotten-bb4ad3b8-1d0a-11ec-9f01-d8c4975e38aa_jpg.rf.71bdce40758a6e05e040c73bc02aa552.jpg,0
0.17248751849112426,0.07201137204142012,1.733542899408284e-05,0.052324103180473376,0.013242405926405326,152.09718241494082,49.2862779097145,0.051162629437869825,48.0616332285503,60.88511811205621,musa-acuminata-rotten-bb99c01a-1d0a-11ec-86cb-d8c4975e38aa_jpg.rf.33e3c97165df86a7d4283eb97b94b2e1.jpg,0
0.2664744360207101,0.10950790495562131,0.0,0.08086977625739646,0.009524738716370442,138.66621209319527,51.46477274317639,0.06256356323964497,48.16398737980769,91.32492372411242,musa-acuminata-rotten-bba24a19-1d0a-11ec-824d-d8c4975e38aa_jpg.rf.97db8cd86411627c8e55379ab8d1347a.jpg,0
0.17420372596153846,0.0847702477810651,5.778476331360947e-06,0.03016364644970414,0.1746596911232819,170.51194988905326,51.520604016890566,0.28414501664201186,48.28224967640533,54.614847217085796,musa-acuminata-rotten-bbdf7978-1d0a-11ec-a0b5-d8c4975e38aa_jpg.rf.7a2e02179d350eb2d5ac81914508f63e.jpg,0
0.16681883321005916,0.07338664940828403,5.778476331360947e-06,0.16902621116863906,0.025750910649507137,139.25361732618344,71.70676464449811,0.05542136649408284,44.26071329511834,58.250520062869825,musa-acuminata-rotten-bbe45b7e-1d0a-11ec-8340-d8c4975e38aa_jpg.rf.b44d07d0ad71004c4bd1ca48559f1ea8.jpg,0
0.17621463572485208,0.07550735022189349,0.0,0.043436806582840236,0.01699602019730154,160.75224204881656,50.895597823701266,0.05516711353550296,48.84417760724852,60.40187569341716,musa-acuminata-rotten-bbe71525-1d0a-11ec-8c64-d8c4975e38aa_jpg.rf.c75f0347ebbcd11f7cceaf9fec78ff97.jpg,0
0.17452732063609466,0.04590421597633136,0.0,0.0,0.010450069309647462,206.33557923446745,34.24077357346786,0.050856370192307696,35.77665611131657,39.25927445451183,musa-acuminata-rotten-bbeac012-1d0a-11ec-8428-d8c4975e38aa_jpg.rf.c1e6143e89529c5ac4bf6f552d16003d.jpg,0
0.11198109282544379,0.1270398021449704,1.1556952662721893e-05,0.03790680473372781,0.02627196048250269,164.2641283746302,53.91678392468552,0.07851793639053255,77.80506887943787,43.936887481508876,musa-acuminata-rotten-bc624035-1d0a-11ec-942d-d8c4975e38aa_jpg.rf.80bf8d97ffc04b5c1bb613e35d939998.jpg,0
0.1649523853550296,0.023974898298816567,0.0,0.0,0.00537438112515486,201.8924683339497,34.77073961722965,0.029689811390532544,52.281348234097635,27.77412513868343,musa-acuminata-rotten-bd156b3f-1d0a-11ec-ae50-d8c4975e38aa_jpg.rf.12c2711ff367062124fc032135882bc3.jpg,0
0.15808177699704143,0.06481716900887574,5.778476331360947e-06,0.2269612148668639,0.027747226686305027,142.78197808801775,86.34517169117558,0.04972378883136094,59.16499861316568,50.924793130547336,musa-acuminata-rotten-bdd8fe82-1d0a-11ec-a07d-d8c4975e38aa_jpg.rf.a7d56aa8c138053f10e261136544401c.jpg,0
0.3382604474852071,0.10314002403846154,0.0,0.028042945636094673,0.00534540222104927,164.4013094027367,53.14839865317469,0.03598835059171598,58.08507650702663,97.35249283468934,musa-acuminata-rotten-bdec0d07-1d0a-11ec-aee2-d8c4975e38aa_jpg.rf.f612a471609f816f78f380c3e23b9e89.jpg,0
0.16302237426035504,0.029776488535502958,0.0,0.0,0.007001653784486133,218.9352117233728,33.480490805428865,0.03747341900887574,69.84071052144971,28.514758228550296,musa-acuminata-rotten-bdf50326-1d0a-11ec-a670-d8c4975e38aa_jpg.rf.1c181a8de2f8f4461e6d0b535b6995e4.jpg,0
0.059899685650887574,0.30805635170118345,0.0001849112426035503,0.030175203402366863,0.010493846312497808,163.89302306767752,75.42380806907858,0.07760493713017752,62.903684356508876,49.245261649408285,musa-acuminata-rotten-bf2bc85f-1d0a-11ec-b666-d8c4975e38aa_jpg.rf.bd46be93bef8ccbe52bfcac3b7eee22f.jpg,0
0.04549972263313609,0.25630431767751477,1.733542899408284e-05,0.02337393676035503,0.008106861929794823,177.22030441013314,72.54725492308299,0.05945474297337278,71.00388891457101,40.95532082100592,musa-acuminata-rotten-bf38cac5-1d0a-11ec-b7c2-d8c4975e38aa_jpg.rf.48b35581cf7dfd3c67d6352f50cfb4a8.jpg,0
0.10907451923076923,0.04790356878698225,0.0,0.28241725221893493,0.010704583328739654,103.04016618897928,71.02437316556555,0.02569688424556213,55.26957169933432,38.714300573224854,musa-acuminata-rotten-bf6647d3-1d0a-11ec-a7a2-d8c4975e38aa_jpg.rf.7fd1d33ed144aab37aed989470e8864f.jpg,0
0.15119383321005916,0.06049486871301775,1.733542899408284e-05,0.00909532174556213,0.00782240311233383,179.7855087370562,41.56095069984172,0.032428809171597635,83.07799209504438,48.87720737795858,musa-acuminata-rotten-bfcd3d6d-1d0a-11ec-889b-d8c4975e38aa_jpg.rf.42ad02c6b662abc89c8d6e72afdea01e.jpg,0
0.11660387389053255,0.003582655325443787,0.21937985392011836,0.009072207840236686,0.0037737754870093817,187.83318694526628,50.9386006320503,0.01868181397928994,84.87664686575444,58.43678346893491,musa-acuminata-unripe-567172e1-2653-11ec-bb75-d8c4975e38aa-Copy_jpg.rf.534066d9b075f61ddf64b3a10d6a0f8c.jpg,0
0.07531088202662722,0.002918130547337278,0.13702500924556213,0.014191937869822485,0.005776606816091163,195.5435061482988,47.951797777556536,0.01843911797337278,93.0519427237426,44.693966115014796,musa-acuminata-unripe-567637fb-2653-11ec-8130-d8c4975e38aa_jpg.rf.e25d9833a58af8ffe1e5c63eba1003d2.jpg,0
0.1389665772928994,0.07308039016272189,0.04873566937869823,0.023148576183431954,0.010235227827977231,207.46792945636093,58.05214364914146,0.04336168639053255,85.07119082840237,34.586550018491124,musa-acuminata-unripe-57243495-2653-11ec-a224-d8c4975e38aa-Copy_jpg.rf.9a178ff0b4e7559d130195ffa374976d.jpg,0
0.15703009430473372,0.020109097633136095,0.18088942307692307,0.2121509800295858,0.019729743294428552,120.4708707008136,76.51155838933359,0.023784208579881658,61.174417529585796,58.2823190181213,musa-acuminata-unripe-579439ec-2653-11ec-a83d-d8c4975e38aa-Copy_jpg.rf.78e10dc24c359d4ca858dd6b04135e88.jpg,0
0.16787629437869822,0.020236224112426034,0.17713341346153846,0.013325166420118344,0.004603368598114839,156.81641202847632,50.52356360456688,0.020519369452662722,79.43080852440828,59.70117765347633,musa-acuminata-unripe-57ae72fb-2653-11ec-930f-d8c4975e38aa_jpg.rf.a400374001d11c6f1579fac04299b66a.jpg,0
0.1829985669378698,0.021755963387573966,0.17572924371301776,0.009603827662721894,0.004639813191094095,163.09956314718934,48.764082781307465,0.020952755177514795,79.17800596338758,56.079887435281066,musa-acuminata-unripe-57b7fa3d-2653-11ec-866c-d8c4975e38aa-Copy_jpg.rf.5d7542bbca42cbbed1c1c37ad7fb48fe.jpg,0
0.2754368528106509,0.007956961908284023,0.30996324889053256,0.0021207008136094677,0.001961477670772734,140.77398645525147,49.51873511539098,0.011938332100591717,65.3834019045858,87.22601354474853,musa-acuminata-unripe-57ba5c62-2653-11ec-b9c9-d8c4975e38aa_jpg.rf.21ec6cfaaddf35969ea8ec8b184a95aa.jpg,0
0.04243135170118343,0.015786797337278106,0.13006194526627218,0.26752611871301774,0.017218186008689376,117.1132061298077,79.16748214784401,0.021085660133136095,69.00190111871302,41.56998312684911,musa-acuminata-unripe-59080b9d-2653-11ec-ad5a-d8c4975e38aa-Copy_jpg.rf.be8defeabbc179ff9093c584abb078f4.jpg,0
0.04511256471893491,0.019016965606508875,0.1333903476331361,0.031891410872781065,0.17810250514082449,165.46231855584318,51.99355339219404,0.29879345414201186,89.65251710428994,39.498740292159766,musa-acuminata-unripe-5918b956-2653-11ec-96f0-d8c4975e38aa-Copy_jpg.rf.d7639253a0651f47c8e8918c06d78aca.jpg,0
0.04710036057692308,0.018716484837278106,0.1333036704881657,0.04257581360946745,0.00608428889995137,155.53313378328403,50.940464506685096,0.023096569896449703,89.61384176220415,44.313332100591715,musa-acuminata-unripe-593c79a4-2653-11ec-bcd2-d8c4975e38aa-Copy_jpg.rf.cde668c4ef2de81317e569ed01a2afdf.jpg,0
0.0891041050295858,0.008326784393491124,0.11678300665680473,0.0,0.0036794239910079383,204.3989344489645,34.24563004277456,0.022905880177514795,87.66608496671597,24.063314765162723,musa-acuminata-unripe-5946026a-2653-11ec-bda9-d8c4975e38aa-Copy_jpg.rf.d7fb020956c48d419d7991f91aa94a62.jpg,0
0.06428554918639054,0.027858034393491125,0.1872630824704142,0.059732109837278106,0.004525748610073293,143.9832308616864,55.2153449086221,0.023108126849112426,82.06790287536982,59.20620492788461,musa-acuminata-unripe-59486469-2653-11ec-bf76-d8c4975e38aa_jpg.rf.605b39e296934f8ccda8963117d4b5a8.jpg,0
0.19167205991124261,0.028799926035502958,0.09633297892011834,0.014561760355029586,0.14686196396805223,193.2679652829142,48.600058788585564,0.24698941383136094,85.59105723002959,38.91310327292899,musa-acuminata-unripe-5b015333-2653-11ec-8a1e-d8c4975e38aa-Copy_jpg.rf.756e3374dec2a69f984c43a91bdc8b39.jpg,0
0.19070705436390534,0.028851932322485205,0.0949923724112426,0.07404539571005918,0.022926031098870488,173.26491424741124,63.00672459546553,0.027326414571005916,81.2224713387574,43.28711515347633,musa-acuminata-unripe-5b0618d4-2653-11ec-bfac-d8c4975e38aa_jpg.rf.31ec791baeec78261abd3e065d8dad38.jpg,0
0.17289201183431951,0.02253027921597633,0.1125416050295858,0.21523668639053253,0.017751822787755965,124.82800365199704,77.39713097695382,0.03016364644970414,61.52421759430474,52.84298146264793,musa-acuminata-unripe-5bf46f1c-2653-11ec-a783-d8c4975e38aa-Copy_jpg.rf.bd4dfe67d6fa5e1d00d98873d34bf016.jpg,0
0.17774593195266272,0.01868181397928994,0.12362472263313609,0.22893745377218935,0.017483699048199467,118.62895825628698,75.76455586259709,0.02329881656804734,62.22902990939349,54.23996278661242,musa-acuminata-unripe-5c7c4a03-2653-11ec-a998-d8c4975e38aa-Copy_jpg.rf.b83da02427b290bcea0b570d6cf115a6.jpg,0
0.20055935650887574,0.025095922707100593,0.12019808616863906,0.02135724852071006,0.005215449330459553,160.38858519785504,48.708460827417184,0.025413738905325445,81.70009129992603,53.65356878698225,musa-acuminata-unripe-5cae5735-2653-11ec-8c7e-d8c4975e38aa-Copy_jpg.rf.03215cffb6d90775247cf815981b90e9.jpg,0
0.19761811205621302,0.01842756102071006,0.1057056675295858,0.012539293639053255,0.007264847157129299,185.02974181767752,49.64252725433689,0.024073132396449703,84.22839427699704,47.67711607803255,musa-acuminata-unripe-5d768c4a-2653-11ec-b932-d8c4975e38aa_jpg.rf.790516f9b3aae76b6ee9a63639421ad9.jpg,0
0.07576738165680473,0.055554271449704144,0.09638498520710059,0.004056490384615385,0.14226895585895388,190.91756425665682,53.7192422861003,0.2445220044378698,86.63959643121302,37.793667945636095,musa-acuminata-unripe-601dd2bb-2653-11ec-b64c-d8c4975e38aa-Copy_jpg.rf.29c41b11bdf8bfcbbb05e2f68da15c0d.jpg,0
0.078125,0.05283260909763313,0.10827131102071005,0.006414108727810651,0.006902109721304553,182.32757026627218,55.86110835161571,0.0352891549556213,86.33203125,41.35784370377219,musa-acuminata-unripe-6081ed75-2653-11ec-b5f0-d8c4975e38aa_jpg.rf.247b060ccd217d22773413d96c9f4ce3.jpg,0
0.15025194156804733,0.018629807692307692,0.0047210151627218935,0.025725776627218935,0.005409740639951675,200.9900899130917,49.21020219074956,0.02221246301775148,91.48143953402366,32.426018167529584,musa-acuminata-unripe-60ce322d-2653-11ec-9311-d8c4975e38aa_jpg.rf.e3a4a18aa31e6718b56812408358a9bc.jpg,0
0.15012481508875739,0.0186875924556213,0.004391642011834319,0.02563332100591716,0.005408183907368975,200.9897720968935,49.21081102595553,0.02270363350591716,91.31596130732248,32.424660225591715,musa-acuminata-unripe-60d09471-2653-11ec-a671-d8c4975e38aa-Copy_jpg.rf.921b890017227d732c662786a599327c.jpg,0
0.10905140532544379,0.000433385724852071,0.11812939164201183,0.0,0.003588092856231697,222.78581499630178,32.4144638699988,0.020103319156804734,82.66414917714496,22.35729474852071,musa-acuminata-unripe-62898330-2653-11ec-a53e-d8c4975e38aa-Copy_jpg.rf.87a9ecfb59b562ee157569768800ff6e.jpg,0
0.08007234652366864,0.06386949889053255,0.04757419563609468,0.2447184726331361,0.025648997894187734,138.20134522928993,93.06455748200824,0.04945797892011834,66.22297984467455,38.51359097633136,musa-acuminata-unripe-62cc40ca-2653-11ec-8604-d8c4975e38aa_jpg.rf.b4b281433cee8dd0df4b18363bb1b600.jpg,0
0.04789201183431953,0.03803393121301775,0.019519693047337278,0.0,0.004994446881627724,220.78109398113907,34.34477559289881,0.035745654585798814,88.69346338757397,17.97219975036982,musa-acuminata-unripe-62e8d962-2653-11ec-a4f1-d8c4975e38aa-Copy_jpg.rf.89f47e99b0f41ab5382da1d620a57f80.jpg,0
0.1061043823964497,0.0025367511094674558,0.13741794563609466,0.25223049186390534,0.026831168805886325,145.45919240014794,93.32797583154272,0.028354983357988167,67.74452200443787,43.37116887019231,musa-acuminata-unripe-80478df9-1d0a-11ec-8ef1-d8c4975e38aa_jpg.rf.b697ab2c6ccfd976a0198369ed455980.jpg,0
0.13222309541420119,0.04408399593195266,0.055456037352071004,0.012360160872781065,0.09347359214908732,214.3084839589497,50.27996213151177,0.12115731323964497,87.43756356323965,28.47745816383136,musa-acuminata-unripe-814d3a99-1d0a-11ec-855d-d8c4975e38aa-1-_jpg.rf.14f5e0a153807b387e5869e4ccf6f546.jpg,0
0.1329165125739645,0.04777066383136094,0.060529539571005916,0.022027551775147928,0.020224410388441392,209.43342039571007,52.8535009469439,0.03812060835798817,89.24875184911242,34.49562569341716,musa-acuminata-unripe-8151fd8a-1d0a-11ec-a2b4-d8c4975e38aa-1-_jpg.rf.65a665750632bbea95f12dddea6d10c0.jpg,0
0.1176902274408284,0.020207331730769232,0.10584435096153846,0.06774685650887574,0.015951603538935506,144.04863743528105,54.62349781979271,0.027661566198224852,85.20047267936391,49.73765717455621,musa-acuminata-unripe-81badc84-1d0a-11ec-8aba-d8c4975e38aa-1-_jpg.rf.1166288690f936c3c480bc0c0241d353.jpg,0
0.14209851146449703,0.01984328772189349,0.10929410133136094,0.01513960798816568,0.00677515929039693,159.03187985392012,43.398330451493855,0.02649431397928994,89.44713849852072,45.779106185281066,musa-acuminata-unripe-81c202ee-1d0a-11ec-9951-d8c4975e38aa-1-_jpg.rf.d8c6d2fd147b9bb719f60d5ad312f66d.jpg,0
0.21536959134615385,0.026812130177514795,0.16321306397928995,0.00982918823964497,0.004713419253325028,164.01101377588756,48.690785624702485,0.02386510724852071,80.57486016087279,56.99533099112426,musa-acuminata-unripe-8217d0dd-1d0a-11ec-b150-d8c4975e38aa-1-_jpg.rf.89a094126fd273dcd175888cc3fd75ce.jpg,0
0.12495377218934911,0.021744406434911243,0.11463341346153846,0.1962890625,0.018801894815997963,122.63448247965977,70.58326253481118,0.030256102071005916,71.53850776627219,49.88486963757396,musa-acuminata-unripe-82b2be23-1d0a-11ec-bea0-d8c4975e38aa-1-_jpg.rf.62e4f20bbe4b5dc32387d34a25aae0b2.jpg,0
0.16843680658284024,0.017300758136094673,0.06742326183431953,0.0,0.0052093559269377355,202.9686575443787,30.012733637114245,0.023408607618343194,86.09330505732248,26.965173123150887,musa-acuminata-unripe-82bb12e4-1d0a-11ec-afe4-d8c4975e38aa-1-_jpg.rf.9e2e62c0dd02e75385dab7c027e7a227.jpg,0
0.128137712647929,0.040449334319526624,0.28955367048816566,0.07205759985207101,0.004320700633886886,135.29975845968934,58.45426939117709,0.018161751109467456,63.57308616863905,78.36202154215977,musa-acuminata-unripe-8327fb78-1d0a-11ec-9f01-d8c4975e38aa-1-_jpg.rf.d57a92b54bc20c22348c2c83831a93ca.jpg,0
0.14778453217455623,0.01891873150887574,0.10724852071005918,0.18579534948224852,0.01646812330392691,130.79441914755918,74.60772920595693,0.02490523298816568,68.27775980029585,49.55639792899408,musa-acuminata-unripe-8365f4dc-1d0a-11ec-a9dd-d8c4975e38aa-1-_jpg.rf.683f147d29ca885fce8adfcdac0a1d86.jpg,0
0.1571398853550296,0.012412167159763314,0.017780371671597635,0.0,0.004131644669529404,220.43630963387574,30.17391687911835,0.0212474574704142,83.3287144045858,25.104521079881657,musa-acuminata-unripe-83ced4bd-1d0a-11ec-8d00-d8c4975e38aa-1-_jpg.rf.da9f7659fb8f25de073dca7ec4cd6b75.jpg,0
0.11884014423076923,0.02600314349112426,0.12323178624260354,0.031533145340236685,0.0279207556148624,179.54471384985206,58.89497703629574,0.03197808801775148,85.16965606508876,49.24880385539941,musa-acuminata-unripe-840341d3-1d0a-11ec-8e63-d8c4975e38aa-1-_jpg.rf.3ad68b4d04cd09fb433415bb046c5111.jpg,0
0.10539940828402367,0.01080575073964497,0.07797475961538461,0.0,0.004717819085376093,218.00445520525147,33.99503180996075,0.023217917899408285,84.7734375,23.981688008505916,musa-acuminata-unripe-841b19b8-1d0a-11ec-ace9-d8c4975e38aa-1-_jpg.rf.4b3cbf9c3aa7db647ab6be58fb473396.jpg,0
0.1650679548816568,0.020987426035502958,0.08704696745562131,0.2199172522189349,0.02449765208110661,144.2604648206361,88.54943351526828,0.0295337925295858,66.09117857803254,46.06345344859467,musa-acuminata-unripe-8462abad-1d0a-11ec-a1cb-d8c4975e38aa-1-_jpg.rf.90c7e39ae0756f9c441b25fc70528bb1.jpg,0
0.36152459319526625,0.0068474944526627215,0.25108635355029585,0.0017855491863905326,0.00247733161423471,160.57157220784023,52.122965909296056,0.014486640162721894,62.68287144045858,86.35096153846153,musa-acuminata-unripe-8475be1a-1d0a-11ec-b665-d8c4975e38aa-1-_jpg.rf.1207ac90dfabf79e1ffe3e28d66782b8.jpg,0
0.1696849574704142,0.024084689349112426,0.08221038276627218,0.010227903106508876,0.008308503604914428,192.22707100591717,49.91870199399888,0.029221754807692308,85.46739783653847,43.137729983357985,musa-acuminata-unripe-847f46c9-1d0a-11ec-9fed-d8c4975e38aa-1-_jpg.rf.c1a16c38183d06628d8616621a555bac.jpg,0
0.23090791420118342,0.033578725961538464,0.1270571375739645,0.0208776349852071,0.00661435025688864,175.04417067307693,57.25305026584225,0.031174879807692308,75.32639723557692,61.241026026257394,musa-acuminata-unripe-8481a7ac-1d0a-11ec-859e-d8c4975e38aa-1-_jpg.rf.36f13b950ba5a51ff8c97bb58b1c98b3.jpg,0
0.22576507026627218,0.02650587093195266,0.09010378143491124,0.01092132026627219,0.009381866193157439,187.0527574889053,49.06534474308288,0.03261949889053255,78.91869683801775,51.445503189718934,musa-acuminata-unripe-84cdecbc-1d0a-11ec-bffe-d8c4975e38aa-1-_jpg.rf.70425855c191050765b92103994e1d4b.jpg,0
0.03604035687869823,0.020894970414201183,0.06410641642011834,0.43265185835798814,0.03425295519122414,110.46708002034023,102.04772104696522,0.025136372041420118,53.68984606139053,24.33814487795858,musa-acuminata-unripe-85f7da44-1d0a-11ec-9e39-d8c4975e38aa-1-_jpg.rf.39d2805ce33028b10d085052c77d6aa7.jpg,0
0.055993435650887574,0.03129044933431953,0.10045881102071005,0.018774269600591715,0.006763291601558548,192.86580644415682,50.439000727346134,0.024009569156804734,91.60461931397928,34.20851631841716,musa-acuminata-unripe-85fc9e88-1d0a-11ec-980d-d8c4975e38aa-1-_jpg.rf.fa9c975c564838575e30e287ee861fdd.jpg,0
0.0636672522189349,0.030961076183431954,0.10021033653846154,0.011828541050295857,0.006530416141740539,197.01366031804733,48.16422648402022,0.024674093934911243,91.69608681582841,32.269433015902365,musa-acuminata-unripe-860162de-1d0a-11ec-a102-d8c4975e38aa-1-_jpg.rf.5a9d2c1af18752c9c8e18afc524bde4a.jpg,0
0.17147050665680474,0.024754992603550297,0.08198502218934911,0.015376525517751479,0.14248336884356116,195.57802676590237,50.94340220668276,0.22922059911242604,86.91508529031066,39.492707562869825,musa-acuminata-unripe-864da7fd-1d0a-11ec-9506-d8c4975e38aa-1-_jpg.rf.f91789758bd7bf472d84afa8ebb1d052.jpg,0
0.25947670118343197,0.03583233173076923,0.12775633321005916,0.022923215606508875,0.004034045048998141,175.4950594027367,54.7767050230566,0.026315181213017753,78.67031481139053,62.77149015347633,musa-acuminata-unripe-86500b4b-1d0a-11ec-bbc1-d8c4975e38aa-1-_jpg.rf.8cc32ea61b0a6e49f85b945160c7435b.jpg,0
0.175012712647929,0.02399223372781065,0.08399593195266272,0.02057715421597633,0.008022996006123488,187.30354914016272,51.28674094230151,0.031359791050295856,87.90500184911242,43.60854867788461,musa-acuminata-unripe-8654ce5d-1d0a-11ec-8c46-d8c4975e38aa-1-_jpg.rf.174dfaf925da35bc8fd71f7ad958ffc8.jpg,0
0.09154262204142012,0.052220090606508875,0.08615130362426035,0.0031261556952662723,0.1403961069405603,192.6290738258136,53.256952864128884,0.2354093472633136,89.35865269045858,33.13820959689349,musa-acuminata-unripe-869c5163-1d0a-11ec-91a2-d8c4975e38aa-1-_jpg.rf.548f076829637357c7473756e505ff4c.jpg,0
0.1371636926775148,0.08587393676035503,0.13601955436390534,0.007205759985207101,0.004832070972827556,171.59581869452663,58.87501320752975,0.039218518860946745,81.2559344951923,53.82053208210059,musa-acuminata-unripe-869eb37f-1d0a-11ec-84cf-d8c4975e38aa-1-_jpg.rf.24a900dd47a372e26855f46c9196f799.jpg,0
0.18275587093195267,0.020785179363905327,0.0016121948964497041,0.03155048076923077,0.005475332203324085,199.63110207100593,50.023283777310354,0.02129946375739645,85.67766503328403,39.317145894970416,musa-acuminata-unripe-87301739-1d0a-11ec-852c-d8c4975e38aa-1-_jpg.rf.35706a2b43216eeb34f2da6767c349bf.jpg,0
